movie_title,movie_year,movie_rating,sex_nudity,violence_gore,language,movie_description,movie_genre,genre_1,genre_2,overview,vote_average,run_time
The Eagle ,2011, PG-13 ,2,8,4,"A failed invasion of Northern Britain in 120 AD left 5,000 Roman soldiers missing and assumed dead. Also lost was a gilded eagle, a symbol of Rome's dominance, and the loss for many Romans was interpreted as the beginning of the end of Rome. The son (Channing Tatum) of the commander of the ill-fated incursion becomes determined to find the eagle, bring it back and clear his family's name. Also with Jamie Bell, Mark Strong, Tahar Rahim and Donald Sutherland. Directed by Kevin MacDonald. [1:54]",Action,Action,Adventure,"The son of Torren learns of his heritage, goes to avenge the deaths of his fellow villagers, and rescue his sister/love interest from the evil Dakkar and his spider cult.",4.1,98.0
Eagle Eye ,2008, PG-13 ,2,6,5,"A young man (Shia LaBeouf) whose life is in a constant state of flux learns that his twin brother has died. After attending his funeral he receives a phone call that sets in motion a series of events that may end in his death. At the same time, a woman (Michelle Monaghan) also receives a call that instructs her to take action or her young son will be killed. The two become unwitting partners in a race for their lives. Also with Rosario Dawson, Anthony Azizi, Billy Bob Thornton, Anthony Mackie, Michael Chiklis, Cameron Boyce and Lynn Cohen. Directed by D.J. Caruso. [1:58]",Mystery,Mystery,Thriller,"Jerry Shaw and Rachel Holloman are two strangers whose lives are suddenly thrown into turmoil by a mysterious woman they have never met. Threatening their lives and family, the unseen caller uses everyday technology to control their actions and push them into increasing danger. As events escalate, Jerry and Rachel become the country's most-wanted fugitives and must figure out what is happening to them.",6.433,118.0
Eagle vs. Shark ,2007, R ,6,5,6,"Lonely Lily (Loren Horsley) has few social skills and no friends at her job in a Meaty Boy restaurant in New Zealand. But she has a devoted cartoonist brother (Joel Tobeck), and she's infatuated with another lonely soul, who is impressed with her video-game fighting skills. Also with Craig Hall, Jackie van Beek, Jermaine Clement, and Rachel House. Directed by Taika Waititi Cohen. [1:27]",Comedy,Comedy,Romance,"Love blossoms for Lily over double Meaty Boy burgers at mid-day when uber-computer nerd Jarrod comes in and leaves with free extra large fries.  After gatecrashing Jarrod's party and proving her skills on the game console, Lily goes down to Jarrod's home town with him so he can settle an old score with a past school bully.",6.556,87.0
Early Man ,2018, PG ,2,3,1,"Stop-motion animation comedy about a resourceful cave man (voiced by Eddie Redmayne) who leads his tribe to defend their land from being taken over by another tribe that wants to set up a precious metal mine. Also with the voices of Tom Hiddleston, Maisie Williams, Timothy Spall, Richard Ayoade, Mark Williams, Miriam Margolyes, Nick Park and Rob Brydon. Directed by Nick Park. [1:29]",Family,Family,Comedy,"Dug, along with his sidekick Hognob, unite a cavemen tribe to save their hidden valley from being spoiled and, all together as a team, to face the menace of a mysterious and mighty enemy, on the turf of an ancient and sacred sport.",6.2,89.0
Earth ,2009, G ,0,4,0,"A documentary look at three animal families across the globe and the difficulties they face in trying to survive: we follow polar bears, elephants and humpback whales. Narrated by James Earl Jones. Directed by Alastair Fothergill. [1:39]",Science Fiction,Science Fiction,Horror,"When a drug to replicate plant cells creates a sentient form of flower, the planet is over taken by flora and humankind is depleted. A Chinese task force, a widowed father and his young daughter fight to survive in a mission to inject an antidote to the core of the plants to reverse their growth.",6.8,89.0
Earth to Echo ,2014, PG ,1,3,4,"The lives of three boys (Brian ""Astro"" Bradley, Reese Hartwig and Teo Halm) implode when a highway development begins to demolish their Nevada homes. They pack up for separate lives elsewhere, but just before moving they begin receiving cryptic distress signals on their cell phones and convinced that the highway construction is a government cover-up, the boys ask their friend (Ella Wahlestedt) to join them as they hunt down the origin of the signals. Also with Jason Gray-Stanford and Cassius Willis. Directed by Dave Green. [1:29]",Family,Family,Adventure,"After a construction project begins digging in their neighbourhood, best friends Tuck, Munch and Alex inexplicably begin to receive strange, encoded messages on their cell phones. Convinced something bigger is going on, they go to their parents and the authorities. The three embark on a secret adventure to crack the code and follow it to its source, and discover a mysterious being from another world who desperately needs their help. The journey that follows will change all their lives forever.",5.9,89.0
The East ,2013, PG-13 ,6,6,4,"When a young woman (Brit Marling) goes undercover for an elite private intelligence firm, she is tasked with infiltrating an anarchist group that attacks major corporations for environmental violations. With Alexander Skarsgård, Ellen Page, Toby Kebbell and Aldis Hodge. Directed by Zal Batmanglij. [1:56]",War,War,Drama,A young Dutch soldier deployed to suppress post-WWII independence efforts in the Netherlands’ colony of Indonesia finds himself torn between duty and conscience when he joins an increasingly ruthless commander’s elite squad.,6.059,137.0
Eastern Promises ,2007, R ,8,9,7,"Crime thriller taking place in modern London: A midwife (Naomi Watts) helps deliver a baby by a 14-year-old Russian girl who dies, and she soon discovers through the girl's diary that she was forced into sexual slavery by a Russian organized crime family. While she tries to find out more about the girl, she meets the Russian-born (Viggo Mortensen) driver for the crime family, who repels and attracts her at the same time. Also with Vincent Cassel, Armin Mueller-Stahl and Sinead Cusack. Directed by David Cronenberg. [1:40]",Thriller,Thriller,Crime,"A Russian teenager, living in London, dies during childbirth but leaves clues to a midwife in her journal, that could tie her child to a rape involving a violent Russian mob family.",7.369,101.0
East is East ,1999, R ,7,4,7,"An abusive Pakistani man (Om Puri) marries an English woman and struggles to let go of his homeland's traditions and accept his Anglicized children. Also with Linda Bassett, Jordan Routledge, Archie Panjabi, Emil Marwa, Chris Bisson, Jimi Mistry, Raji James and Ian Aspinall. [1:36]",History,History,Drama,"A royal official accompanies a Portuguese warship to the Black Cliffs to see the site of the defeat of the evil Invincible Asia, who attained supernatural abilities by following the sacred scroll and castrating himself.",5.757,93.0
Easy A ,2010, PG-13 ,7,2,4,"After a teenage girl (Emma Stone) is overheard telling her best friend (Alyson Machalka) about a made-up sexual tryst, her high school's rumor mill goes out of control, and she happily embraces her new status as a modern-day wearer of ""The Scarlet Letter."" Also with Penn Badgley, Amanda Bynes, Dan Byrd, Thomas Haden Church, Patricia Clarkson, Cam Gigandet, Malcolm McDowell, Stanley Tucci, Fred Armisen and Lisa Kudrow. Directed by Will Gluck. [1:32]",Comedy,,,,,
Easy Virtue ,2009, PG-13 ,5,4,3,"Noel Coward 1920s-era comedy about an Englishman (Ben Barnes) who brings his vivacious and glamorous new American bride (Jessica Biel) home to his staid family, turning the household upside down. Also with Colin Firth, Kristin Scott Thomas, Katherine Parkinson and Kimberley Nixon. Directed by Stephan Elliot. [1:37]",Drama,Drama,Horror,"Jang is attacked in her home by a masked man two nights in a row. Her husband is reluctant to call the police, but they both begin to suspect the odd young man living next door",7.5,109.0
Eat Pray Love ,2010, PG-13 ,5,2,5,"A successful writer (Julia Roberts) loses her way when she discovers that she is not happy in her marriage, but doesn't know what to do about it. She ventures into a relationship with a younger man, and then a trip to Italy, India and Bali before finding her answers. Based on the memoir by Elizabeth Gilbert. Also with James Franco, Richard Jenkins, Viola Davis, Billy Crudup, Javier Bardem, Hadi Subiyanto, Mike O'Malley, Tuva Novotny, Luca Argentero and Giuseppe Gandini. Directed by Ryan Murphy. [2:13]",Drama,Drama,Romance,"Liz Gilbert had everything a modern woman is supposed to dream of having – a husband, a house and a successful career – yet like so many others, she found herself lost, confused and searching for what she really wanted in life. Newly divorced and at a crossroads, Gilbert steps out of her comfort zone, risking everything to change her life, embarking on a journey around the world that becomes a quest for self-discovery. In her travels, she discovers the true pleasure of nourishment by eating in Italy, the power of prayer in India and, finally and unexpectedly, the inner peace and balance of true love in Bali.",6.229,133.0
Ed ,1996, PG ,2,2,4,Matt LeBlanc is a minor league pitcher with an odd roommate -- a chimp.,,,,,,
Eddie ,1996, PG-13 ,2,2,5,Whoopi Goldberg is a basketball fan who gets the chance to coach her favorite team.,Comedy,,,,,
Eddie the Eagle ,2016, PG-13 ,3,4,3,"Inspired by actual events: A boy (Tom Costello Jr.) in a knee brace is determined to become an Olympic athlete, against his father's (Keith Allen) objections. As an adult (Taron Egerton) he plans to represent Great Britain in the ski jump at the 1988 Winter Olympics, but must train without financial support or the approval of the British Olympic Committee. Also with Hugh Jackman, Iris Berben, Christopher Walken and Jo Hartley. Directed by Dexter Fletcher. Some lines of dialogue are in Finnish, German and Norwegian with English subtitles. [1:45]",Comedy,Comedy,Drama,"The feel-good story of Michael 'Eddie' Edwards, an unlikely but courageous British ski-jumper who never stopped believing in himself—even as an entire nation was counting him out. With the help of a rebellious and charismatic coach, Eddie takes on the establishment and wins the hearts of sports fans around the world by making an improbable and historic showing at the 1988 Calgary Winter Olympics.",7.179,106.0
The Edge ,1997, R ,1,6,6,Alec Baldwin and Anthony Hopkins battle it out in the wilderness after a plane crash.,Adventure,Adventure,Fantasy,Contemporary Moscow. A talented gambler gathers a team of people with supernatural powers to win big at a casino. But they find a much stronger mystical rival.,5.426,101.0
Edge of Darkness ,2010, R ,1,8,9,"In this adaptation of a British television series, Mel Gibson stars as a Boston homicide detective whose daughter (Bojana Novakovic), a nuclear engineering intern, is murdered in connection with a secret project that may threaten national security. While searching for her assassin, he uncovers startling facts in Washington, D.C. that unravel dozens of clandestine operations. Also with Ray Winstone, Danny Huston, Shawn Roberts and Gbenga Akinnagbe. Directed by Martin Campbell. [1:55]",Crime,Crime,Drama,"As a seasoned homicide detective, Thomas Craven has seen the bleakest side of humanity. But nothing prepares him for the toughest investigation of his life: the search for his only daughter Emma's killer. Now, he is on a personal mission to uncover the disturbing secrets surrounding her murder, including corporate corruption, government collusion and Emma's own mysterious life.",6.336,117.0
The Edge of Seventeen ,2016, R ,5,3,6,"A teenage girl (Hailee Steinfeld) struggles with being a teenager, having no friends, the death of her father and her brother's apparent perpetual success. Also with Haley Lu Richardson, Blake Jenner, Kyra Sedgwick, Woody Harrelson, Hayden Szeto, Alexander Calvert and Eric Keenleyside. Directed by Kelly Fremon Craig. [1:44]",Comedy,Comedy,Drama,"Two high school girls are best friends until one dates the other's older brother, who is totally his sister's nemesis.",7.177,105.0
Edge of Tomorrow ,2014, PG-13 ,2,6,5,"As multi-legged aliens take over Europe, a military hero (Emily Blunt) scores a major victory against them, while a US Army PR rep (Tom Cruise) has a mission but he dies in battle. However, alien blood spilled on him triggers a time loop and he reawakens repeatedly on the morning before his death. Also with Bill Paxton and Brendan Gleeson. Directed by Doug Liman. [1:53]",Action,Action,Science Fiction,"Major Bill Cage is an officer who has never seen a day of combat when he is unceremoniously demoted and dropped into combat. Cage is killed within minutes, managing to take an alpha alien down with him. He awakens back at the beginning of the same day and is forced to fight and die again... and again - as physical contact with the alien has thrown him into a time loop.",7.599,114.0
EDtv ,1999, PG-13 ,4,2,5,"Matthew McConaughey becomes the willing subject of a 24-hour all live TV show, with unpredictable results. Also with Woody Harrelson, Jenna Elfman, Elizabeth Hurley, Dennis Hopper, Sally Kirkland, Viveka Davis, Ellen DeGeneres, Rob Reiner and Martin Landau. [2:03]",Comedy,,,,,
An Education ,2009, PG-13 ,6,1,4,"Set in London in 1961, this coming-of-age story involves a sixteen-year-old schoolgirl (Carey Mulligan) who is seduced by a charming thirtyish playboy (Peter Sarsgaard) and learns more than she bargains for about love, life and herself. Based on the memoir of Lynn Barber. Also with Emma Thompson, Alfred Molina, Olivia Williams, Dominic Cooper and Rosamund Pike. Directed by Lone Scherfig. [1:40]",Drama,Drama,Romance,"Despite her sheltered upbringing, Jenny is a teen with a bright future; she's smart, pretty, and has aspirations of attending Oxford University. When David, a charming but much older suitor, motors into her life in a shiny automobile, Jenny gets a taste of adult life that she won't soon forget.",6.933,100.0
Edward II ,1992, R ,9,7,2,"Derek Jarman's adaptation of Christopher Marlowe's ""Edward II,"" is a tragic love story about an English king and his male lover.",Documentary,Documentary,History,"His opponents accused him of being homosexual. The male favorites he gathered around him during his short life gave those malevolent enemies solid arguments to do so. He would not have failed if he had proved himself to be an energetic king. But Edward II of England (1284-1327) never was a king like Edward I Longshanks, his father, or Edward III, his son, were. And his end is shrouded in myth and mystery.",6.5,53.0
Ed Wood ,1994, R ,2,1,5,"Johnny Depp stars as Edward D. Wood, Jr. -- the worst director of all time (""Glen or Glenda?"" and ""Plan 9 from Outer Space"").",Comedy,Comedy,Drama,"The mostly true story of the legendary ""worst director of all time"", who, with the help of his strange friends, filmed countless B-movies without ever becoming famous or successful.",7.505,127.0
Effie Gray ,2015, PG-13 ,5,3,1,"A loveless marriage between a Victorian era art historian (Greg Wise) and his teenage bride (Dakota Fanning) leads her to seek a different resolution. Also with Emma Thompson, Russell Tovey, Claudia Cardinale, Derek Jacobi, Julie Walters, Robbie Coltrane, James Fox, Tom Sturridge and David Suchet. Directed by Richard Laxton. [1:48]",Drama,,,,,
Eight Below ,2006, PG ,2,4,1,"Paul Walker stars as a guide in the frozen wilderness of Antarctica. When a scientist (Bruce Greenwood) arrives searching for a meteorite that just may have come from Mercury, he takes him, against his better judgment, to an extremely isolated and unmapped region. Then a severe storm forces him to leave behind his team of beloved sled dogs. Inspired by a true story. Also with Jason Biggs and Moon Bloodgood. Directed by Frank Marshall. [1:52]",Adventure,Adventure,Drama,"In the Antarctic, after an expedition with Dr. Davis McClaren, the sled dog trainer Jerry Shepherd has to leave the polar base with his colleagues due to the proximity of a heavy snow storm. He ties his dogs to be rescued after, but the mission is called-off and the dogs are left alone at their own fortune. For six months, Jerry tries to find a sponsor for a rescue mission.",7.0,120.0
8 Crazy Nights ,2002, PG-13 ,4,4,4,"The main character in this animated feature is a cartoon Adam Sandler, with the real Sandler lending his voice to three different characters. The cartoon Sandler is Davey Stone, a 33-year old party animal who finds himself in trouble with the law after his wild ways go too far. In keeping with the holiday spirit, the judge gives him a last chance at redemption: he has to spend the holiday period performing community service as the assistant referee for the youth basketball league. He thinks he's gotten off easy until he meets the eccentric, good-natured head referee. Also with the voices of Jackie Titone, Jon Lovitz, Kevin Nealon and Rob Schneider. [1:11]",Animation,Animation,Comedy,"Davey Stone, a 33-year old party animal, finds himself in trouble with the law after his wild ways go too far.",5.169,76.0
Eight Legged Freaks ,2002, PG-13 ,3,5,4,"A man (David Arquette) returns home to Prosperity, Arizona, after having been away for 10 years, hoping he'll strike it rich digging in his late father's mine. Unfortunately some gigantic, toxically charged and hungry spiders got to it first and don't really feel like sharing. Also with Kari Wuhrer, Scarlett Johansson, Matt Czuchry and Doug E. Doug. [1:38]",Action,Action,Comedy,"The residents of a rural mining town discover that an unfortunate chemical spill has caused hundreds of little spiders to mutate overnight to the size of SUVs. It's then up to mining engineer Chris McCormack and Sheriff Sam Parker to mobilize an eclectic group of townspeople, including the Sheriff's young son, Mike, her daughter, Ashley, and paranoid radio announcer Harlan, into battle against the bloodthirsty eight-legged beasts.",5.721,99.0
8 Mile ,2002, R ,6,5,10,"Rap artist Marshall ""Eminem"" Mathers makes his acting debut in this autobiographical drama set against the 1995 hip-hop scene in Detroit. He stars as a trailer park kid whose ambition is to become a great rap artist, while dealing with his unemployed mother (Kim Basinger), an ex-girlfriend who may or may not be pregnant (Taryn Manning), and a current one who wants to escape their surroundings as much as he does. Also with Mekhi Phifer and Eugene Byrd. [1:58]",Drama,Drama,Music,"For Jimmy Smith, Jr., life is a daily fight just to keep hope alive. Feeding his dreams in Detroit's vibrant music scene, Jimmy wages an extraordinary personal struggle to find his own voice - and earn a place in a world where rhymes rule, legends are born and every moment… is another chance.",7.123,111.0
8MM ,1999, R ,9,9,10,"Private investigator Nicolas Cage plunges into the world of sadomasochistic pornography when a client asks him to investigate a violent film she found in her dead husband's safe. Joaquin Phoenix, James Gandolfini, Peter Stormare, Christopher Bauer, Anthony Heald, Catherine Keener and Myra Carter co-star. [2:03]",Thriller,Thriller,Crime,"A small, seemingly innocuous plastic reel of film leads surveillance specialist Tom Welles down an increasingly dark and frightening path. With the help of the streetwise Max, he relentlessly follows a bizarre trail of evidence to determine the fate of a complete stranger. As his work turns into obsession, he drifts farther and farther away from his wife, family and simple life as a small-town PI.",6.391,123.0
8 Seconds ,1994, PG-13 ,2,4,3,"Luke Perry stars as Lane Frost, the world-champion bull rider who was killed by an angry bull at the pinnacle of his career.",Drama,Drama,Romance,"This film chronicles the life of Lane Frost, 1987 PRCA Bull Riding World Champion, his marriage and his friendships with Tuff Hedeman (three-time World Champion) and Cody Lambert.",7.307,105.0
88 Minutes ,2008, R ,6,8,5,"A successful forensic psychiatrist (Al Pacino) who is responsible for providing the evidence that convicts a man accused of serial rape and murder, begins to receive threatening phone calls warning him that he has 88 minutes to live. He becomes suspicious of everyone as he races to save his own life. Also with Alicia Witt, Leelee Sobieski, Neal McDonough, Benjamin McKenzie and Amy Brenneman. Directed by Jon Avnet. [1:48]",Crime,Crime,Mystery,"A college professor who moonlights as a forensic psychiatrist for the FBI, receives a death threat claiming he has only 88 minutes to live.",5.752,108.0
El Cantante ,2007, R ,7,3,10,"Biopic of Hector Lavoe (Marc Antony) who left Puerto Rico against his father's wishes and became the King of Salsa in the 1970s. Although he becomes an international star with the support of his wife Puchi (Jennifer Lopez), his success does not help him escape personal tragedy, as well as drugs, alcohol, and reckless living. Also with Vincent Laresca, John Ortiz, Manny Perez, Federico Castelluccio and Romi Dias. Directed by Leon Ichaso. [1:56]",History,History,Drama,"The rise and fall of salsa singer, Héctor Lavoe (1946-1993), as told from the perspective of his wife Puchi, who looks back from 2002.",7.099,116.0
Election ,1999, R ,7,2,6,"An over-achieving student (Reese Witherspoon) runs for student body president and a popular teacher (Matthew Broderick) resorts to drastic measures to keep her from winning in this black comedy. Also with Chris Klein, Jessica Campbell, Mark Harelik, Phil Reeves, Molly Hagan, Delaney Driscoll, Colleen Camp, Frankie Ingrassia, Matt Malloy, Jeanine Jackson and Holmes Osborne. [1:43]",Crime,Crime,Drama,"After losing an election to become chairman of the Wo Lin Shing triad, a gang leader lashes out and tries to seize the dragon-head baton, the official symbol of a chairman's authority.",7.033,101.0
Elektra ,2005, PG-13 ,3,6,3,"From her appearance in ""Daredevil,"" Elektra (Jennifer Garner) is revived so she can star in her own film, and she is now stronger than ever. She has become a hired killer and is very good at it, until she is assigned to kill a man and his 13-year-old daughter. She instead befriends them, and she decides to protect them against her fellow assassins who are now trying to finish her job. Also with Goran Visnjic, Terence Stamp, Jason Isaacs and Will Yun Lee. Directed by Rob Bowman. [1:37]",Action,Action,Fantasy,"Elektra the warrior survives a near-death experience, becomes an assassin-for-hire, and tries to protect her two latest targets, a single father and his young daughter, from a group of supernatural assassins.",5.017,97.0
The 11th Hour ,2007, PG ,2,3,1,"Documentary evaluating the enormous and damaging impact of humankind on Earth and arguing that the ultimate destruction of civilization is imminent, unless drastic action is taken immediately. With Leonardo DiCaprio, Mikhail Gorbachev, Paul Hawken, Stephen Hawking and William McDonough. Directed by Leila Conners Peterson & Nadia Conners. [1:35]",Documentary,,,,,
Elf ,2003, PG ,3,3,3,"A baby crawls into Santa's gift sack and is transported to the North Pole where he is raised as an elf -- believing he is an elf himself, only much taller. The truth is eventually revealed and the now grown man (played by Will Ferrell) travels to New York to find his real family. But when he does he realizes that his father (James Caan) is Scrooge-like, and it's now up to him to use his elfin ways to remind him of the true meaning of Christmas. Also with Edward Asner, Mary Steenburgen and Bob Newhart. Directed by Jon Favreau. [1:35]",Comedy,Comedy,Family,"When young Buddy falls into Santa's gift sack on Christmas Eve, he's transported back to the North Pole and raised as a toy-making elf by Santa's helpers. But as he grows into adulthood, he can't shake the nagging feeling that he doesn't belong. Buddy vows to visit Manhattan and find his real dad, a workaholic publisher.",6.651,97.0
Elizabeth ,1998, R ,6,7,2,"Cate Blanchett is Elizabeth, the Protestant Queen of England, who must defend her life and throne against religious and political enemies. Geoffrey Rush, Joseph Fiennes, Kathy Burke, Richard Attenborough, Fanny Ardant, Christopher Eccleston and Vincent Cassel co-star. [2:04]",Documentary,,,,,
Elizabeth: The Golden Age ,2007, PG-13 ,5,7,3,"Cate Blanchett reprises her role as Elizabeth I: It is 1585, just before the attack against England by the Spanish Armada, led by King Philip II, who's determined to restore England to Catholicism after the beheading of Mary Queen of Scots. Treason and plotting are the coins of the realm, while the decisive Queen must manage to save both her throne and her new empire. Also with Geoffrey Rush, Clive Owen, Abbie Cornish and Jordi Molla. Directed by Shekhar Kapur. [1:54]",Drama,Drama,History,"When Queen Elizabeth's reign is threatened by ruthless familial betrayal and Spain's invading army, she and her shrewd adviser must act to safeguard the lives of her people.",6.7,114.0
Elizabethtown ,2005, PG-13 ,4,3,5,"Orlando Bloom stars as a man who is contemplating suicide after being fired by his company for losing millions of dollars and also then being promptly dumped by his girlfriend (Jessica Biel). While trying to figure out how to go about it, he learns that his father has died and that he has to travel to his family's small Kentucky hometown. That's when he meets a talkative flight attendant (Kirsten Dunst) with whom he falls in love. Also with Susan Sarandon and Judy Greer. Directed by Cameron Crowe. [2:03]",Comedy,Comedy,Drama,"Drew Baylor is fired after causing his shoe company to lose hundreds of millions of dollars. To make matters worse, he's also dumped by his girlfriend. On the verge of ending it all, Drew gets a new lease on life when he returns to his family's small Kentucky hometown after his father dies. Along the way, he meets a flight attendant with whom he falls in love.",6.191,123.0
Ella Enchanted ,2004, PG ,3,4,1,"A new take on the classic fairy tale of Cinderella: Ella's father marries an unpleasant woman whose two abusive daughters do their utmost to make Ella (Anne Hathaway) miserable. In this version Ella is given the ""gift"" of obedience at birth by a fairy, and she has no choice but to obey any command, by anybody. As Ella gets older it becomes more difficult to keep the spell a secret from people who wish to take advantage of her inability to say no. Also with Hugh Dancy, Joanna Lumley, Cary Elwes, Minnie Driver and Steve Coogan. Directed by Tommy O'Haver. [1:36]",Family,Family,Fantasy,"Ella lives in a magical world in which each child, at the moment of their birth, is given a virtuous ""gift"" from a fairy godmother. Ella's so-called gift, however, is obedience. This birthright proves itself to be quite the curse once Ella finds herself in the hands of several unscrupulous characters whom she quite literally cannot disobey. Determined to gain control of her life and decisions, Ella sets off on a journey to find her fairy godmother who she hopes will lift the curse. The path, however, isn't easy -- Ella must outwit a slew of unpleasant obstacles including ogres, giants, wicked stepsisters, elves and Prince Charmont's evil uncle, who wants to take over the crown and rule the kingdom.",6.427,96.0
Elysium ,2013, R ,2,8,10,"In the 22nd century the Earth is a wasted, polluted landscape where most people eek out an impoverished existence. Meanwhile, a tiny minority of wealthy individuals live on an idyllic satellite called Elysium where there's no hunger or disease has disappeared. An ex-felon (Matt Damon), struck by radiation sickness and left with five days to live, decides to break into Elysium to find a cure, not realizing how his plan will affect the population of Earth. Also with Alice Braga, Jody Foster, Wagner Moura, Diego Luna, William Fichtner and Sharlto Copley. Directed by Neill Blomkamp. Several scenes are in Spanish or French with English subtitles. [1:49]",Science Fiction,Science Fiction,Action,"In the year 2159, two classes of people exist: the very wealthy who live on a pristine man-made space station called Elysium, and the rest, who live on an overpopulated, ruined Earth. Secretary Rhodes, a hard line government ofﬁcial, will stop at nothing to enforce anti-immigration laws and preserve the luxurious lifestyle of the citizens of Elysium. That doesn’t stop the people of Earth from trying to get in, by any means they can. When unlucky Max is backed into a corner, he agrees to take on a daunting mission that, if successful, will not only save his life, but could bring equality to these polarized worlds.",6.494,109.0
The Emoji Movie ,2017, PG ,1,3,2,"When the ""Meh"" emoji (voiced by T.J. Miller) in a teen boy's phone has a problem focusing on his assigned emotion, he looks for help from a hacker (voiced by Anna Faris) before being deleted from the operating system. Also with the voices of James Corden, Maya Rudolph, Steven Wright, Jennifer Coolidge, Patrick Stewart, Christina Aguilera, Sofía Vergara and Rachael Ray. Directed by Tony Leondis. [1:26]",Animation,Animation,Family,"Gene, a multi-expressional emoji, sets out on a journey to become a normal emoji.",5.504,86.0
Emperor ,2013, PG-13 ,2,5,5,"Based on real events in late summer 1945, American forces occupy Japan after Emperor Hirohito's (Takatarô Kataoka) surrender. General Douglas MacArthur (Tommy Lee Jones) finds himself in charge of Japan, its government and reconstruction, and appoints Japanese culture expert General Bonner Fellers (Mathew Fox) to determine within 10 days whether Hirohito should be punished for war crimes or pardoned. Also with Eriko Hatsune, Toshiyuki Nishida, Kaori Momoi, and Colin Moy. Directed by Peter Webber. [1:38]",Drama,Drama,Thriller,"Juan, a secret service agent, approaches Wendy, a young Filipina who works as a maid for a suspicious couple.",5.9,105.0
Emperor's Club ,2002, PG-13 ,3,1,4,"Based on the short story ""The Palace Thief"" by Ethan Canin, Kevin Kline stars as a passionate Classics professor who finds himself drawn into a turbulent battle of wills with a new student (Emile Hirsch) who challenges his authority. Their conflict results in a series of compromises on the part of the teacher who's trying to befriend the student, and finally to a fateful decision that has a profound influence on both their lives. Also with Embeth Davidtz, Joel Gretsch and Rob Morrow. [1:49]",Drama,,,,,
The Emperor's New Clothes ,2002, PG ,2,2,1,"While historical records indicate that Napoleon Bonaparte was exiled to the island prison of St. Helena where he eventually died in 1821, this film relates an alternate course of events: Ian Holm plays both Napoleon and a man who resembles the emperor and takes his place in prison. The real Napoleon becomes a sailor on a ship bound for France where he hopes to regain his position. Also with Iben Hjejle, Tim McInnerny, Tom Watson and Hugh Bonneville. [1:47]",Family,Family,Fantasy,"The Emperor of a European country demands new clothes to wear every day, in fact sometimes several times a day. He imposes a heavy tax on the poor citizens to pay for his vanity. An itinerant man and boy come to the capital city and see the injustice, and make friends, but they soon have to flee. They return disguised as Arab tailors, and offer to make the Emperor a new suit of clothes. But only the wise will be able to see it; fools, or those unfit for their public office, will not see anything. The Emperor orders the suit made, and much money is needed to purchase the raw materials. Eventually the suit is ready, and the Emperor and his officials pretend that they can see a wonderful outfit; will anyone prick the bubble of the illusion?",7.0,90.0
The Emperor's New Groove ,2000, G ,0,3,1,"Disney animated feature about a vain young South American emperor who's turned into a llama by a fired administrator bent on taking over his empire. Through assorted adventures a humble villager helps the emperor get back his throne and undo the magic. With the voices of David Spade, Eartha Kitt, John Goodman, Owen Wilson, Patrick Warburton, Eli Russell Linnetz, Wendie Malick, Robert Bergen, KellyAnn Kelso, Tom Jones, Patti Deutsch, John Fiedler and Joe Whyte. [1:40]",Adventure,Adventure,Animation,"Kuzco is a self-centered emperor who summons Pacha from a village and to tell him that his home will be destroyed to make room for Kuzco's new summer home. Kuzco's advisor, Yzma, tries to poison Kuzco and accidentally turns him into a llama, who accidentally ends up in Pacha's village. Pacha offers to help Kuzco if he doesn't destroy his house, and so they form an unlikely partnership.",7.548,78.0
Empire ,2002, R ,7,7,10,"Victor Rosa (John Leguizamo) works the streets of the South Bronx as the leader of a crew producing and selling a heroine mix called Empire. His Colombian bosses like his business acumen and give him an opportunity to ""diversify,"" with the help of a savvy Wall Street investment broker, if he'll take care of some street business for them. But when he is unable to live up to his end of the arrangement, his only choice is to run for his life. Also with Denise Richards, Peter Sarsgaard, Sonia Braga and Isabella Rossellini. [1:35]",Animation,Animation,Mystery,"The story takes place in 19th century Europe, and revolves around John Watson. He is scouted by the government to become a secret agent. However, Watson lives in a world where ""Frankensteins""—human corpses that are re-purposed with a false soul in order to use them as laborers—are used to improve industrial development.",6.02,120.0
Employee of the Month ,2006, PG-13 ,4,4,5,"A man (Dane Cook) working at the local discount warehouse store becomes inspired to compete for the ""Employee of the Month"" award when a new cashier (Jessica Simpson) joins the staff. He eventually realizes that there is more to doing a good job than just the reward of a gold star. Also with Dax Shepard, Efren Ramirez and Harland Williams. Directed by Greg Coolidge. [1:43]",Comedy,,,,,
Enchanted ,2007, PG ,3,2,1,"An animated princess thinks she has found her true love, in classic fairy tale fashion, but her prince's evil stepmother is determined to stop the wedding and sends the princess to modern New York City, where she is transformed into a real human being (Amy Adams). While she waits for her prince (James Marsden) to come rescue her, she meets a cynical divorce attorney (Patrick Dempsey) who's captivated by her innocence. Also with Susan Sarandon, Idina Menzel and Timothy Spall. Directed by Kevin Lima. [1:48]",Comedy,Comedy,Family,"The beautiful princess Giselle is banished by an evil queen from her magical, musical animated land and finds herself in the gritty reality of the streets of modern-day Manhattan. Shocked by this strange new environment that doesn't operate on a ""happily ever after"" basis, Giselle is now adrift in a chaotic world badly in need of enchantment. But when Giselle begins to fall in love with a charmingly flawed divorce lawyer who has come to her aid - even though she is already promised to a perfect fairy tale prince back home - she has to wonder: Can a storybook view of romance survive in the real world?",6.801,107.0
Enchanted April ,1992, PG ,1,0,0,"Genteel movie reminiscent of ""A Room With a View."" Set in the early 1900's, four women, dissatisfied with their lives decide to answer an ad in the local newspaper promising a month of sunshine in the Italian countryside.",Romance,Romance,Drama,"Four English women, unhappy with their lives, rent an Italian villa on holiday.",6.8,89.0
Encino Man ,1992, PG ,3,1,1,"Pauly Shore, as a high-school neo-hippie loser, and Sean Astin as his nerdy pal, find a frozen Cro-Magnon man (Brendan Fraser) while they're digging a big hole in their backyard.",Comedy,,,,,
Ender's Game ,2013, PG-13 ,1,6,3,"A teen boy (Asa Butterfield) is recruited and trained to fight against an alien invader, hoping that he will be saving Earth from another attack. Based on Orson Scott Card's popular teen sci-fi novel. Also with Harrison Ford, Hailee Steinfeld, Abigail Breslin, Ben Kingsley, Viola Davis, Aramis Knight, Suraj Partha, Moises Arias, Khylin Rhambo, Jimmy 'Jax' Pinchak and Nonso Anozie. Directed by Gavin Hood. [1:54]",Science Fiction,Science Fiction,Action,"Based on the classic novel by Orson Scott Card, Ender's Game is the story of the Earth's most gifted children training to defend their homeplanet in the space wars of the future.",6.586,114.0
Endless Love ,2014, PG-13 ,5,3,5,"When a young man and a young woman (Alex Pettyfer and Gabriella Wilde) meet for the first time after their high school graduation, their passion for each other is relentless; but because the young woman's father (Bruce Greenwood) has career plans for her and the young man is not up to par in his eyes, he throws roadblocks in their way. Also with Joely Richardson, Robert Patrick, Rhys Wakefield, Dayo Okeniyi, Emma Rigby, Anna Enger and Fabianne Therese. Directed by Shana Feste. [1:43]",Romance,Romance,Drama,"Two young kids fall in love with each other. But the passion is too consuming for the parents of Jade. The parents try to stop them from seeing each other. But when this doesn't work, David burns down the house and is sent away. This doesn't stop him from seeing her. When he gets out he goes to look for her. But the passion for his first love is too strong and she has to leave.",5.6,116.0
End of Days ,1999, R ,5,9,7,"Arnold Schwarzenegger plays an ex-cop who must stop the Devil himself (Gabriel Byrne) from impregnating a woman (Robin Tunney) before the end of the Millennium. Also with Kevin Pollak, Renee Olstead, Matt Gallini, Linda Pine, Vernon Campbell, Lloyd Garroway, Kassandra Kay, Udo Kier, Denice D. Lewis, Frankie Ray, Rod Steiger and Victor Varnado. [1:58]",Action,Action,Fantasy,"On 28 December 1999, the citizens of New York City are getting ready for the turn of the millennium. However, Satan decides to crash the party by coming to the city  and searching for his chosen bride — a 20-year-old woman named Christine York. The world will end, and the only hope lies within an atheist named Jericho Cane.",6.034,121.0
The End of Love ,2013, NR ,3,3,7,"After the death of his child's mother, a young father (Mark Webber) struggles to find meaning in his life and stability for his son. Also with Alia Shawkat, Shannyn Sossamon, Issac Love, Amanda Seyfried, Jason Ritter, Michael Cera, Jocelin Donahue, Aubrey Plaza and Sarah Ramos. Directed by Mark Webber. [1:30]",Romance,Romance,Drama,"Ja-young lost her husband 3 years ago. One day, Dong-ha appears in front of Ja-young and her daughter Yoo-jin. Ja-young falls in love with Dong-ha who is tender. She begins to dream of happy life with Dong-ha.  Meanwhile, Yoo-jin feels lonely since her mother is always busy with work. She begins to have feelings for Dong-ha.",6.25,100.0
The End of the Affair ,1999, R ,7,3,2,"Set in London just after WWII, this love story has Ralph Fiennes playing secret lover to a married Julianne Moore. Based on Graham Greene's novel and directed by Neil Jordan. With Stephen Rea, Ian Hart, Sam Bould, Jason Isaacs, James Bolam and Deborah Findlay. [2:24]",Romance,Romance,Drama,"On a rainy London night in 1946, novelist Maurice Bendrix has a chance meeting with Henry Miles, husband of his ex-mistress Sarah, who abruptly ended their affair two years before. Bendrix's obsession with Sarah is rekindled; he succumbs to his own jealousy and arranges to have her followed.",6.6,102.0
End of the Spear ,2006, PG-13 ,3,7,1,"Missionaries travel to the Amazon basin in search of a little known tribe, the Waodani, in hopes of converting them to Christianity. Misunderstandings abound when they are unable to communicate and the missionaries are murdered by tribe members. The missionaries' wives continue to try to convert the Waodani to Christianity and forgive the killing of their husbands. With Chad Allen, Louie Leonardo, Chad Allen, Jack Guzman, Christina Souza. Directed by Jim Hanon. [1:52]",Adventure,Adventure,Drama,"""End of the Spear"" is the story of Mincayani, a Waodani tribesman from the jungles of Ecuador. When five young missionaries, among them Jim Elliot and Nate Saint, are speared to death by the Waodani in 1956, a series of events unfold to change the lives of not only the slain missionaries' families, but also Mincayani and his people.",6.1,108.0
The End of the Tour ,2015, R ,3,2,7,"A film based on the transcript of an interview between ""Rolling Stone"" writer David Lipsky (Jesse Eisenberg) and novelist David Foster Wallace (Jason Segel) that took place over several days on the writer's 1996 book tour. Also with Mamie Gummer, Anna Chlumsky, Joan Cusack, Ron Livingston and Mickey Sumner. Directed by James Ponsoldt. [1:46]",Drama,,,,,
End of Watch ,2012, R ,5,8,10," The story follows the lives of two young police officers (Jake Gyllenhaal and Michael Pena) that are targeted for assassination after a run-in with a Mexican drug cartel. Also with Anna Kendrick, Natalie Martinez, America Ferrera, Frank Grillo and David Harbour. Directed by David Ayer. [1:49]",Crime,Crime,Drama,Two young officers are marked for death after confiscating a small cache of money and firearms from the members of a notorious cartel during a routine traffic stop.,7.319,109.0
Endurance ,1999, G ,0,2,0,"Disney's dramatization of Ethiopian long-distance runner Haile Gebrselassie's life as he trains for and eventually wins a gold medal in the Atlanta Olympics. With Haile Gebrselassie, Yonas Zergaw, Shawananness Gebrsellasie, Tedesse Haile, Bekele Gebrsellasie and Alem Tellahun. [1:25]",Drama,Drama,Action,Rare sword fighting martial arts film from Taiwan.,0.0,87.0
Enemy at the Gates ,2001, R ,6,10,4,"Based on the true story of Russian sniper Vassili Zaitsev (Jude Law), who gained notoriety during the World War II battle of Stalingrad and was hunted by his German counterpart, Major Koenig (Ed Harris). Also with Joseph Fiennes, Rachel Weisz, Bob Hoskins, Ron Perlman, Gabriel Thomson, Eva Mattes, Matthias Habich, Sophie Rois and Mikhail Matveyev. [2:11]",Drama,Drama,War,A Russian and a German sniper play a game of cat-and-mouse during the Battle of Stalingrad in WWII.,7.387,131.0
Enemy of the State ,1998, R ,3,6,8,"Will Smith is targeted by the government in this conspiratorial thriller. Gene Hackman, Jon Voight, Gabriel Byrne, Jason Lee, Jamie Kennedy, Regina King and Scott Caan co-star.",Action,Action,Drama,"A hotshot Washington criminal lawyer becomes the target of a rogue security executive videotaped in the act of murdering a congressman when the incriminating tape is surreptitiously slipped into his shopping bag by the videographer, who is fleeing the executive's assassins.",6.991,132.0
"The Englishman Who Went Up a Hill, but Came Down a Mountain ",1995, PG ,1,1,1,"Hugh Grant is a mapmaker in a 1917 Welsh town who deems a beloved mountain to be a mere hill, until the villagers take matters into their own hands.",Drama,Drama,Comedy,"When an English cartographer arrives in Wales to tell the residents of the Welsh village of Ffynnon Garw  that their 'mountain' is only a hill, the offended community sets out to remedy the situation.",6.3,91.0
The English Patient ,1996, R ,7,7,5,This epic World War II romance has Ralph Fiennes as a dashing explorer and Kristin Scott Thomas as his adulterous lover.,Drama,Drama,Romance,"In the 1930s, Count Almásy is a Hungarian map maker employed by the Royal Geographical Society to chart the vast expanses of the Sahara Desert along with several other prominent explorers. As World War II unfolds, Almásy enters into a world of love, betrayal, and politics.",7.171,162.0
The English Teacher ,2013, R ,6,4,6,"When a high school English teacher (Julianne Moore) becomes involved with a former student, her world quickly spirals out of control. Also with Michael Angarano, Greg Kinnear, Jessica Hecht, Lily Collins and Nathan Lane. Directed by Craig Zisk. [1:33]",Comedy,Comedy,Drama,"Teacher Linda Sinclair balances her staid home life with an incredible passion for her subject, but her routine is forever altered when a former star pupil and his unsupportive father reenter her life.",5.6,91.0
Enigma ,2002, R ,5,4,5,"A code-breaking genius (Dougray Scott) is called back from sick leave to help break a code which may save the largest merchant ship convoy from attack by Nazi U-boats in the North Atlantic in 1943. At the same time he is desperate to find out what has happened to the woman (Saffron Burrows) with whom he had become obsessed, and enlists the help of her roommate (Kate Winslet). Also with Corin Redgrave, Tom Hollander, Nikolaj Coster-Waldau and Jeremy Northam. [1:57]",Drama,Drama,History,"The film follows Kaspar Hauser (Bruno S.), who lived the first seventeen years of his life chained in a tiny cellar with only a toy horse to occupy his time, devoid of all human contact except for a man who wears a black overcoat and top hat who feeds him.",7.443,109.0
Enough ,2002, PG-13 ,4,6,3,"A woman (Jennifer Lopez) meets a man (Billy Campbell) while she waits tables in a diner and she thinks that he is the man who can make her feel safe. So it appears that she has found the happiness that has long eluded her -- until she discovers her new husband can be very abusive. His obsession to keep his wife makes her determined to do whatever it takes to free herself. Also with Juliette Lewis, Christopher Maher, Fred Ward, Noah Wyle, Tessa Allen and Dan Futterman. [1:55]",Drama,Drama,Thriller,"Working-class waitress Slim thought she was entering a life of domestic bliss when she married Mitch, the man of her dreams. After the arrival of their first child, her picture perfect life is shattered when she discovers Mitch's hidden possessive dark side, a controlling and abusive alter ego that can turn trust, love and tranquility into terror. Terrified for her child's safety, Slim flees with her daughter. Relentless in his pursuit and enlisting the aid of lethal henchmen, Mitch continually stalks the prey that was once his family.",6.7,114.0
Enough Said ,2013, PG-13 ,5,2,4,"A man and a woman (James Gandolfini and Julia Louis-Dreyfus) meet and although they initially admit that they are not attracted to each other, they begin to date. As their relationship progresses she begins to wonder if he might be the ex-husband of one of her clients (Catherine Keener) who has nothing but awful things to say about him. Also with Tracey Fairaway, Toni Collette, Ben Falcone, Michaela Watkins. Directed by Nicole Holofcener. [1:33]",Comedy,Comedy,Drama,"Eva is a divorced soon-to-be empty-nester wondering about her next act. Then she meets Marianne, the embodiment of her perfect self. Armed with a restored outlook on being middle-aged and single, Eva decides to take a chance on her new love interest Albert — a sweet, funny and like-minded man. But things get complicated when Eva discovers that Albert is in fact the dreaded ex–husband of Marianne...",6.706,93.0
Enron: The Smartest Guys in the Room ,2005, NR ,5,3,5,"The real story about how top executives of Enron, America's 7th largest company at the time of its collapse, pocketed one billion dollars while investors and employees lost everything. The documentary follows Enron's meteoric rise and crash and profiles the men (Kenneth Lay, Jeff Skilling and Andy Fastow) who were responsible. Narrated by Peter Coyote. Directed by Alex Gibney. [1:50]",Documentary,,,,,
Entourage ,2015, R ,8,3,10,"In this follow up to the eponymous TV series, a vain, spendthrift movie star (Adrian Grenier) and his cohorts (Kevin Connolly, Jerry Ferrara and Kevin Dillon) contact their super-agent, who is now a film studio head (Jeremy Piven). They have a new set of filmmaking ambitions. Also with Billy Bob Thornton and Haley Joel Osment. Directed by Doug Ellin. [1:45]",Comedy,,,,,
Entrapment ,1999, PG-13 ,3,4,5,"An insurance agent (Catherine Zeta-Jones) poses as a master thief so she can catch the elusive professional (Sean Connery) she's been following for years. Also with Ving Rhames, Will Patton, Maury Chaykin, Kevin McNally and Terry O'Neill. [1:52]",Romance,Romance,Drama,"Two thieves, who travel in elegant circles, try to outsmart each other and, in the process, end up falling in love.",6.178,112.0
Envy ,2004, PG-13 ,4,4,5,"A man (Jack Black) develops a spray that when applied to animal droppings makes them disappear, and becomes rich overnight. Having initially scoffed at the invention and refused to invest in it, his neighbor and best friend (Ben Stiller) becomes extremely envious and is convinced by a stranger (Christopher Walken) to try and destroy his friend's success. Also with Amy Poehler and Rachel Weisz. Directed by Barry Levinson. [1:39]",Music,,,,,
Epic ,2013, PG ,1,4,1,"When a teenager (voiced by Amanda Seyfried) comes to live with her oddball father after the death of her mother, she finds herself trapped in a different world, one of miniature creatures of the forest. After the forest is threatened by evil, she, her father and her new band of rag-tag friends work together to save their world. Also with voices of Blake Anderson, Aziz Ansari, Colin Farrell, Josh Hutcherson, Jason Sudeikis, Steven Tyler, Christoph Waltz and Beyonce Knowles. Directed by Chris Wedge. [1:42]",Comedy,Comedy,Family,"In this interactive adventure, Barbie goes on a cross-country trek with friends and makes big decisions about the future. Which dream will she choose?",7.111,36.0
Epic Movie ,2007, PG-13 ,6,7,5,"A parody of many recent films, including ""The Chronicles of Narnia,"" ""Unfortunate Events,"" ""Snakes on a Plane,"" ""X-Men,"" ""Harry Potter,"" ""Borat,"" ""Superman Returns,"" etc. The main plot thread concerns four orphans who visit a chocolate factory and are reunited in ""Gnarnia,"" where they are forced to defend themselves against a cruel witch and her minions. With Kal Penn, Adam Campbell, Jennifer Coolidge, Jayma Mays and Faune Chambers. Directed by Jason Friedberg & Aaron Seltzer. [1:26]",Comedy,Comedy,Action,"When Edward, Peter, Lucy and Susan each follow their own path, they end up finding themselves at Willy's Chocolate factory. Walking through a wardrobe, they discover the world of Gnarnia, which is ruled by the White Bitch. Meeting up with characters such as Harry Potter and Captain Jack Swallows, the newly reunited family must team up with Aslo, a wise-but-horny lion to stop the white bitch's army.",3.897,85.0
The Equalizer ,2014, R ,4,8,10,"An insomniac (Denzel Washington) leads a quiet life in his second career at a DIY megamart. When he meets a teen girl (Chloë Grace Moretz) who is a sex slave to a Russian mob boss (Marton Csokas) he feels he must intervene; his deadly skills from a former, mysterious career prove useful and decides to become the champion of the innocent who have nowhere else to turn. Also with David Harbour, Haley Bennett, Bill Pullman and Melissa Leo. Several lines of dialogue are in Russian with English subtitles and a few have no subtitles. Some tattoos on men's chests are untranslated Russian phrases. Directed by Antoine Fuqua. [2:11]",Thriller,Thriller,Action,"McCall believes he has put his mysterious past behind him and dedicated himself to beginning a new, quiet life. But when he meets Teri, a young girl under the control of ultra-violent Russian gangsters, he can’t stand idly by – he has to help her. Armed with hidden skills that allow him to serve vengeance against anyone who would brutalize the helpless, McCall comes out of his self-imposed retirement and finds his desire for justice reawakened. If someone has a problem, if the odds are stacked against them, if they have nowhere else to turn, McCall will help. He is The Equalizer.",7.235,132.0
Eragon ,2006, PG ,1,6,1,"Medieval fantasy based on the popular novel: A rebellion rages in a land that was once protected by dragons and their heroic riders and is now ruled by a cruel monarch. When a young man (Edward Speleers) finds the egg of the last dragon, he becomes a dragon rider and must save his people from tyranny. Jeremy Irons, John Malkovich, Djimon Hounsou and Sienna Guillory. Directed by Stefan Fangmeier. [1:44]",Fantasy,Fantasy,Action,"In his homeland of Alagaesia, a farm boy happens upon a dragon's egg -- a discovery that leads him on a predestined journey where he realized he's the one person who can defend his home against an evil king.",5.064,104.0
Eraser ,1996, R ,0,9,7,Arnold Schwarzenegger protects Vanessa Williams as part of his U.S. Marshal in the Witness Protection Program duties.,Action,Action,Drama,"U.S. Marshall John Kruger erases the identities of people enrolled in the Witness Protection Program. His current assignment is to protect Lee Cullen, who's uncovered evidence that the weapons manufacturer she works for has been selling to terrorist groups. When Kruger discovers that there's a corrupt agent within the program, he must guard his own life while trying to protect Lee's.",6.002,115.0
Erin Brockovich ,2000, R ,3,1,8,"Erin Brockovich (Julia Roberts) is a brash research assistant who works for an attorney (Albert Finney) in a small law office and, without any formal education or legal experience, builds a lawsuit against a utility company responsible for contaminating a town's water supply. Also with Aaron Eckhart, Marg Helgenberger, Cherry Jones, Veanne Cox, Conchata Ferrell, Tracey Walter, Peter Coyote, Scotty Leavenworth, Gemmenne De la Pena, Jamie Harrold, Mimi Kennedy, Norma Maldonado and Scarlett Pomers. [2:10]",Drama,,,,,
Escape from L.A. ,1996, R ,2,8,5,Kurt Russell is back as Snake Plissken and now he has to retrieve a top-secret device from criminal elements in future L.A.,Action,Action,Adventure,"This time, a cataclysmic temblor hits Los Angeles, turning it into an island. The president views the quake as a sign from above, expels Los Angeles from the country and makes it a penal colony for those found guilty of moral crimes. When his daughter, part of a resistance movement, steals the control unit for a doomsday weapon, Snake again gets tapped to save the day.",5.853,97.0
Escape from Planet Earth ,2013, PG ,2,4,2,"When an SOS from a dangerous planet is announced, the dashing hero of the Blue Alien nation (Brendan Fraser) rushes off to another victory mission only to fly into a trap set by a US army general (William Shatner). His nerdy, by-the-rules brother (Rob Corddry) must now gather the courage to save the day. Also with Jessica Alba, Sarah Jessica Parker, Sofia Vergara, Jane Lynch and George Lopez. Directed by Cal Brunker. [1:25]",Animation,Animation,Comedy,Astronaut Scorch Supernova finds himself caught in a trap when he responds to an SOS from a notoriously dangerous alien planet.,5.729,89.0
Escape Plan ,2013, R ,2,6,9,"A specialist in prison security (Sylvester Stallone) is put to the test in a state-of-the-art prison. Also with Arnold Schwarzenegger, Jim Caviezel, Faran Tahir, Amy Ryan, Sam Neill, Vincent D'Onofrio, Vinnie Jones, Matt Gerald and 50 Cent. Directed by Mikael Håfström. [1:56]",Action,Action,Thriller,"Ray Breslin is the world's foremost authority on structural security. After analyzing every high security prison and learning a vast array of survival skills so he can design escape-proof prisons, his skills are put to the test. He's framed and incarcerated in a master prison he designed himself. He needs to escape and find the person who put him behind bars.",6.721,115.0
Eternal Sunshine of the Spotless Mind ,2004, R ,6,5,7,"Jim Carrey stars as Joel, a man desperate to relieve the pain from a recent breakup with his girlfriend Clementine (Kate Winslet). When he discovers that Clementine has literally erased him from her memory by visiting a company that specializes in memory erasure, he endeavors to do the same with his own memories of her. As the procedure begins he realizes that he doesn't want to live without any memory of their time together, and so must fight (within his own mind) to hold onto some reminiscences. Also with Kirsten Dunst, Mark Ruffalo and Tom Wilkinson. Directed by Michel Gondry. [1:48]",Science Fiction,Science Fiction,Drama,"Joel Barish, heartbroken that his girlfriend underwent a procedure to erase him from her memory, decides to do the same. However, as he watches his memories of her fade away, he realises that he still loves her, and may be too late to correct his mistake.",8.1,108.0
Ethan Frome ,1993, PG ,3,2,0,"Liam Neeson stars in this filming of Edith Wharton's eponymous novel. The story is about illicit lust, and takes place in a snow-covered New England village around the turn of the century.",Drama,Drama,Romance,"Married couple, Ethan and Zeena, are in need an extra hand around the house due to Zeena's debilitated body and constant illness. The young woman who joins them is a beautiful, spirited person. She and Ethan fall in love much to the dismay of Zeena.",5.7,99.0
E.T. The Extra-Terrestrial ,1982, PG ,1,4,3,"A young boy (Henry Thomas) discovers an extraterrestrial being who's been left behind when his spacecraft had to ascend in a hurry. The two become great friends while government agents are trying to catch E.T. But the boy's older brother (Robert MacNaughton), younger sister (Drew Barrymore) and friends come to E.T.'s rescue. Also with Dee Wallace-Stone, Peter Coyote and C. Thomas Howell. [1:55]",Science Fiction,Science Fiction,Adventure,"An alien is left behind on Earth and saved by the 10-year-old Elliot who decides to keep him hidden in his home. While a task force hunts for the extra-terrestrial, Elliot, his brother, and his little sister Gertie form an emotional bond with their new friend, and try to help him find his way home.",7.509,115.0
Eurotrip ,2004, R ,10,6,6,"A young man (Scott Mechlowicz) graduates from high school thinking his life is all in order: he plans to go to college and have his long-time girlfriend join him the following year when she graduates. She surprises him when she dumps him on graduation day and feeling lost he decides to travel to Berlin to meet his German pen pal -- since he just realized she's a beautiful young woman. Also with Jacob Pitts, Michelle Trachtenberg, Travis Wester and Jessica Boehrs. Directed by Jeff Schaffer, Alec Berg and David Mandel. [1:32]",Comedy,,,,,
Evan Almighty ,2007, PG ,2,2,3,"Morgan Freeman, as the God from ""Bruce Almighty,"" visits Evan (Steve Carell), a newly elected congressman who plans to change the world. When he prays for help to make it happen, it comes as a delivery of ancient tools, large quantities of lumber and a directive from God to build a Ark. Also with Lauren Graham, John Goodman and Jimmy Bennett. Directed by Tom Shadyac. [1:30]",Fantasy,Fantasy,Comedy,"Junior congressman Evan Baxter, whose wish is to ""change the world"" is heard by none other than God. When God appears with the perplexing request to build an ark, Evan is sure he is losing it.",5.549,96.0
Even Cowgirls Get the Blues ,1994, R ,6,3,6,Uma Thurman is a woman with really big thumbs who puts them to good use by hitchhiking a lot. Based on Tom Robbins' novel.,Comedy,Comedy,Drama,"Sissy Hankshaw is born with enormous thumbs that help her hitchhiking through the US from a young age.  She becomes a model in advertising and her NY agent 'the Countess' sends her to his ranch in CA to shoot a commercial, set against the background of mating whooping cranes.  There, she befriends Bonanza Jellybean, one of the cowgirls at the beauty- ranch.",4.3,96.0
Evening ,2007, PG-13 ,4,3,5,"An elderly woman (Vanessa Redgrave) who's on her deathbed recalls regrets in her life and her one great love and tries to help her daughters (Toni Collette and Natasha Richardson) find their way toward happiness. Also with Meryl Streep, Claire Danes, Glenn Close and Patrick Wilson. Directed by Lajos Koltai. [1:57]",Drama,,,,,
The Evening Star ,1996, PG-13 ,5,0,5,"Shirley MacLaine is back in this ""Terms of Endearment"" sequel and she must deal with her adult grandchildren. Also with Bill Paxton, Juliette Lewis, Jack Nicholson, Miranda Richardson, Ben Johnson, Scott Wolf, George Newbern, Marion Ross, MacKenzie Astin, Donald Moffat, Jennifer Grant, China Kantner, Shawn Taylor Thompson and Jake Langerud. [2:09]",Comedy,Comedy,Drama,"Continuing the story of Aurora Greenway in her latter years. After the death of her daughter, Aurora struggled to keep her family together, but has one grandson in jail, a rebellious granddaughter, and another grandson living just above the poverty line.",6.1,129.0
Event Horizon ,1997, R ,4,9,7,Something comes back from space and humans must study it in this science fiction thriller.,Horror,Horror,Science Fiction,"In 2047, a group of astronauts are sent to investigate and salvage the starship Event Horizon which disappeared mysteriously 7 years before on its maiden voyage. However, it soon becomes evident that something sinister resides in its corridors, and that the horrors that befell the Event Horizon's previous journey are still present.",6.516,96.0
Ever After: A Cinderella Story ,1998, PG ,1,2,2,"New telling of ""Cinderella"" with Drew Barrymore as a resourceful young woman forced into servitude by her scheming stepmother. With Dougray Scott and Anjelica Huston.",Drama,Drama,Romance,"A “modern” young woman of the 16th century, Danielle is as independent and wise as she is beautiful and kind. Against remarkable odds, she stands up to her scheming stepmother and works miracles on the lives of everyone around her, including the crown prince of France!",7.376,121.0
Everest ,1998, NR ,0,2,1,"An IMAX film documenting several climbers' 1996 ascent of Mount Everest. With Ed Viesturs, Araceli Segarra, Jamling Tenzing Norgay, Sumiyo Tsuzuki, Paula Viesturs, Dr. Roger Bilham and Dr. Beck Weathers. Directed by David Breashears, Greg MacGillivray and Stephen Judson; narrated by Liam Neeson. [0:48]",Adventure,Adventure,Drama,"Inspired by the incredible events surrounding a treacherous attempt to reach the summit of the world's highest mountain, ""Everest"" documents the awe-inspiring journey of two different expeditions challenged beyond their limits by one of the fiercest snowstorms ever encountered by mankind. Their mettle tested by the harshest of elements found on the planet, the climbers will face nearly impossible obstacles as a lifelong obsession becomes a breathtaking struggle for survival.",6.808,121.0
Everest ,2015, PG-13 ,1,5,1,"Based on a true story about a 1996 trek to the peak of Mt. Everest: Freak conditions and obstinacy led to the deaths of eight climbers, and many more sustained serious injuries. With Robin Wright, Josh Brolin, Justin Salinger, Jake Gyllenhaal, Helen Wilton, Sam Worthington, Keira Knightley, John Hawkes, Naoko Mori, Michael Kelly, Michael Groom, Martin Henderson, Tom Goodman-Hill, Jason Clarke, Ang Phula Sherpa and Pemba Sherpa. Directed by Baltasar Kormákur. [2:01]",Adventure,Adventure,Drama,"Inspired by the incredible events surrounding a treacherous attempt to reach the summit of the world's highest mountain, ""Everest"" documents the awe-inspiring journey of two different expeditions challenged beyond their limits by one of the fiercest snowstorms ever encountered by mankind. Their mettle tested by the harshest of elements found on the planet, the climbers will face nearly impossible obstacles as a lifelong obsession becomes a breathtaking struggle for survival.",6.808,121.0
Everybody Has a Plan ,2013, R ,6,7,5,"A man (Viggo Mortensen) seeking a new life assumes the identity and life of his dead twin, with unpredictable results. Also with Soledad Villamil and Daniel Fanego. Directed by Ana Piterbarg. In Spanish with English subtitles (original title: ""Todos tenemos un plan""). [1:58]",Drama,Drama,Thriller,"Pedro, a humble beekeeper who lives in the mysterious Argentinian region of the Delta del Tigre, travels to Buenos Aires to visit his twin brother Agustín, a successful but troubled pediatrician with marital issues, to give him bad news and ask him for a favor hard to fulfill, a unexpected arrival which will change Agustín's life forever.",4.4,113.0
Everybody's Fine ,2009, PG-13 ,3,3,5,"A widower (Robert De Niro) becomes frustrated when his children seem too busy to see him. Hence, he decides to surprise each one of them with an unannounced visit. But, making his way across the country to see them uncovers some truths about their relationship and their lives. Also with Drew Barrymore, Kate Beckinsale, Sam Rockwell, Lucian Maisel and Ken Sladyk. Directed by Kirk Jones. [1:35]",Drama,,,,,
Every Day ,2018, PG-13 ,3,2,4,"A teenage girl (Angourie Rice) finds herself falling in love with a spirit that seems to switch between different teenager bodies every day. The spirit occupies both male and female bodies and it is entirely in control until midnight when it has to move on to another body. Also with Justice Smith, Jeni Ross, Lucas Jade Zumann, Rory McDonald, Katie Douglas, Jacob Batalon, Ian Alexander, Sean Jones, Colin Ford, Jake Sim, Nicole Law, Karena Evans and Owen Teague. Directed by Michael Sucsy. [1:35]",Comedy,Comedy,Romance,"Guido and Antonia are a young couple with opposing characters and working schedules: he works a night job as a doorman in a hotel, and she works as an employee for a rental car service. This is the story of what happens to Guido and Antonia when they decide to have a child.",6.9,102.0
Everyone's Hero ,2006, G ,1,3,1,"Animated feature that Christopher Reeve started directing before his death in 2004. It is set in 1932, during the Great Depression, and it follows the adventures of a 10-year-old boy who's trying to reclaim Babe Ruth's famous bat, Darlin', which was stolen by a Cubs pitcher. Assisting him is a talking baseball -- the bat talks too. With the voices of Whoopi Goldberg, Rob Reiner, Raven Symone, Jake T. Austin and Brian Dennehy. Directed by Reeve, Colin Brady & Daniel St. Pierre. [1:27]",Adventure,Adventure,Animation,A boy begins a grand journey to return Babe Ruth's baseball bat before the deciding game of the 1932 World Series comes to a close.,5.833,87.0
"Everything, Everything ",2017, PG-13 ,5,3,3,"A teenage girl (Amandla Stenberg) has spent her whole life in her home and away from anything that could make her sick and potentially kill her by overtaxing her fragile immune system. Although longing to go outside, she is content until a new neighbor (Nick Robinson) inspires her to want to experience everything that she has been missing. Also with Anika Noni Rose, Ana de la Reguera, Taylor Hickson, Danube Hermosillo and Sage Brocklebank. Directed by Stella Meghie. [1:36]",Action,Action,Adventure,"An aging Chinese immigrant is swept up in an insane adventure, where she alone can save what's important to her by connecting with the lives she could have led in other universes.",7.888,140.0
Everything is Illuminated ,2005, PG-13 ,4,6,5,"Elijah Wood stars as an American Jewish man who travels to Ukraine in order to track down a woman who may have saved his grandfather from the Nazis, when he was a young man. He feels compelled to find out who the woman was and discovers more about his personal history in the process. Also with Elijah Wood, Eugene Hutz, Boris Leskin and Laryssa Lauret. Directed by Liev Schreiber. [1:40]",Comedy,Comedy,Drama,"A young Jewish American man endeavors—with the help of eccentric, distant relatives—to find the woman who saved his grandfather during World War II—in a Ukrainian village which was ultimately razed by the Nazis.",7.236,106.0
Everything Must Go ,2011, R ,6,3,5,"After an alcoholic (Will Ferrell) relapses, he struggles to regain his footing but then loses his job and his wife on the same day. Along with all his belongings, he ends up on his front lawn, where he must confront his problems and find a way to part with the things from his past. Also with Rebecca Hall, Laura Dern, Michael Peña, Glenn Howerton and Stephen Root. Directed by Dan Rush. [1:40]",Comedy,Comedy,Drama,"When an alcoholic relapses, causing him to lose his wife and his job, he holds a yard sale on his front lawn in an attempt to start over. A new neighbor might be the key to his return to form.",6.125,97.0
Evil Dead ,2013, R ,5,10,8,"Five young professionals take a trip to an isolated cabin and discover an obscure book called ""Necronomicon Ex-Mortis."" The teacher among them opens it and accidentally summons up a demon from the nearby woods; one by one, the friends become murderously possessed, until just one is left. With Jane Levy, Shiloh Fernandez, Lou Taylor Pucci, Jessica Lucas and Elizabeth Blackmore. Directed by Fede Alvarez. [1:31]",Horror,Horror,Thriller,Two sisters find an ancient book that gives birth to bloodthirsty demons that run amok in a Los Angeles apartment building and thrusts them into a primal battle for survival as they face the most nightmarish version of family imaginable.,0.0,96.0
Evita ,1997, PG ,1,4,1,Madonna stars as Argentinian and First Lady Eva Peron in this adaptation of the hit musical.,History,History,Drama,"The hit musical based on the life of Evita Duarte, a B-movie Argentinian actress who eventually became the wife of Argentinian president and dictator Juan Perón, and the most beloved and hated woman in Argentina.",6.166,135.0
Evolution ,2001, PG-13 ,4,5,5,"A meteorite carrying alien organisms lands in the New Mexico desert and the alien creatures begin to multiply and evolve at an alarmingly fast rate, threatening to take over the Earth. To the rescue come a community college science professor, his eccentric geologist buddy, a wannabe fireman and a government scientist. With David Duchovny, Julianne Moore, Orlando Jones, Seann William Scott and Sarah Silverman. [1:37]",Animation,Animation,Adventure,"After accepting an invitation from a mysterious trainer, Ash, Misty and Brock meet Mewtwo, an artificially created Pokémon who wants to do battle.",6.682,98.0
The Ex ,2007, PG-13 ,5,4,5,"Amanda Peet and Zach Braff star as a married couple expecting their first child. Having decided that she will give up her job as a lawyer to be a full-time mother, and he will step up and take care of his growing family, he gets fired. Their only option is for him to accept a job with her father (Charles Grodin) in an ad agency where her ex-lover (Jason Bateman) also happens to work. Also with Mia Farrow and Donal Logue. Directed by Jesse Peretz. [1:29]",Horror,Horror,Thriller,"The story of how social networks and instant messengers are changing the life of a modern person. It has been several years since a 16-year-old teenager posted a photo of his girlfriend in the general chat, hoping to boast to friends. Now he has a happy adult life: work, friends, fiance Katya, who is about to become his wife. But the Internet makes you remember teenage love, after which a chain of inexplicable mystical events occurs with the future wife of a young man. The girl receives mysterious messages from her fiance's past. Because of them, her life turns into a nightmare.",6.9,90.0
Excess Baggage ,1997, PG-13 ,1,3,4,Poor little rich girl Alicia Silverstone gets more than she bargained for when she fakes her own kidnapping.,Action,Action,Comedy,"A rich brat fakes her own kidnapping, but in the process ends up locked in the trunk of a car that gets stolen.",6.066,101.0
Executive Decision ,1996, R ,3,7,5,Kurt Russell and Steven Seagal must do battle high in the skies as they try to save a planeload of passengers and the free world.,Action,Action,Adventure,"Terrorists hijack a 747 inbound to Washington D.C., demanding the release of their imprisoned leader. Intelligence expert David Grant (Kurt Russell) suspects another reason and he is soon the reluctant member of a special assault team that is assigned to intercept the plane and hijackers.",6.243,133.0
eXistenZ ,1999, R ,3,10,5,"When a video game designer (Jennifer Jason Leigh) unveils her latest creation, she must run from an anti-gaming group that wants her dead, in this sci-fi film directed by David Cronenberg. Also with Jude Law, Willem Dafoe, Ian Holm, Don McKellar, Callum Keith Rennie, Sarah Polley, Christopher Eccleston, Robert A. Silverman, Oscar Hsu, Kris Lemeche, Vik Sahay, Kirsten Johnson and James Kirchner. [1:37]",Action,Action,Thriller,A game designer on the run from assassins must play her latest virtual reality creation with a marketing trainee to determine if the game has been damaged.,6.845,97.0
Exit to Eden ,1994, R ,9,4,1,"Sex-farce about a resort where sexual fantasies become reality. With Dana Delany, Dan Aykroyd and Rosie O'Donnell.",Comedy,Comedy,Crime,"Elliot is going to the island of Eden to live out his submissive fantasies, but inadvertently photographs diamond smugglers at work. Smugglers, and detectives, follow him to the island, where they try to retrieve the film. Elliot begins falling in love with Lisa, the head mistress of the island, and Lisa must evaluate her feelings about Elliot and her own motivations.",4.0,113.0
Exit Wounds ,2001, R ,6,9,9,"Demoted to a troubled precinct for repeatedly saving the day by disobeying orders, police officer Steven Seagal uncovers a drug smuggling ring led by DMX. Also with Tom Arnold, Isaiah Washington, Anthony Anderson, Michael Jai White, Bill Duke, Jill Hennessy, Shane Daly, Sean Lawrence, Eva Mendes, Arnold Pinnock, Matthew G. Taylor and David Vadim. [1:57]",Action,Action,Crime,"Maverick cop Orin Boyd always brings down the domestic terrorists he tracks, but he ruffles feathers with his unorthodox techniques -- and soon finds himself reassigned to the toughest district in Detroit. When he discovers a group of detectives secretly operating a drug ring, Boyd joins forces with an unlikely ally -- gangster Latrell Walker -- to bring down the rotten cops.",5.681,101.0
Ex Machina ,2015, R ,6,5,6,"A programmer (Domhnall Gleeson) wins a prize that grants him a week-long visit with a reclusive (Oscar Isaac) genius, who has developed artificial intelligence. During his stay in the compound the man must determine if the A.I. apparatus could pass for human. Also with Alicia Vikander and Sonoya Mizuno. Directed by Alex Garland. [1:48]",Animation,Animation,Action,"As members of ESWAT, the elite forces serving Olympus, Deunan and Briaereos are deployed anywhere trouble strikes. Olympus finds itself under a stealth attack - cyborg terrorism, deadly nanotech zealots, and rioting citizens are just some of the threats that Deunan must contend with as she fights to save Olympus!",6.5,105.0
Exodus: Gods and Kings ,2014, PG-13 ,1,6,1,"Set in 1300 BCE Moses (Christian Bale) leads 600,000 Hebrew slaves out of Egypt and to freedom. Also with Joel Edgerton, John Turturro, Aaron Paul, Ben Mendelsohn, María Valverde, Sigourney Weaver and Ben Kingsley. Directed by Ridley Scott. [2:30]",Adventure,Adventure,Drama,"The defiant leader Moses rises up against the Egyptian Pharaoh Ramses, setting 400,000 slaves on a monumental journey of escape from Egypt and its terrifying cycle of deadly plagues.",5.83,150.0
The Exorcism of Emily Rose ,2005, PG-13 ,1,7,4,"A young woman (Jennifer Carpenter) becomes convinced that demons are possessing her and when medical intervention appears not to work, she turns to her family priest (Tom Wilkinson) for an exorcism. The story, ostensibly inspired by true events, is of the trial of the priest, after the young woman died during the exorcism. Accused of negligence, his church refuses to allow him to take the stand and relate his version of the story. Also with Laura Linney, Campbell Scott and Colm Feore. Directed by Scott Derrickson. [1:54]",Crime,Crime,Drama,"When a younger girl called Emily Rose dies, everyone puts blame on the exorcism which was performed on her by Father Moore prior to her death. The priest is arrested on suspicion of murder. The trial begins with lawyer Erin Bruner representing Moore, but it is not going to be easy, as no one wants to believe what Father Moore says is true.",6.539,122.0
The Exorcist ,1973, R ,5,7,7,"New version of the 1973 supernatural thriller released in 2000 with digital sound and containing additional footage: A 12-year-old girl (Linda Blair) is possessed by the Devil and two Catholic priests try to perform an exorcism. Also with Ellen Burstyn, Max von Sydow, Lee J. Cobb, Kitty Winn, Jack MacGowran, Jason Miller, William O'Malley, Barton Heyman, Peter Masterson, Rudolf Schündler, Gina Petrushka, Robert Symonds and Arthur Storch. [2:02]",Horror,Horror,Mystery,"Father Gabriele Amorth, Chief Exorcist of the Vatican, investigates a young boy's terrifying possession and ends up uncovering a centuries-old conspiracy the Vatican has desperately tried to keep hidden.",6.0,104.0
Exorcist: The Beginning ,2004, R ,5,10,5,"Stellan Skarsgaard stars as an ex-priest turned archaeologist, who is called in by the British to a dig site in post-WWII Africa, where an ancient Christian church has been uncovered. Mysterious disappearances around the site are reported, and the tribal people who assist in the dig are fearful of evil spirits and refuse to enter the church. Also with James D'Arcy, Izabella Scorupco, Alan Ford and Billy Crawford. Directed by Renny Harlin. [1:54]",Horror,Horror,Mystery,"Having lived through traumatizing events during WWII, Father Lankester Merrin takes a sabbatical from the Church to conduct archaeological excavations in British-administered East Africa. Merrin unearths an ancient Byzantine church believed have been built and then immediately buried to keep down evil from the crypt below. The natives are convinced that uncovering the church has unleashed a demon, and begin to violently clash with the British military troops. As the village rapidly disintegrates into chaos and war, Merrin must face-off with the demon which has taken possession of somebody close to him.",5.398,114.0
Expelled: No Intelligence Allowed ,2008, PG ,1,3,1,"A documentary supporting the idea that Intelligent Design is being censored from scientific discussions of biology. We hear from several people who argue that they lost their jobs or have been blackballed for questioning Charles Darwin's Theory of Evolution. It is also argued that the evidence for natural selection is distorted and corrupted, that Intelligent Design is not religion based, and that the Theory of Evolution is responsible for Nazism. Written and narrated by Ben Stein. Directed by Nathan Frankowski. [1:30]",Documentary,,,,,
The Expendables ,2010, R ,2,9,5,"A group of mercenaries (Sylvester Stallone, Jason Statham, Jet Li, Dolph Lundgren and Randy Couture) are hired to kill a South American dictator (David Zayas). When one of the mercenaries discovers a corrupt American (Eric Roberts) is the true cause of corruption in the country, their plans take a different twist. Also with Steve Austin, Terry Crews, Giselle Itie, Mickey Rourke, Bruce Willis and Arnold Schwarzenegger. Directed by Sylvester Stallone. [1:43]",Thriller,Thriller,Adventure,"Barney Ross leads a band of highly skilled mercenaries including knife enthusiast Lee Christmas, a martial arts expert Yin Yang, heavy weapons specialist Hale Caesar, demolitionist Toll Road, and a loose-cannon sniper Gunner Jensen. When the group is commissioned by the mysterious Mr. Church to assassinate the dictator of a small South American island, Barney and Lee visit the remote locale to scout out their opposition and discover the true nature of the conflict engulfing the city.",6.2,103.0
The Expendables 2 ,2012, R ,2,8,4,"In this sequel the Expendables team (Sylvester Stallone, Jason Statham, Dolph Lundgren, Jet Li, Bruce Willis, Liam Hemsworth, Terry Crews, Randy Couture and Novak Djokovic) is re-united and when one of them is killed on the job it becomes a mission of revenge. Also with Chuck Norris, Arnold Schwarzenegger and Jean-Claude van Damme. Directed by Simon West. [1:43]",Action,Action,Adventure,"Mr. Church reunites the Expendables for what should be an easy paycheck, but when one of their men is murdered on the job, their quest for revenge puts them deep in enemy territory and up against an unexpected threat.",6.3,103.0
The Expendables 3 ,2014, PG-13 ,2,6,5,"In this third installment Sylvester Stallone stars as the mercenary leader of a reduced force after several members have died. A powerful nemesis (Mel Gibson) reappears unexpectedly, forcing him to recruit a group of younger team members, although other mature action stars join in. Also with Antonio Banderas, Harrison Ford, Jason Statham, Wesley Snipes, Dolph Lundgren, Randy Couture, Terry Crews, Kelsey Grammar, Arnold Schwarzenegger and Jet Li. Directed by Patrick Hughes. A few lines of dialogue are in a Slavic language with English subtitles. [1:50]",Action,Action,Adventure,"Barney, Christmas and the rest of the team comes face-to-face with Conrad Stonebanks, who years ago co-founded The Expendables with Barney. Stonebanks subsequently became a ruthless arms trader and someone who Barney was forced to kill… or so he thought. Stonebanks, who eluded death once before, now is making it his mission to end The Expendables -- but Barney has other plans. Barney decides that he has to fight old blood with new blood, and brings in a new era of Expendables team members, recruiting individuals who are younger, faster and more tech-savvy. The latest mission becomes a clash of classic old-school style versus high-tech expertise in the Expendables’ most personal battle yet.",6.2,126.0
The Express ,2008, PG ,3,3,4,"Based on the real-life story of Ernie Davis (Rob Brown), the first African-American to win the Heisman Trophy in 1961. A two-time All-American running back for Syracuse University, he led his team to the national championship in 1960. Also with Dennis Quaid, Nelsan Ellis, Kris Wolff, Darrin DeWitt Henson and Charles S. Dutton. Directed by Gary Fleder. [2:10]",Animation,Animation,Family,"When a doubting young boy takes an extraordinary train ride to the North Pole, he embarks on a journey of self-discovery that shows him that the wonder of life never fades for those who believe.",6.709,100.0
Extract ,2009, R ,5,4,5,"A man's (Jason Bateman) business is threatened when an injury in his factory might lead to a lawsuit that will surely bankrupt the company. At the same time, frustrated by the lack of romance in his marriage, he tries to get his wife to have an affair so that he won't feel guilty about having an affair with a sexy new employee (Mila Kunis). Also with Kristen Wiig, Ben Affleck, J. K. Simmons, Clifton Collins Jr., Dustin Milligan and David Koechner. Directed by Mike Judge. [1:30]",Comedy,,,,,
Extraordinary Measures ,2009, PG ,2,2,4,"Based on a true story, this drama depicts the struggle of a couple (Brendan Fraser and Keri Russell) to encourage the development of a drug that would save their children from Pompe Disease, a fatal genetic disorder. Also with Harrison Ford, Meredith Droeger, Diego Velazquez, Sam Hall, Jared Harris and Patrick Bauchau. Directed by Tom Vaughan. [1:45]",Drama,,,,,
Extremely Loud and Incredibly Close ,2011, PG-13 ,1,5,4,"Based on the novel by Jonathan Safran Foer, a nine-year-old boy (Thomas Horn) explores the city of New York searching for a lock that will fit the key left behind by his father (Tom Hanks), who died in the World Trade Center on September 11th, 2001. Also with Sandra Bullock, Zoe Caldwell, Max von Sydow and John Goodman. Directed by Stephen Daldry. [2:09]",Drama,,,,,
Extreme Measures ,1996, R ,2,7,7,Hugh Grant is a doctor who discovers a nefarious medical plot.,Drama,Drama,Thriller,"Guy Luthan, a British doctor working at a hospital in New York, starts making unwelcome enquiries when the body of a man who died in his emergency room disappears. After the trail leads Luthan to the door of an eminent surgeon at the hospital, Luthan soon finds himself in extreme danger people who want the hospital's secret to remain undiscovered.",5.9,118.0
Extreme Ops ,2002, PG-13 ,4,5,5,"A film crew travels to the Austrian Alps in order to film three extreme sports enthusiasts being chased down by an avalanche for a commercial. When they inadvertently film a Serbian war criminal whose secret hideout is in the Alps, a life-or-death chase ensues, which includes skiing, snowboarding, sky diving, and other extreme sports. With Devon Sawa, Rufus Sewell, Bridgette Wilson-Sampras, Heino Ferch and Joe Absolom. [1:33]",Action,Action,Adventure,"While filming an advertisement, some extreme sports enthusiasts unwittingly stop a group of terrorists.",4.8,93.0
The Eye ,2008, PG-13 ,4,7,3,"A woman (Jessica Alba), blind since childhood, prepares for a cornea transplant and although delighted with the opportunity to see again is unprepared for the newfound ability to see the spiritual world. Also with Parker Posey, Alessandro Nivola, Rade Serbedzija, Fernanda Romero, Rachel Ticotin, Obba Babatundé and Danny Mora. Directed by David Moreau and Xavier Palud. [1:37]",Animation,Animation,Action,"Lupin III competes with the Kisugi sisters to steal a triptych of paintings that once belonged to their father, and which hold the key to a long-unsolved mystery.",6.027,92.0
Eye for an Eye ,1996, R ,2,6,6,"Karen McCann (Sally Field) turns to vigilante justice when a criminal (Kiefer Sutherland) rapes and murders her eldest daughter. Also with Ed Harris, Olivia Burnette, Alexandra Kyle, Joe Mantegna, Beverly D'Angelo, Darrell Larson, Charlayne Woodard, Philip Baker Hall, Keith David, Wanda Acuna, Geoffrey Rivas, Armin Shimerman and Natalia Nogulich. [1:41]",Horror,,,,,
Eye in the Sky ,2016, R ,1,6,5,"With eyes on several of the most wanted terrorists planning to unleash suicide bombers, the decision must be made on how much collateral damage can be tolerated in the war on terrorism. With Helen Mirren, Alan Rickman, Aaron Paul, Bob Chappell, Alex Gallafent, Babou Ceesay, Carl Beukes, Kate Liquorish and Aisha Takow. Directed by Gavin Hood. Several lines of dialogue are in Swahili, Somali and Arabic with English subtitles. [1:42]",Drama,Drama,Thriller,"A UK-based military officer in command of a top secret drone operation to capture terrorists in Kenya discovers the targets are planning a suicide bombing and the mission escalates from “capture” to “kill.” As American pilot Steve Watts is about to engage, a nine-year old girl enters the kill zone, triggering an international dispute reaching the highest levels of US and British government over the moral, political, and personal implications of modern warfare.",7.033,102.0
Eye of the Beholder ,1999, R ,6,7,7,"A British intelligence agent (Ewan McGregor) becomes obsessed with protecting rather than apprehending the murderous disguise artist (Ashley Judd) he's assigned to follow. Also with Patrick Bergin, k.d. lang, Jason Priestley, Genevieve Bujold, Charles Powell, Cara Reynolds, Sam Stone and Janine Theriault. [1:49]",Crime,,,,,
Eye of the Dolphin ,2007, PG-13 ,2,1,2,"A 14-year-old (Carly Schroeder) whose mother has recently died is having a hard time and she ends up getting expelled from school when she's caught smoking marijuana. Her grandmother (Katharine Ross) then takes her to the Bahamas to meet, for the first time, her father, a scientist who's doing dolphin research. Also with Adrian Dunbar, Christine Adams, George Harris and Jane Lynch. Directed by Michael Sellers. [1:40]",Drama,Drama,Family,"Alyssa is a troubled 14-year old, suspended from school a year after her mother has drowned. Her grandmother Lucy, at wit's end, decides to take Alyssa to her father, James, whom Alyssa thought was dead for years. He studies dolphin communication at Smith's Point, on the Grand Bahama Island. James has not known of Alyssa's existence and is clueless about parenthood. The women arrive at the same time that James may lose his research operation to a tourist attraction. Father, daughter, dolphins, and town are on a collision course. Alyssa and James get encouragement from James's girlfriend and her father. It's the dolphins who can teach, and Alyssa who discovers how to listen.",6.2,100.0
The Eyes of My Mother ,2016, R ,6,8,0,"A black and white film about a young woman (Kika Magalhaes) left alone in an isolated farm to face the torment of her loneliness. Also with Diana Agostini, Olivia Bond, Will Brill, Joey Curtis-Green and Flora Diaz. Directed by Nicolas Pesce. Several lines of dialogue are spoken in Portuguese with English subtitles. [1:16]",Drama,Drama,Horror,"A young, lonely woman is consumed by her deepest and darkest desires after tragedy strikes her quiet country life.",6.209,76.0
