movie_title,movie_year,movie_rating,sex_nudity,violence_gore,language,movie_description,genre_1,genre_2,overview,vote_average,run_time
Jack ,1996, PG-13 ,2,2,4,Robin Williams is a ten-year-old with the body of a forty-year-old due to a genetic defect.,Animation,Romance,"In Scotland 1874, Jack is born on the coldest day ever. Because of the extreme cold, his heart stops beating. The responsible midwife in Edinburgh finds a way to save him by replacing his heart with a clock. So he lives and remains under the midwife's protective care. But he must not get angry or excited because that endangers his life by causing his clock to stop working. Worse than that, when he grows up, he has to face the fact he cannot fall in love because that too could stop his delicate heart.",7.2,94.0
The Jackal ,1997, R ,1,9,7,"Bruce Willis is a brutal, cold-blooded gun-for-hire who's targeted a high-ranking government official for assassination.",Action,Thriller,"Hired by a powerful member of the Russian mafia to avenge an FBI sting that left his brother dead, a psychopathic hitman known only as The Jackal proves an elusive target for the people charged with the task of bringing him down: a deputy FBI director, a Russian MVK Major,  and a jailed IRA terrorist who can recognize him.",6.307,124.0
Jack and Diane ,2012, R ,8,7,7,"When two teen girls (Juno Temple and Riley Keough) fall in love over the summer, they are both overwhelmed with the new emotions. Also with Kylie Minogue and Cara Seymour. Directed by Bradley Rust Gray. [1:50]",Drama,Thriller,"Jack and Diane are forced to leave Indiana after discovering secrets about the death of Diane's mother. When their worst fears are confirmed by the chief of police, Jack and Diane create a ""Hit List"" and exact revenge on everyone involved.",0.0,96.0
Jack and Jill ,2011, PG ,4,4,3,"Jack and Jill are twins and both are played by Adam Sandler: Jack finds Jill needy and overbearing, while Jill looks to Jack to help her fledging love life. But when Jack needs Jill to woo a good frontman (Al Pacino) for his commercial, he comes to realize how much his twin means to him. Also with Katie Holmes, David Spade, Nick Swardson, Tim Meadows and Norm MacDonald. Directed by Dennis Dugan. [1:31]",,,,,
Jackass: Number Two ,2006, R ,8,8,10,"Second installment of MTV's eponymous reality show, and the concept remains the same: a series of reckless and often very dangerous, disgusting and disturbing stunts, pranks and gags; some involve dangerous animals, like snakes and sharks, and others are about consuming biological waste. With Johnny Knoxville, Bam Margera, Ryan Dunn, Stephen Glover and Jason Acuna. Directed by Jeff Tremaine. [1:35]",Action,Comedy,"Jackass Number Two is a compilation of various stunts, pranks and skits, and essentially has no plot. Chris Pontius, Johnny Knoxville, Steve-O, Bam Margera, and the whole crew return to the screen to raise the stakes higher than ever before.",6.498,92.0
jackass: the movie ,2002, R ,7,7,9,"Based on MTV's eponymous reality show, the concept is to involve several very reckless men in very dangerous, disgusting and often disturbing stunts pranks and gags, just to see what happens. Set pieces include falling in a pool full of alligators, getting punched in a department store, and literally trying out a display toilet in a store selling bathroom fixtures. With Johnny Knoxville, Bam Margera, Steve-O, Chris Pontius, Dave England, Ryan Dunn, Jason ""Wee Man"" Acuña, Preston Lacy and Ehren McGhehey. [1:37]",Comedy,Documentary,"Johnny Knoxville and his band of maniacs perform a variety of stunts and gross-out gags on the big screen for the first time. They wander around Japan in panda outfits, wreak havoc on a once civilized golf course, they even do stunts involving LIVE alligators, and so on.",6.291,88.0
Jackass 3D ,2010, R ,8,8,10,"More stunts and pranks involving injury and bodily functions from the ""Jackass"" series, only this time in 3D. With Johnny Knoxville, Seann William Scott, Bam Margera, Steve-O, Spike Jonze, Chris Pontius, Jason Acuña, Ryan Dunn, Preston Lacy, Jeff Tremaine, Dave England, Ehren McGhehey, Tony Hawk, Mark Povinelli and John Taylor. Directed by Jeff Tremaine. [1:34]",Comedy,Documentary,"Johnny Knoxville, Bam Margera, Steve-O, Wee Man and the rest of their fearless and foolhardy friends take part in another round of outrageous pranks and stunts. In addition to standing in the path of a charging bull, launching themselves into the air and crashing through various objects, the guys perform in segments such as ""Sweatsuit Cocktail,"" ""Beehive Tetherball"" and ""Lamborghini Tooth Pull.""",6.59,99.0
The Jacket ,2005, R ,7,7,6,"A Gulf War veteran (Adrien Brody) returns to the U.S., and while hitchhiking he is picked up by a driver who later shoots a highway patrol officer. When the vet is found unconscious with the gun, he is determined to be the shooter and since he has no memory of the incident he is sent to a hospital for the criminally insane. While there, one of his doctors experiments with a controversial treatment that includes being strapped into a straitjacket and locked into a morgue locker. During the treatment, the vet foresees his own death. Also with Keira Knightley, Kris Kristofferson, Jennifer Jason Leigh and Kelly Lynch. Directed by John Maybury. [1:42]",Thriller,Mystery,"A military veteran goes on a journey into the future, where he can foresee his death and is left with questions that could save his life and those he loves.",6.886,103.0
Jack Frost ,1998, PG ,2,4,1,"In this bittersweet comedy, Michael Keaton gets a second chance to see his family when he comes back to life as a snowman. Also with Kelly Preston.",Comedy,Family,"A father, who can't keep his promises, dies in a car accident. One year later, he returns as a snowman, who has the final chance to put things right with his son before he is gone forever.",5.949,101.0
Jackie ,2016, R ,2,5,5,"After the assassination of her husband, President John F. Kennedy, Jackie Kennedy (Natalie Portman) must face her grief while maintaining the decorum of being First Lady and the compassion of being a mother to her two young children. Also with Peter Sarsgaard, Greta Gerwig, Billy Crudup, John Hurt, Richard E. Grant, Caspar Phillipson, Beth Grant, John Carroll Lynch and Max Casella. Directed by Pablo Larraín. A few lines of dialogue are spoken in Spanish with English subtitles. [1:39]",Action,Comedy,"Jackie Chan is the undefeated Kung Fu Master who dishes out the action in traditional Jackie Chan style. When a young boy sets out to learn how to fight from the Master himself, he not only witnesses some spectacular fights, but learns some important life lessons along the way.",4.236,85.0
Jackie Chan's First Strike ,1997, PG-13 ,2,6,2,The super stuntman is back with another police-themed actioner.,Action,Adventure,"Hong Kong cop Chan Ka-Kui returns, working with Interpol to track down and arrest an illegal weapons dealer. Chan later realizes that things are not as simple as they appear and soon finds himself to be a pawn of an organization posing as Russian intelligence.",6.473,107.0
Jack Reacher ,2012, PG-13 ,4,7,5,"A man is arrested for the murder of five innocent people in what appears to be a random act of violence. The accused asks for help from a former military cop (Tom Cruise) who arrives intent on confirming the findings of the police. But as he digs, he realizes there's more to the case than he initially thought. Also Rosamund Pike, Richard Jenkins, David Oyelowo, Werner Herzog, Jai Courtney, Vladimir Sizov, Joseph Sikora, Michael Raymond-James, Alexia Fast, Josh Helman and Robert Duvall. Directed by Christopher McQuarrie. [2:10]",Crime,Drama,"When a gunman takes five lives with six shots, all evidence points to the suspect in custody. On interrogation, the suspect offers up a single note: ""Get Jack Reacher!"" So begins an extraordinary chase for the truth, pitting Jack Reacher against an unexpected enemy, with a skill for violence and a secret to keep.",6.587,130.0
Jack Reacher: Never Go Back ,2016, PG-13 ,3,6,4,"A former military police investigator (Tom Cruise) visits his old army base to see the new commander (Cobie Smulders). Upon arrival, he finds her in the brig for treason and then he's charged with two murders and a paternity suit. He determines to discover who and what is behind the conspiracy. Also with Patrick Heusinger, Aldis Hodge, Danika Yarosh and Holt McCallany. Directed by Edward Zwick. [1:58]",Action,Thriller,"When Major Susan Turner is arrested for treason, ex-investigator Jack Reacher undertakes the challenging task to prove her innocence and ends up exposing a shocking conspiracy.",5.925,118.0
Jack Ryan: Shadow Recruit ,2014, PG-13 ,2,6,5,"A young marine (Chris Pine) recovering from injuries suffered in Afghanistan is recruited by the CIA to monitor monetary activity hoping to prevent another terrorist attack on the US homeland. Also with Keira Knightley, Kevin Costner, Kenneth Branagh, Lenn Kudrjawizki and Alec Utgoff. Directed by Kenneth Branagh. [1:45]",Action,Drama,"Jack Ryan, as a young covert CIA analyst, uncovers a Russian plot to crash the U.S. economy with a terrorist attack.",6.11,105.0
Jack the Bear ,1993, PG-13 ,1,4,2,"Drama about a single father (Danny DeVito) trying to raise his two young sons (Robert J. Steinmiller, Jr. and Miko Hughes). A dispute with a racist neighbor threatens the family's safety and stability.",Drama,Comedy,"Story of the relationships between two sons and their father, who moves the family to California and becomes a tv horror show host after the death of his wife.",6.4,99.0
Jack the Giant Slayer ,2013, PG-13 ,2,6,5,"In this fantasy, humans and giants have been warring against each other for hundreds of years and a young farmhand (Nicholas Hoult) unwittingly enters the fray by opening a gateway between their respective realms. Also with Eleanor Tomlinson, Stanley Tucci, Ian McShane, Bill Nighy and Ewan McGregor. Directed by Bryan Singer. [1:54]",Fantasy,Action,"The story of an ancient war that is reignited when a young farmhand unwittingly opens a gateway between our world and a fearsome race of giants. Unleashed on the Earth for the first time in centuries, the giants strive to reclaim the land they once lost, forcing the young man, Jack into the battle of his life to stop them. Fighting for a kingdom, its people, and the love of a brave princess, he comes face to face with the unstoppable warriors he thought only existed in legend–and gets the chance to become a legend himself.",5.809,114.0
Jade ,1995, R ,8,8,8,Prosecutor David Caruso must investigate former lover Linda Fiorentino for murder.,Drama,Romance,"After the massacre of his village, Zhang Xiaofan is taken in by the Qing Yun Sect where he begins his journey of cultivation. When he finds out the truth behind the deaths of his parents, he succumbs to his rage and demonic tendencies and becomes the enemy of Qing Yun Sect.",7.71,101.0
Jakob the Liar ,1999, PG-13 ,2,5,2,"Robin Williams is a widowed Jew in 1945 Poland who befriends a young runaway girl and fabricates stories about the war to offer hope for his fellow prisoners. Also with Alan Arkin, Bob Balaban, Hannah Taylor-Gordon, Michael Jeter, Armin Mueller-Stahl, Liev Schreiber, Nina Siemaszko and Mathieu Kassovitz. [1:54]",Comedy,Drama,"In 1944 Poland, a Jewish shop keeper named Jakob is summoned to ghetto headquarters after being caught out after curfew. While waiting for the German Kommondant, Jakob overhears a German radio broadcast about Russian troop movements. Returned to the ghetto, the shopkeeper shares his information with a friend and then rumors fly that there is a secret radio within the ghetto.",6.56,120.0
James and the Giant Peach ,1996, PG ,0,5,2," A stop-motion animation version of the classic Roald Dahl story in which a young boy named James and several magically enlarged bugs escape life with James' two evil aunts and fly on a giant peach to New York City. With Paul Terry, Pete Postlethwaite, Joanna Lumley, Miriam Margolyes, Mike Starr, Steven Culp and Susan Turner-Cray; also with the voices of Simon Callow, Richard Dreyfuss, Jane Leeves, Susan Sarandon and David Thewlis. [1:19]",Adventure,Animation,"When the young orphan boy James spills a magic bag of crocodile tongues, he finds himself in possession of a giant peach that flies him away to strange lands.",6.551,79.0
The Jane Austen Book Club ,2007, PG-13 ,5,3,5,"Six California women create a book club as a way of getting over the trials and tribulations of romantic disappointment, and Jane Austen is their author of choice. While analyzing the characters' motivations and the sloppiness of life and love they realize the answers to some of their own frustrations. With Maria Bello, Jimmy Smits, Emily Blunt, Kathy Baker and Amy Brenneman. Directed by Robin Swicord. [1:46]",Comedy,Romance,"Six Californians start a club to discuss the works of Jane Austen. As they delve into Austen's literature, the club members find themselves dealing with life experiences that parallel the themes of the books they are reading.",6.581,106.0
Jane Eyre ,2011, PG-13 ,4,5,1,"Based on Charlotte Brontë's classic, about a governess (Mia Wasikowska) that falls in love with her brooding employer (Michael Fassbender) and eventually discovers his dark secret. Also with Jamie Bell, Sally Hawkins, Dame Judi Dench, Imogen Poots, Tamzin Merchant and Holliday Grainger. Directed by Cary Fukunaga. [1:55]",Drama,Romance,"After a bleak childhood, Jane Eyre goes out into the world to become a governess. As she lives happily in her new position at Thornfield Hall, she meet the dark, cold, and abrupt master of the house, Mr. Rochester. Jane and her employer grow close in friendship and she soon finds herself falling in love with him. Happiness seems to have found Jane at last, but could Mr. Rochester's terrible secret be about to destroy it forever?",7.241,120.0
Jarhead ,2005, R ,8,7,10,"The Gulf War plays out in the burning oil fields of Saudi Arabia as we see how the young soldiers who fought on the ground suffered from fear, monotony and heat. We watch a battalion of Marine scout snipers whose mission it is to protect the oil fields. Each man confronts his demons along the way, while trying to remain sane through sardonic humor. ""Jarhead"" is a nickname for the Marines. With Jake Gyllenhaal, Peter Sarsgaard, Jamie Foxx, Lucas Black and Chris Cooper. Directed by Sam Mendes. [1:55]",Drama,War,"Jarhead is a film about a US Marine Anthony Swofford’s experience in the Gulf War. After putting up with an arduous boot camp, Swofford and his unit are sent to the Persian Gulf where they are eager to fight, but are forced to stay back from the action. Swofford struggles with the possibility of his girlfriend cheating on him, and as his mental state deteriorates, his desire to kill increases.",6.611,123.0
Jason Bourne ,2016, PG-13 ,1,7,4,"The runaway government assassin (Matt Damon) with induced amnesia resurfaces only to be hunted down again. He teams up with another ex-operative (Julia Stiles) to avoid capture and continues to try to discover the truth about himself and his past. Also with Tommy Lee Jones, Alicia Vikander, Vincent Cassel and Riz Ahmed. Directed by Paul Greengrass. Several lines of dialogue are in Greek, Russian and other languages with and without English subtitles. [2:13]",Action,Thriller,The most dangerous former operative of the CIA is drawn out of hiding to uncover hidden truths about his past.,6.318,123.0
Jason Goes to Hell: The Final Friday ,1997, R ,6,9,7,"Jason Voorhees, the big bad guy with the hockey mask who likes killing teens, is back for the ninth time.",,,,,
Jason's Lyric ,1994, R ,6,9,6,Urban drama about two brothers and their relationship with their father. There's also a romantic subplot.,Crime,Drama,The story of a young man who must confront his own fears about love as well as his relationships with family and friends.,6.697,119.0
Jason X ,2002, R ,6,8,5,"Jason Voorhees gets supercharged in the umpteenth installment of the series about the silent, goalie-masked serial slasher. He now gets to operate in space, in the year 2455. The Earth has died, and when a crew of earth-bound explorers finds a woman and a man cryogenically frozen, they bring them back to their spaceship. And the bloodletting begins anew as Jason finds new and original ways to murder more people. With Kane Hodder, Dylan Bierk, Lisa Ryder, Chuck Campbell and Barna Moricz. [1:33]",Horror,Science Fiction,"In the year 2455, Old Earth is now a contaminated planet abandoned for centuries -- a brown world of violent storms, toxic landmasses and poisonous seas. Yet humans have returned to the deadly place that they once fled, not to live, but to research the ancient, rusting artifacts of the long-gone civilizations. But it's not the harmful environment that could prove fatal to the intrepid, young explorers who have just landed on Old Earth. For them, it's Friday the 13th, and Jason lives!",4.833,91.0
Jawbreaker ,1999, R ,5,4,7,"In this black comedy, a group of high school girls turn against each other when they accidentally kill one of their friends and disagree on how to cover it up. Starring Rose McGowan, Rebecca Gayheart, Julie Benz, Judy Greer, Chad Christ, Ethan Erickson, Charlotte Roldan, Carol Kane and Pam Grier. [1:27]",Comedy,Crime,"When an exclusive clique of teenage socialites accidentally murder their best friend on the morning of her birthday, the three girls responsible conspire to hide the truth.",6.282,87.0
Jay and Silent Bob Strike Back ,2001, R ,7,5,10,"This road picture is centered on the two recurring characters writer/director Kevin Smith created for his debut film ""Clerks"" and subsequently used as comic foils in his other films: When Jay (Jason Mewes) and Silent Bob (Kevin Smith) learn that a movie is being made featuring their characters, they expect royalty checks to start rolling in. When they don't, the disparate duo decides to sabotage the film and thus make their way from New Jersey to Hollywood. They have several adventures along the way and end up in the Miramax lot, invading the sets of several movies, some real, some imaginary. Also with Shannen Doherty, Renée Humphrey, Ben Affleck, James Van Der Beek, Jason Biggs, Matt Damon, Joey Lauren Adams, Shannon Elizabeth, Eliza Dushku and Carrie Fisher. [1:40]",,,,,
J. Edgar ,2011, R ,3,4,5,"Biopic of J. Edgar Hoover with Leonardo DiCaprio in the lead role: The first Director of the FBI lead a complicated life as he rose to power, and amid famous raids, G-man comic books and other exploits, Hoover hid secrets with the help of his lifelong friend, Associate FBI Director Clyde Tolson (Armie Hammer) and his long-time secretary (Naomi Watts). Also with Judy Dench, Damon Herriman, Lea Coco, Stephen Root and Jeffrey Donovan. Directed by Clint Eastwood. [2:17]",Drama,Crime,"As the face of law enforcement in the United States for almost 50 years, J. Edgar Hoover was feared and admired, reviled and revered. But behind closed doors, he held secrets that would have destroyed his image, his career, and his life.",6.206,137.0
Jeepers Creepers ,2001, R ,5,9,7,"Two teens, a brother and sister, are driving home from college when they decide to do all the things teenagers should never do in deserted country roads, especially when they get an inkling that there's a demonic creature lurking about, a creature that likes dining on human flesh. With Justin Long, Gina Philips, Jonathan Breck, Eileen Brennan and Patricia Belcher. [1:30]",Horror,Thriller,"Forced to travel with her boyfriend to a horror festival, Laine begins to experience disturbing visions associated with the urban legend of The Creeper. As the festival arrives and the blood-soaked entertainment builds to a frenzy, she becomes the center of it while something unearthly has been summoned.",5.8,88.0
Jeepers Creepers 2 ,2003, R ,2,9,9,"Every 23 years an ancient monster known as the Creeper comes back to ""life"" and spends the next 23 days feasting on humans. This time around he finds a broken down high school bus full of basketball players, cheerleaders and coaches that are ripe for the picking. With Jonathan Breck, Justin Long, Nicki Lynn Aycox, Ray Wise and Billy Aaron Brown. Directed by Victor Salva. [1:46]",,,,,
Jefferson in Paris ,1995, PG-13 ,4,2,0,"Nick Nolte stars as Thomas Jefferson, during the time period when he was the U.S. ambassador to France.",Drama,Romance,"His wife having recently died, Thomas Jefferson accepts the post of United States ambassador to pre-revolutionary France, though he finds it difficult to adjust to life in a country where the aristocracy subjugates an increasingly restless peasantry. In Paris, he becomes smitten with cultured artist Maria Cosway, but, when his daughter visits from Virginia accompanied by her attractive slave, Sally Hemings, Jefferson's attentions are diverted.",5.1,139.0
"Jeff, Who Lives at Home ",2012, R ,4,4,8,"An unemployed and aimless 30-year-old (Jason Segel) still lives in his mother's basement and finds himself searching for meaning in everything, including a chance run-in with his brother (Ed Helms), before they begin a day-long investigation into the possible infidelity of his sister-in-law. Also with Susan Sarandon, Judy Greer and Rae Dawn Chong. Directed by Jay Duplass & Mark Duplass. [1:23]",Drama,Comedy,"Dispatched from his basement room on an errand for his mother, slacker Jeff might discover his destiny (finally) when he spends the day with his brother as he tracks his possibly adulterous wife.",6.175,83.0
Jem and the Holograms ,2015, PG ,3,2,2,"Based on the 1980s cartoon series: shy teenager Jem (Aubrey Peeples) writes music and starts a rock band to sing with her crew (Stefanie Scott, Aurora Perrineau and Hayley Kiyoki). Under the guidance of a new music producer (Ryan Guzman) the band becomes world famous and inspires thousands of people. Also with Juliette Lewis, Molly Ringwald, Nathan Moore, Barnaby Carpenter and Nicholas Braun. Directed by Jon M. Chu. [1:58]",Fantasy,Music,"As a small-town girl catapults from underground video sensation to global superstar, she and her three sisters begin a one-in-a-million journey of discovering that some talents are too special to keep hidden. Four aspiring musicians will take the world by storm when they see that the key to creating your own destiny lies in finding your own voice.",5.5,119.0
Jennifer 8 ,1992, R ,4,4,5,"Andy Garcia is a cop obsessed with the long-cold trail of a serial killer, while Uma Thurman is a blind music instructor who may be the next victim.",Crime,Drama,"A big city cop from LA moves to a small town police force and immediately finds himself investigating a murder. Using theories rejected by his colleagues, the cop, John Berlin, meets a young blind woman named Helena, who he is attracted to. Meanwhile, a serial killer is on the loose and only John knows it.",6.0,124.0
Jennifer's Body ,2009, R ,7,9,7,"A young woman (Megan Fox) makes the fateful choice to join the members of a rock band for a ride in their van, and when young men in her small town begin dying in gruesome ways, her best friend (Amanda Seyfried) suspects that she might have something to do with it. Also with Johnny Simmons, J. K. Simmons, Amy Sedaris, Adam Brody, Sal Cortez, Juan Riedinger, Chris Pratt, Juno Ruddell and Kyle Gallner. Directed by Karyn Kusama. [1:42]",Horror,Comedy,"Jennifer, a gorgeous, seductive cheerleader takes evil to a whole new level after she's possessed by a sinister demon. Now it's up to her best friend to stop Jennifer's reign of terror before it's too late.",5.9,107.0
The Jerky Boys ,1995, R ,4,3,8,"The Jerky Boys, made famous by creating comedy tapes of raunchy prank phone calls, employ various odd character voices to antagonize their unsuspecting victims.",Comedy,Crime,"When two unemployed telephone pranksters decide to use their vocal ""talents"" to impersonate a Chicago mob boss and curry favor with organized crime in New York, the trouble begins. It isn't long before Johnny and Kamal (the ""Jerky Boys"" of crank call fame) are wanted by the local mafia, the police, and their neighbor.",4.3,82.0
Jerry Maguire ,1996, R ,5,2,7,Tom Cruise is sports agent Jerry Maguire who gets an attack of conscience and must then put his money where his mouth is.,Comedy,Drama,"Jerry Maguire used to be a typical sports agent: willing to do just about anything he could to get the biggest possible contracts for his clients, plus a nice commission for himself. Then, one day, he suddenly has second thoughts about what he's really doing. When he voices these doubts, he ends up losing his job and all of his clients, save Rod Tidwell, an egomaniacal football player.",6.945,138.0
Jersey Boys ,2014, R ,4,4,8,"Three 1950s New Jersey street corner singers (Michael Lomenda, Vincent Piazza and Erich Bergen) recruit Frankie Valli (John Lloyd Young) and become a boy band sensation as The Four Seasons. The film chronicles their rise in the music industry, along with their underworld involvement and family disasters. Also with Christopher Walken, Mike Doyle, Renee Marino and Jeremy Luke. Directed by Clint Eastwood. [2:14]",Music,Drama,"A musical biopic of the Four Seasons—the rise, the tough times and personal clashes, and the ultimate triumph of a group of friends whose music became symbolic of a generation. Far from a mere tribute concert, it gets to the heart of the relationships at the centre of the group, with a special focus on frontman Frankie Valli, the small kid with the big falsetto.",6.808,134.0
Jersey Girl ,2004, PG-13 ,5,3,5,"A man (Ben Affleck) and his infant daughter move to New Jersey leaving their glamorous life in Manhattan behind after his wife dies in child birth and he is fired from his job. The man struggles to cope with his grief and become a single parent with the help of his father (George Carlin). He longs for his old life and continues to try to recapture the old days by interviewing for jobs in New York. When he finally gets a job offer he must decide between that and the family he has created with his daughter and father in New Jersey. Also with Liv Tyler, Raquel Castro and Jason Biggs. Directed by Kevin Smith. [1:43]",Comedy,Romance,"Ollie Trinke is a young, suave music publicist who seems to have it all, with a new wife and a baby on the way. But life deals him a bum hand when he's suddenly faced with single fatherhood, a defunct career and having to move in with his father. To bounce back, it takes a new love and the courage instilled in him by his daughter.",6.109,102.0
Jesus Camp ,2006, PG-13 ,1,2,0,"Documentary that focuses on an evangelical Christian summer camp, ""Kids in Ministry International"" (KIMI), where activities include speaking in tongues, and children are taught that ""science doesn't prove anything,"" and that they are members of an Army of God that will fight to end abortion. With Becky Fischer and Mike Papantonio. Directed by Heidi Ewing & Rachel Grady. [1:25]",,,,,
Jesus Henry Christ ,2012, PG-13 ,2,6,5,"The story of a ten-year-old (Jason Spevack), conceived in-vitro, who seeks the identity of his father while also trying to find his place in the world. Also with Toni Collette, Michael Sheen and Samantha Weinstein. Directed by Dennis Lee. [1:32]",Comedy,Family,"At the age of ten, Henry James Hermin, a boy who was conceived in a petri-dish and raised by his feminist mother, follows a string of Post-It notes in hopes of finding his biological father.",6.4,92.0
Jet Lag ,2003, R ,6,2,5,Jean Reno and Juliette Binoche star in this romantic comedy as two strangers -- and complete opposites personality-wise -- who meet at Charles de Gaulle airport in Paris while planes are grounded due to a strike and bad weather. Also with Sergi López and Scali Delpeyrat. Directed by Danièle Thompson. In French with English subtitles. [1:31],Comedy,Drama,"At Charles de Gaulle Airport in Paris, a beautician on her way to a new job in Mexico accidentally meets a cook who is on his way back from America. Labor strikes, bad weather, and pure luck cause the two of them to share a room overnight at the airport Hilton hotel. Will their initial mutual indifference and downright hostility turn into a one night stand or perhaps something more?",5.542,91.0
Jet Li's Fearless ,2006, PG-13 ,1,7,1,"Jet Li stars as a the son of a great martial arts fighter, who's determined to continue his father's legacy by defeating all martial arts masters in competition. After years of training he ends up killing an opponent during a match. The dead man's family seeks revenge by murdering his mother and daughter. Grieving, he leaves his village and wanders the countryside in a daze until he is found and nursed back to health by a community of rice farmers. Also with Betty Sun, Dong Yong, Shido Nakamura and Collin Chou. Directed by Ronnie Yu. [1:43]",Drama,Action,"Huo Yuan Jia became the most famous martial arts fighter in all of China at the turn of the 20th Century. Huo faced personal tragedy but ultimately fought his way out of darkness, defining the true spirit of martial arts and also inspiring his nation. The son of a great fighter who didn't wish for his child to follow in his footsteps, Huo resolves to teach himself how to fight - and win.",7.488,103.0
Jigsaw ,2017, R ,2,10,9,"The 8th installment of the ""Saw"" series finds the police investigating a series of elaborate murders with the signature of the Jigsaw killer (Tobin Bell), who was supposed to have been dead for a decade. Also with Matt Passmore, Callum Keith Rennie, Clé Bennett and Hannah Emily Anderson. Directed by Michael Spierig & Peter Spierig. [1:31]",Horror,Crime,"Dead bodies begin to turn up all over the city, each meeting their demise in a variety of grisly ways. All investigations begin to point the finger at deceased killer John Kramer.",6.212,92.0
Jimmy Hollywood ,1994, R ,2,2,6,Joe Pesci stars as a man who desperately wants to become a Hollywood star.,,,,,
Jimmy Neutron: Boy Genius ,2001, G ,2,4,2,"Animated feature about Little Jimmy Neutron, a boy genius who's not very cool. However, when one day all parents on Earth are kidnapped by aliens, he uses his intellectual prowess to invent stuff and leads the children of the world in a rescue mission. He quickly becomes the coolest kid. With the voices of Megan Cavanagh, Mark DeCarlo, Debi Derryberry, Jeffrey Garcia, Bob Goen, Mary Hart , Carolyn Lawrence, Andrea Martin, Candi Milo, Candy Milo Martin Short, Patrick Stewart and Laraine Newman. [1:30]",Family,Action,"Jimmy Neutron is a boy genius and way ahead of his friends, but when it comes to being cool, he's a little behind. All until one day when his parents, and parents all over Earth are kidnapped by aliens, it's up to him to lead all the children of the world to rescue their parents.",5.914,83.0
Jingle All the Way ,1996, PG ,2,4,2,Arnold Schwarzenegger fights the Christmas crowds and Sinbad to get his son a hot toy.,Family,Comedy,"Howard Langston, a salesman for a mattress company, is constantly kept busy at his job, disappointing his son. After he misses his son's karate exposition, Howard vows to make it up to him by buying an action figure of his son's favorite television hero for Christmas. Unfortunately for Howard, it is Christmas Eve, and every store is sold out of Turbo Man. Now, Howard must travel all over town and compete with everybody else to find a Turbo Man action figure.",6.001,89.0
Jobs ,2013, PG-13 ,3,2,5,"Biopic of Steve Jobs (Ashton Kutcher) who along with Steve Wozniak (Josh Gad) brought creative ideas in the world of computers, technology and business. Also with Dermot Mulroney, Lukas Haas and J.K. Simmons. Directed by Joshua Michael Stern. [2:02]",Romance,Drama,"A young man falls in love with his friend's mother.  Hyun-woo, who returned to the military, starts a part-time job at a bar in a difficult situation, where he meets Yoo-sun, a woman who captures the hearts of customers with her skillful ways. Then one day, Hyun-woo, who was alone with her, finds himself in a shock with his friends Min-seok and Yoo-sun. When Hyun-woo confesses the truth after a hard time, Yoo-sun asks her to keep her relationship secret. Hyun-woo, who failed to reject Min-seok's proposal to live in his own home, begins a breathtaking cohabitation with Yoo-sun.",3.0,79.0
Jodorowsky's Dune ,2014, PG-13 ,6,5,2,"In this documentary director Alejandro Jodorowsky explains his attempts to film Frank Herbert's ""Dune"" in 1975. He treats viewers to images and sound performances by famous artists (Dali, Giger, Chris Foss, Jean ""Moebius"" Giraud, Magma and Pink Floyd) and stories about cast members. Also with Brontis Jodorowsky, Michel Seydoux, Chris Foss, Nicolas Winding Refn, Amanda Lear and Richard Stanley. Directed by Frank Pavich. In English, Spanish, French and German with English subtitles. [1:30]",,,,,
Joe Dirt ,2001, PG-13 ,6,5,6,"A janitor (David Spade) living in a boiler room becomes the guest on a talk radio show and captivates the hearts of millions with his pathetic life story. Also with Brittany Daniel, Christopher Walken, Erik Per Sullivan, Dennis Miller, Kid Rock, Adam Beach and Rosanna Arquette. [1:22]",Mystery,Adventure,"Joe Dirt is a janitor with a mullet hairdo, acid-washed jeans and a dream to find the parents that he lost at the Grand Canyon when he was a belligerent, trailer park-raised eight-year-old. Now, blasting Van Halen in his jacked-up economy car, the irrepressibly optimistic Joe hits the road alone in search of his folks.",5.599,91.0
Joe Gould's Secret ,1999,R ,8,1,6,"Stanley Tucci plays Joe Mitchell, a writer for The New Yorker who profiles the eccentric Joe Gould (Ian Holm), a man collecting everyday people's conversations and concerns and creating a huge tome he calls ""The Oral History of Our Time."" Also with Patricia Clarkson, Hope Davis, Steve Martin, Susan Sarandon, Patrick Tovatt, Celia Weston, Allan Corduner, Alice Drummond, Julie Halston, Hallee Hirsh, Sarah Hyland, Ben Jones, John Tormey and David Wohl. [1:44]",,,,,
Joe Somebody ,2001, PG ,2,3,4,"Joe (Tim Allen) is a middle-aged divorced corporate peon whose life is both personally and professionally at a dead-end. But everything's turned around after the office bully publicly humiliates him in front of his daughter. Joe challenges him to a fight and gives himself a total makeover, and thereby becomes both popular and successful. Also with Julie Bowen, Kelly Lynch, Greg Germann and Patrick Warburton. [1:38]",Comedy,Romance,"When underappreciated video specialist Joe Scheffer is brutally humiliated by the office bully Mark McKinney in front of his daughter, Joe begins a quest for personal redemption. He proceeds by enduring a personal make-over and takes martial arts lessons from a B-action star. As news spreads of his rematch with Mark, Joe suddenly finds himself the center of attention, ascending the corporate ladder and growing in popularity. He's determined to show everyone in his life that he is not a nobody, but a force to be reckoned with.",5.735,99.0
John Carpenter's Vampires ,1998, R ,7,10,10,"Vampire hunters James Woods and Daniel Baldwin must kill a master vampire before he finds a church relic that will allow him and his disciples to live in the sunlight. Also with Sheryl Lee, Thomas Ian Griffith, Maximilian Schell, Tim Guinee and Gregory Sierra. [1:47]",Action,Fantasy,The church enlists a team of vampire-hunters to hunt down and destroy a group of vampires searching for an ancient relic that will allow them to exist in sunlight.,6.327,108.0
John Carter ,2012, PG-13 ,2,6,4,"John Carter, a Civil War veteran (Taylor Kitsch) is mysteriously transported to Mars where he becomes immersed in the conflict between the various nations of the planet. When he meets a princess (Lynn Collins), he vows to help against her enemies. Also with Willem Dafoe, Thomas Haden Church, Ciaran Hinds, Samantha Morton, Daryl Sabara, Mark Strong and Dominic West. Directed by Andrew Stanton. [2:12]",Action,Adventure,"John Carter is a war-weary, former military captain who's inexplicably transported to the mysterious and exotic planet of Barsoom (Mars) and reluctantly becomes embroiled in an epic conflict. It's a world on the brink of collapse, and Carter rediscovers his humanity when he realizes the survival of Barsoom and its people rests in his hands.",6.271,132.0
Johnny English ,2003, PG ,3,4,3,"Spy spoof with Rowan Atkinson as accident-prone MI-7 agent Johnny English, who takes on a Machiavellian French business magnate (John Malkovich) after all of the other secret agents have been killed. Helping English protect the British monarchy are Ben Miller as his sidekick and recording artist Natalie Imbruglia as his object of affection. Also with Kevin McNally. Directed by Peter Howitt. [1:28]",Crime,Adventure,"The most prominent heads of state in the world begin gathering for a conference that could have a major impact on global politics. When MI-7 receives word that the Chinese premier has become the target of some high-powered killers, it falls on Johnny English to save the day. Armed with the latest high-tech weaponry and gadgets that would make even James Bond jealous, the once-disgraced agent uncovers evidence of a massive conspiracy involving some of the world's most powerful organisations, and vows to redeem his tarnished reputation by stopping the killers before they can strike.",6.213,101.0
Johnny English Reborn ,2011, PG ,2,5,4,"A banished MI7 agent (Rowan Atkinson) is called back from Tibetan Kung Fu training to uncover and stop an assassins' syndicate known as The Vortex. At first, he does not impress his Chief (Gillian Anderson) or the company psychologist (Rosamund Pike). However, with help from his assistant (Daniel Kaluuya) and lessons from his Kung Fu master, he starts getting the job done. Also with Dominic West, Richard Schiff, Tim McInnerny, Togo Igawa, Pierce Brosnan and Pik-Sen Lim. Directed by Oliver Parker. [1:40]",Crime,Adventure,"The most prominent heads of state in the world begin gathering for a conference that could have a major impact on global politics. When MI-7 receives word that the Chinese premier has become the target of some high-powered killers, it falls on Johnny English to save the day. Armed with the latest high-tech weaponry and gadgets that would make even James Bond jealous, the once-disgraced agent uncovers evidence of a massive conspiracy involving some of the world's most powerful organisations, and vows to redeem his tarnished reputation by stopping the killers before they can strike.",6.213,101.0
Johnny Mnemonic ,1995, R ,2,8,6,Keanu Reeves stars as a futuristic information courier with too much data in his brain.,Science Fiction,Thriller,"In a dystopian 2021, Johnny is a data trafficker who has an implant that allows him to securely store data too sensitive for regular computer networks. On one delivery run, he accepts a package that not only exceeds the implant's safety limits—and will kill him if the data is not removed in time—but also contains information far more important and valuable than he had ever imagined. On a race against time, he must avoid the assassins sent to kill him and remove the data before it, too, ends his life.",5.748,97.0
John Q ,2002, PG-13 ,2,6,5,"A young boy needs a heart transplant, but his father's insurance won't pay for the operation. The increasingly desperate father (Denzel Washington) takes over the hospital's emergency room and holds everybody there hostage. His demand is to have his son's name placed on the organ transplant list. Also with Robert Duvall, Anne Heche, James Woods and Eddie Griffin. [1:58]",Drama,Thriller,"John Quincy Archibald is a father and husband whose son is diagnosed with an enlarged heart and then finds out he cannot receive a transplant because HMO insurance will not cover it. Therefore, he decides to take a hospital full of patients hostage until the hospital puts his son's name on the donor's list.",7.101,116.0
Johnson Family Vacation ,2004, PG-13 ,4,4,5,"A separated couple (Vanessa L. Williams and Cedric the Entertainer) plans a trip with their three children to a family reunion. The husband wants desperately to win the ""Family of the Year"" award, and also hopes to win back his wife in the process. Also with Solange Knowles, Bow Wow and Chris Hardwick. Directed by Christopher Erskin. [1:36]",Comedy,Family,"Nate Johnson, a Los Angeles man estranged from his wife and three children, decides to reconnect with his family by taking them with him on a road trip to Missouri for a big family reunion.",5.5,97.0
John Tucker Must Die ,2006, PG-13 ,5,3,4,"Three young women take on the challenge of systematically destroying a young man's life after they find out that he is dating all three of them, at the same time. The idea is to make him fall in love with someone and then break his heart in order to teach him a lesson. With Jesse Metcalfe, Sophia Bush, Ashanti, Brittany Snow and Sophia Bush. Directed by Betty Thomas. [1:27]",Comedy,Romance,"After discovering they are all dating the same same guy, three popular students from different cliques band together for revenge, so they enlist the help of a new gal in town and conspire to break the jerk's heart, while destroying his reputation.",6.151,87.0
John Wick ,2014, R ,2,7,9,"In New York City a retired hit man (Keanu Reeves) loses his wife to disease. Unable to mourn he comes out of retirement to eliminate the Russian gangsters who stole his car, wrecked his house and killed his puppy, the last gift from his dying wife. Also with Alfie Allen, Willem Dafoe, Ian McShane, Bridget Moynahan, Michael Nyqvist, Adrianne Palicki and Dean Winters. Directed by David Leitch and Chad Stahelski. Several lines of dialogue are in Russian with English subtitles. [1:36]",Action,Thriller,"With the price on his head ever increasing, John Wick uncovers a path to defeating The High Table. But before he can earn his freedom, Wick must face off against a new enemy with powerful alliances across the globe and forces that turn old friends into foes.",8.185,169.0
John Wick: Chapter 2 ,2017, R ,4,9,5,"In this sequel, a former assassin (Keanu Reeves) plans a low-profile retirement but is recalled to action when an Italian gangster (Riccardo Scamarcio) demands a favor. The assassin reluctantly travels to Rome to kill the ruthless leader (Claudia Gerini) of a dangerous crime family. Also with Common, Laurence Fishburne, Ruby Rose, John Leguizamo and Ian McShane. Directed by Chad Stahelski. Several lines of dialogue are spoken in Italian, Russian, Hebrew and American Sign Language with English subtitles. [2:02]",Action,Thriller,"John Wick is forced out of retirement by a former associate looking to seize control of a shadowy international assassins’ guild. Bound by a blood oath to aid him, Wick travels to Rome and does battle against some of the world’s most dangerous killers.",7.302,122.0
Jonah: A Veggie Tales Movie ,2002, G ,0,2,1,"The first feature film based on the popular direct-to-video children's series that features talking Christian vegetables and fruits, adapts the Biblical tale of Jonah and the whale, framed within a contemporary story. Jonah is an asparagus, while the whale remains a whale. With the voices of Phil Vischer, Mike Nawrocki, Kristin Blegen and Lisa Vischer. [1:23]",Adventure,Animation,"Get ready as Bob the Tomato, Larry the Cucumber and the rest of the Veggies set sail on a whale of an adventure in Big Idea's first full-length, 3-D animated feature film. This is the story of Jonah and the Whale as you've never seen it before - a story where we learn that one of the best gifts you can give - or get - is a second chance.",6.256,82.0
Jonah Hex ,2009, PG-13 ,4,7,4,"Based on the popular DC Comic line, a Confederate soldier turned bounty hunter (Josh Brolin) is offered his freedom in exchange for stopping a rogue soldier from destroying the United States. His ability to temporarily reanimate and talk to the dead, comes in useful. Megan Fox co-stars as a prostitute. Also with John Malkovich, and Will Arnett. Directed by Jimmy Hayward. [1:21]",Action,Western,"Gunslinger Jonah Hex is appointed by President Ulysses Grant to track down terrorist Quentin Turnbull, a former Confederate officer determined on unleashing hell on earth. Jonah not only secures freedom by accepting this task, he also gets revenge on the man who slayed his wife and child.",4.9,81.0
The Joneses ,2009, R ,7,4,5,"When a picture perfect family (David Duchovny, Demi Moore, Amber Heard and Ben Hollingsworth) moves into a new suburban neighborhood, they quickly become the envy of everyone. That is, until it is revealed that they are not a real family, just four unrelated people commissioned by a marketing company to pitch luxury products to neighborhoods around the world. Also with Gary Cole, Glenne Headly and Lauren Hutton. Directed by Derrick Borte. [1:36]",Comedy,Drama,"A seemingly perfect family moves into a suburban neighborhood, but when it comes to the truth as to why they're living there, they don't exactly come clean with their neighbors.",6.153,96.0
Josh and S.A.M. ,1993, PG-13 ,0,3,3,"An 8-year-old (Noah Fleiss) is convinced that he's really a Strategically Altered Mutant (ergo S.A.M.), and afraid that he'll be sent off to fight a secret war in Africa, he decides to flee to Canada and safety.",Adventure,Action,"Josh and Sam are two brothers facing change, their mother is about to marry a French accountant and the kids are sent to go live with their father in Florida. Meanwhile, Josh tells Sam that he is a ""S.A.M."" that is going to be sent to Africa to fight in a war and that Canada is a safe haven for any S.A.M. unwilling to fight. Will Josh & S.A.M. make it to Canada or will they wish they should have never left home?",4.5,96.0
Joshua ,2002, G ,1,2,1,"Religious film about a gentle stranger (Tony Goldwyn) who comes to a small town where everyone knows everyone else, but there is little sense of community. The stranger begins to rebuild a Christian church that was destroyed during a storm and as people join in on the project, they discover what it is to be a good neighbor. They also watch as the stranger performs what seem like miracles. Based on a novel by Joseph F. Girzone. Also with F Murray Abraham, Kurt Fuller, Giancarlo Giannini and Jordan Allen. [1:30]",,,,,
Joshua ,2007, R ,6,5,6,"A wealthy Manhattan couple (Sam Rockwell and Vera Farmiga) welcomes their new child, but soon their gifted and apparently psychopathic 9-year-old son (Jacob Kogan) starts to destroy their lives. He is quite aware of the limits of love, and tests those limits and watches happily as he tears apart his family. Also with Celia Weston, Dallas Roberts and Michael McKean. Directed by George Ratliff. [1:45]",,,,,
Josie & The Pussycats ,2001, PG-13 ,3,3,3,"An unscrupulous manufacturer plans to add subliminal messages on popular CDs and the only thing he needs is a gullible young band to act as cover. That's when he finds Josie & The Pussycats and they become his unwitting accomplices. Rachael Leigh Cook, Tara Reid, Rosario Dawson, Alan Cumming, Parker Posey, Gabriel Mann, Paulo Costanzo and Missi Pyle. [1:38]",Thriller,Drama,"Everyone knows everyone in the southern town of Baymont. So when tattooed, sweet-talking Josie struts into town, heads turn. Striking up relationships with young punk Gator and loner Hank, she quickly becomes a hot topic of local gossip.",5.397,87.0
Journey to the Center of the Earth ,2008, PG ,2,4,1,"A scientist (Brendan Fraser) has some outlandish ideas that have landed him on the fringes of the academic world. When he discovers a journal from his missing brother he takes his nephew (Josh Hutcherson) and heads to Iceland, where along with a beautiful mountain guide (Anita Briem) they descend to the center of the Earth and discover a world of danger and wonder. Also with Seth Myers and Jean Michel Pare. Directed by Eric Brevig. [1:32]",Action,Science Fiction,"On a quest to find out what happened to his missing brother, a scientist, his nephew and their mountain guide discover a fantastic and dangerous lost world in the center of the earth.",6.054,93.0
Journey 2: The Mysterious Island 3D ,2012, PG ,2,5,2,"A misunderstood youth (Josh Hutcherson) takes his stepfather (Dwayne Johnson) on an expedition to find the teen's missing grandfather (Michael Caine). The boy receives a coded message containing related clues from classic books and while his stepfather is skeptical, he agrees to a journey to the message's global coordinates. Meanwhile, the grandfather is living on an island previously thought imaginary. Also with Luis Guzman, Vanessa Hudgens and Kristin Davis. Directed by Brad Peyton. [1:34]",,,,,
Joy ,2015, PG-13 ,2,3,5,"Based on the true story of a woman (Jennifer Lawrence) who had been very good at creating useful things since she was very young. Eventually she decided to go all in with her latest invention when the shopping network QVC was becoming popular on cable TV. Also with Robert De Niro, Bradley Cooper, Édgar Ramírez, Diane Ladd, Virginia Madsen and Isabella Rossellini. Directed by David O. Russell. [2:04]",Adventure,Drama,"Significant as one of the latest decent examples of erotic cinema before the genre faded away to cable TV accessories, Joy en Afrique, as it is the case with all films of the series, basically plays to the Emmanuelle caricature: a sentimental but sexually adventurous beautiful young woman in exotic lands.",4.2,100.0
Joyful Noise ,2012, PG-13 ,4,3,4,"A single mom and church choir director (Queen Latifah) argues incessantly with teen choir members (Keke Palmer, Dexter Darden and Jeremy Jason) and a veteran singer (Dolly Parton) about what to sing and how to sing it. Frustrations rise even more after losing several regional competitions and funding. But the choir members cooperate to find a way to enter the finals of the National Joyful Noise Competition. Also with Kirk Franklin, Kris Kristofferson, Courtney B. Vance and Jesse L. Martin. Directed by Todd Graff. [1:58]",Comedy,Music,"G.G. Sparrow faces off with her choir's newly appointed director, Vi Rose Hill, over the group's direction as they head into a national competition.",6.489,117.0
The Joy Luck Club ,1993, R ,4,5,5,The stories of four Chinese mothers and their four American daughters give insight into the mother/daughter ties that bind.,,,,,
Joy Ride ,2001, R ,4,7,7,"Steve Zahn and Paul Walker star as two brothers who are driving across the country. To entertain themselves they use their CB radio to strike up a relationship with a trucker. But it turns out that the trucker does not take lightly to being made fun of and the results are deadly. Also with Leelee Sobieski, Rachel Singer and Walton Goggins. [1:36]",Mystery,Thriller,"Three young people on a road trip from Colorado to New Jersey talk to a trucker on their CB radio, then must escape when he turns out to be a psychotic killer.",6.489,97.0
The Judge ,2014, R ,5,4,7,"An attorney (Robert Downey, Jr.), returns to his rural hometown for his mother's funeral and continues an old feud with his father, a long-time judge (Robert Duvall). But his departure is delayed by accusations lodged against his father in the case of a murdered man recently released from prison and decides to take action to help his father. Also with Vera Farmiga, Vincent D'Onofrio, Dax Shepard, Jeremy Strong, Sarah Lancaster, Leighton Meester, Ken Howard and Billy Bob Thornton. Directed by David Dobkin. [2:22]",,,,,
Judge Dredd ,1995, R ,1,8,5,Sylvester Stallone is the law in this actioner based on the popular comic.,,,,,
Judgment Night ,1993, R ,0,7,7,Emilio Estevez and Denis Leary star in this violent tale of a road trip gone bad.,Action,Crime,"While racing to a boxing match, Frank, Mike, John and Rey get more than they bargained for. A wrong turn lands them directly in the path of Fallon, a vicious, wise-cracking drug lord. After accidentally witnessing Fallon murder a disloyal henchman, the four become his unwilling prey in a savage game of cat and mouse as they are mercilessly stalked through the urban jungle in this taut suspense drama.",6.543,109.0
Judy Moody and the Not Bummer Summer ,2011, PG ,1,3,3,"Based on the popular children's book of the same name, a third-grader (Jordana Beatty) sets out to have the best summer vacation ever, with the help of her aunt (Heather Graham) and brother (Parris Mosteller). Also with Janet Varney, Kristoffer Ryan Winters and Jaleel White. Directed by John Schultz. [1:21]",Comedy,Family,Third-grader Judy Moody sets out to have the most thrilling summer of her life.,6.2,91.0
Julie & Julia ,2009, PG-13 ,5,3,5,"The story of how famed chef Julia Child (Meryl Streep) brought French cooking into American kitchens and how Julie Powell (Amy Adams) cooked her way through Julia Child's cook book and blogged about it. Also with Stanley Tucci, Chris Messina, Jane Lynch, Mary Lynn Rajskub, Vanessa Ferlito, Linda Emond, Helen Carey and Joan Juliet Buck. Directed by Nora Ephron. [2:03]",Comedy,Drama,A mysteriously linked pair of young women find their daily lives pre-empted by a strange boudoir melodrama that plays itself out in a hallucinatory parallel reality.,6.721,193.0
Julien Donkey-Boy ,1999, R ,4,5,7,"In this dark slice-of-life flick, we meet a schizophrenic man and his dysfunctional family. With Ewen Bremner, Chloë Sevigny, Werner Herzog, Evan Neumann, Joyce Korine, Chrissy Kobylak, Alvin Law, Gary Berman, Brian Fisk, Hy Richards, Victor Varnado and Barry Benjamin Wernick. [1:34]",,,,,
Jumanji ,1995, PG ,1,5,3,"Robin Williams is a man who, as a boy, was sucked into a game that spit him out into a jungle. Now, the jungle is brought back to 1995 New England. Also with Jonathan Hyde, Kirsten Dunst, Bradley Pierce, Bonnie Hunt, Bebe Neuwirth, David Alan Grier, Patricia Clarkson, Adam Hann-Byrd, Laura Bundy, James Handy, Gillian Barber, Brandon Obray, Cyrus Theideke and Gary Joseph Thorup. [1:44]",Adventure,Comedy,"As the gang return to Jumanji to rescue one of their own, they discover that nothing is as they expect. The players will have to brave parts unknown and unexplored in order to escape the world’s most dangerous game.",6.943,123.0
Jumanji: Welcome to the Jungle ,2017, PG-13 ,4,5,4,"Four high school students end up together on detention and uncover an alternate reality video game. Assuming the identities of adult avatars, they enter the jungle setting of the game and try to survive and return home. With Dwayne Johnson, Kevin Hart, Jack Black, Karen Gillan, Bobby Cannavale, Nick Jonas, Alex Wolff, Ser'Darius Blain, Madison Iseman and Morgan Turner. Directed by Jake Kasdan. [1:59]",Adventure,Action,"Four teenagers in detention discover an old video game console with a game they’ve never heard of. When they decide to play, they are immediately sucked into the jungle world of Jumanji in the bodies of their avatars. They’ll have to complete the adventure of their lives filled with fun, thrills and danger or be stuck in the game forever!",6.824,119.0
Jumper ,2008, PG-13 ,4,6,5,"A teenager (Max Thieriot) struggling with an oppressive father and school bullies discovers that he has the power to teleport in an instant from one place to any other, regardless of distance. As a young man (Hayden Christensen) he also discovers that there's a secret society that's dedicated to hunting down and killing ""jumpers."" Also with Samuel L. Jackson, Jamie Bell, Diane Lane, Rachel Bilson, AnnaSophia Robb, Nathalie Cox (II), Barbara Garrick, Meredith Henderson, Tom Hulce and Michael Rooker Directed by Doug Liman. [1:28]",Action,Adventure,"David Rice is a man who knows no boundaries, a Jumper, born with the uncanny ability to teleport instantly to anywhere on Earth. When he discovers others like himself, David is thrust into a dangerous and bloodthirsty war while being hunted by a sinister and determined group of zealots who have sworn to destroy all Jumpers. Now, David’s extraordinary gift may be his only hope for survival!",6.135,88.0
Jumping the Broom ,2011, PG-13 ,6,3,4,"When an uptown woman (Paula Patton) meets and falls in love with a downtown man (Laz Alonso), their whirlwind romance almost comes to a screeching halt, with their two families clashing at their Martha's Vineyard wedding. Also with Angela Bassett, Loretta Devine, Meagan Good, Tasha Smith, Julie Bowen, DeRay Davis, Valarie Pettiford, Mike Epps and Romeo. Directed by Salim Akil. [1:53]",,,,,
The Jungle Book ,1994, PG ,1,3,1,"An adult, live-action version of Rudyard Kipling's classic.",Family,Animation,"The boy Mowgli makes his way to the man-village with Bagheera, the wise panther. Along the way he meets jazzy King Louie, the hypnotic snake Kaa and the lovable, happy-go-lucky bear Baloo, who teaches Mowgli ""The Bare Necessities"" of life and the true meaning of friendship.",7.282,78.0
The Jungle Book ,2016, PG ,1,4,1,"Raised in India by a wolf pack, a young boy (Neel Sethi) leaves his jungle home when an evil tiger (voiced by Idris Elba) threatens to kill him. An authoritarian panther (voiced by Ben Kingsley) and a funny bear (voiced by Bill Murray) help the boy navigate the jungle as he encounters a hungry python, a gangster ape and destruction caused by humans. Also with the voices of Lupita Nyong'o, Giancarlo Esposito, Scarlett Johansson and Christopher Walken. Directed by Jon Favreau. [1:50]",Family,Animation,"The boy Mowgli makes his way to the man-village with Bagheera, the wise panther. Along the way he meets jazzy King Louie, the hypnotic snake Kaa and the lovable, happy-go-lucky bear Baloo, who teaches Mowgli ""The Bare Necessities"" of life and the true meaning of friendship.",7.282,78.0
The Jungle Book 2 ,2003, G ,1,2,0,"Mowgli (voiced by Haley Joel Osment), Baloo (voiced by John Goodman) and the rest of the jungle friends -- and their foes -- return for a look at how life would be for Mowgli in the human village. Since he was raised in the jungle, he finds it difficult to adjust, never feels like he fits in, and he eventually runs away and comes face to face with the menacing tiger Shere Khan. Also with the voices of Tony Jay, Phil Collins and Jim Cummings. [1:12]",Family,Animation,"Mowgli has been living in the man-village with his little stepbrother Ranjan and his best friend Shanti. But the man-cub still has that jungle rhythm in his heart, and he misses his old buddies Baloo and Bagheera. When Mowgli wanders back to the wild for some swingin' fun, he soon finds the man-eating tiger Shere Khan is lurking in the shadows and planning his revenge.",5.882,72.0
Jungle 2 Jungle ,1997, PG ,2,2,1,Tim Allen meets the son he never knew he had and brings him to the wild jungle of New York City.,Family,Animation,"Mowgli has been living in the man-village with his little stepbrother Ranjan and his best friend Shanti. But the man-cub still has that jungle rhythm in his heart, and he misses his old buddies Baloo and Bagheera. When Mowgli wanders back to the wild for some swingin' fun, he soon finds the man-eating tiger Shere Khan is lurking in the shadows and planning his revenge.",5.882,72.0
Junior ,1994, PG-13 ,4,3,3,Arnold Schwarzenegger stars as a scientist who becomes pregnant by testing a drug he developed.,,,,,
Juno ,2007, PG-13 ,6,3,5,"A 16-year-old girl (Ellen Page), disillusioned by the breakdown of relationships she sees around, her decides to experiment by having sex with her best friend (Michael Cera). When she becomes pregnant she decides to carry the baby to term and have it adopted by an affluent couple (Jennifer Garner and Jason Bateman). But getting through each day becomes a challenge despite the support of her family. Also with Olivia Thirlby and Allison Janney. Directed by Jason Reitman. [1:31]",Comedy,Drama,"Faced with an unplanned pregnancy, an offbeat young woman makes an unusual decision regarding her unborn child.",7.043,96.0
Jupiter Ascending ,2015, PG-13 ,4,6,4,"Sci-fi film about a housekeeper (Mila Kunis) on Earth, who learns from a planet-hopping warrior (Channing Tatum) that she is vital to universal life. She must journey beyond her solar system to meet her destiny and decide whether the status quo is worth maintaining. Also with Douglas Booth, Eddie Redmayne, Sean Bean, Gugu Mbatha-Raw and Tuppence Middleton. Directed by Andy and Lana Wachowski. There are several lines of Russian and extraterrestrial languages with English subtitles. [2:07]",Science Fiction,Fantasy,"In a universe where human genetic material is the most precious commodity, an impoverished young Earth woman becomes the key to strategic maneuvers and internal strife within a powerful dynasty…",5.425,127.0
Jurassic Park ,1993, PG-13 ,2,6,4,"A wealthy businessman (Richard Attenborough) creates ultimate theme park: an island that complete with genetically engineered dinosaurs. Three scientists (Sam Neill, Laura Dern and Jeff Goldblum) and two children (Ariana Richards and Joseph Mazzello) are invited to experience the park before the grand opening but the ancient lizards get loose and start dining on the visitors. Also with Samuel L. Jackson, BD Wong, Bob Peck and Wayne Knight. Directed by Steven Spielberg. [2:07]",Adventure,Science Fiction,"A wealthy entrepreneur secretly creates a theme park featuring living dinosaurs drawn from prehistoric DNA. Before opening day, he invites a team of experts and his two eager grandchildren to experience the park and help calm anxious investors. However, the park is anything but amusing as the security systems go off-line and the dinosaurs escape.",7.934,127.0
Jurassic Park III ,2001, PG-13 ,1,8,2,"Sam Neill reprises his role from the first ""Jurassic Park"" film as a paleontologist who's willing to continue studying live dinosaurs despite an almost lethal and very close encounter. Desperate to fund research for a new theory about velociraptor intelligence, he accepts an invitation to a dinosaur island he's never visited before. Marooned with his group, they encounter pterodactyls and other new and quite deadly species of the revived reptiles and the opportunity arises for several disposable characters to get chewed up in sundry ways. Also with William H. Macy, Tea Leoni, Alessandro Nivola, Michael Jeter, Laura Dern, Trevor Morgan, Bruce A. Young, Mark Harelik and John Diehl. [1:32]",Adventure,Action,"In need of funds for research, Dr. Alan Grant accepts a large sum of money to accompany Paul and Amanda Kirby on an aerial tour of the infamous Isla Sorna. It isn't long before all hell breaks loose and the stranded wayfarers must fight for survival as a host of new -- and even more deadly -- dinosaurs try to make snacks of them.",6.119,92.0
Jurassic World ,2015, PG-13 ,2,7,4,"In this fourth sequel a billionaire (Irrfan Kahn) opens a Costa Rican dinosaur park and pushes his staff to create bigger and scarier animals. Proud of a new hybrid, Indominus Rex, the owner is horrified when the creature escapes and hunts down park staff, guests, and other large reptiles. The park's dinosaur trainer (Chris Pratt) and manager (Bryce Dallas Howard) are charged with capturing the monster, while a band of mercenaries has other ideas. Also with Vincent D'Onofrio, Ty Simpkins, Nick Robinson, B.D. Wong and Omar Sy. Directed by Collin Trevorrow. [2:03]",Adventure,Action,"Four years after the destruction of Isla Nublar, Biosyn operatives attempt to track down Maisie Lockwood, while Dr Ellie Sattler investigates a genetically engineered swarm of giant insects.",6.877,147.0
Jurassic World: Fallen Kingdom ,2018, PG-13 ,1,7,4,"When the island from the 2015 installment of Jurassic World is threatened by a volcanic eruption and the remaining dinosaurs are threatened by imminent extinction once again, a rescue mission is planned. With Chris Pratt, Bryce Dallas Howard, Rafe Spall, Justice Smith, Daniella Pineda, James Cromwell, Toby Jones, Ted Levine, Jeff Goldblum, BD Wong, Geraldine Chaplin and Isabella Sermon. Directed by J.A. Bayona. [2:08]",Action,Adventure,"When the island's dormant volcano begins roaring to life, Owen and Claire mount a campaign to rescue the remaining dinosaurs from this extinction-level event.",6.551,129.0
The Juror ,1996, R ,5,6,7,"Demi Moore and her son fear for their lives when she's called to jury duty on a Mafia don's case. Also with Alec Baldwin, Joseph Gordon-Levitt, Anne Heche, James Gandolfini, Lindsay Crouse, Tony Lo Bianco, Michael Constantine, Matt Craven, Michael Rispoli, Julie Halston, Frank Adonis, Matthew Cowles and Polly Adams. [1:58]",,,,,
Jury Duty ,1995, PG-13 ,3,2,3,Judicial romp by Pauly Shore.,Comedy,Drama,"When jobless Tommy Collins discovers that sequestered jurors earn free room and board as well as $5-a-day, he gets himself assigned to a jury in a murder trial. Once there, he does everything he can to prolong the trial and deliberations and make the sequestration more comfortable for himself.",4.5,88.0
Just A Kiss ,2002, R ,7,5,8,"Black comedy that follows three couples, Dag (Ron Eldard) and Hallie (Kyra Sedgewick), Pete (Patrick Breen) and Rebecca (Marley Shelton), Andre (Taye Diggs) and Colleen (Sarita Choudhury), and a single woman, Paula (Marisa Tomei), as they learn the hard way that a kiss is never just that and will inevitably lead to infidelity. [1:29]",Comedy,Romance,A group of thirtysomethings having problems with fidelity gets an opportunity to turn back the clock.,4.5,89.0
Just Cause ,1995, R ,4,6,7,Sean Connery stars as a law professor defending a death row convict who's proclaiming his innocence.,Action,Drama,A Harvard professor is lured back into the courtroom after twenty-five years to take the case of a young black man condemned to death for the horrific murder of a child.,6.152,102.0
Just Friends ,2005, PG-13 ,6,5,5,"Ryan Reynolds stars as a man who suffered by being just a friend to a girl (Amy Smart) he was infatuated with in high school. When he unexpectedly visits his hometown and finds her working at the local bar, he is committed to stay out of the ""friend zone"" and to finally have a romantic relationship with her. He has competition though from the school nerd (Chris Klein) who also had a crush on her. Also with Anna Faris and Ty Olsson. Directed by Roger Kumble. [1:28]",Comedy,Romance,"On the 10th anniversary of his dad’s death, Joris still tries to come to terms with his father’s absence when he meets the free-spirited Yad, who returns back home to his family after living on his own. Although very different, there is an instant spark between the two and they want to be more than “just friends”, but both have issues with their mothers that threaten to jeopardise their relationship.",7.083,80.0
Just Getting Started ,2017, PG-13 ,4,5,5,"A man (Morgan Freeman) in witness protection manages a retirement resort in Palm Springs until he is discovered by the mob he used to work for and his life is in danger. He enlists the help of a new friend (Tommy Lee Jones) to save him. Also with Glenne Headly, Rene Russo, Joe Pantoliano George Wallace, Sheryl Lee Ralph and Elizabeth Ashley. Directed by Ron Shelton. [1:31]",Action,Comedy,"Duke Diver is living the high life as the freewheeling manager of a luxurious resort in Palm Springs, Calif. He soon faces competition from Leo, a former military man who likes the same woman that Duke is interested in. When Diver's past suddenly catches up with him, he must put aside his differences and reluctantly team up with Leo to stop whoever is trying to kill him.",4.855,91.0
Just Go With It ,2011, PG-13 ,7,3,4,"After a plastic surgeon (Adam Sandler) is caught in a lie to impress a new girlfriend (Brooklyn Decker), he has his assistant (Jennifer Aniston) play along as his soon-to-be ex-wife, until she is caught in her own lie. There are more complications involving kids, a trip to Hawaii and someone posing as a German sheep-shipper. Also with Nicole Kidman, Nick Swardson, Bailee Madison, Dave Matthews and Kevin Nealon. Directed by Dennis Dugan. [1:50]",Comedy,Romance,"A plastic surgeon, romancing a much younger schoolteacher, enlists his loyal assistant to pretend to be his soon to be ex-wife, in order to cover up a careless lie. When more lies backfire, the assistant's kids become involved, and everyone heads off for a weekend in Hawaii that will change all their lives.  A remake of Cactus Flower (1969).",6.67,117.0
Justice League ,2017, PG-13 ,3,6,4,"When an evil power threatens the world's existence, Batman (Ben Affleck) and Wonder Woman (Gal Gadot) unite a league of super heroes that includes Aquaman (Jason Momoa), Cyborg (Ray Fisher) and the Flash (Ezra Miller) to save the planet. Also with Robin Wright, Connie Nielsen, Amy Adams, Amber Heard, Henry Cavill, Diane Lane and Jeremy Irons. Directed by Zack Snyder. A few lines of dialogue are spoken in Russian with English subtitles. [2:01]",Action,Adventure,"Determined to ensure Superman's ultimate sacrifice was not in vain, Bruce Wayne aligns forces with Diana Prince with plans to recruit a team of metahumans to protect the world from an approaching threat of catastrophic proportions.",8.213,242.0
Justin Bieber: Never Say Never ,2011, G ,2,1,1,"The film consists of footage of Justin Bieber in the ten days leading up to his sold-out concert at Madison Square Gardens and footage from his 2010 concert tour. Also with Boyz II Men, Miley Cyrus, Sean Kingston, Ludacris, Jaden Smith, Usher, Snoop Dogg and Scooter Braun. Directed by Jon Chu. [1:45]",Music,Documentary,"Tells the story of Justin Bieber, the kid from Canada with the hair, the smile and the voice: It chronicles his unprecedented rise to fame, all the way from busking in the streets of Stratford, Canada to putting videos on YouTube to selling out Madison Square Garden in New York as the headline act during the My World Tour from 2010. It features Usher, Scooter Braun, Ludacris, Sean Kingston, Antonio ""L.A."" Reid, Boyz II Men, Miley Cyrus, Jaden Smith, Justin's family members and parts of his crew and huge fanbase in a mix of interviews and guest performances. It was released in 3D in theaters all around the world and is the highest grossing concert movie of all time, beating the previous record held by Michael Jackson's This Is It from 2009.",5.2,105.0
Just Like Heaven ,2005, PG-13 ,4,4,4,"A grieving widower (Mark Ruffalo) sublets an apartment in San Francisco and devotes himself to drinking to oblivion. One night, when he has had a few too many, he sees a woman (Reese Witherspoon) in his apartment and she insists that it is really her apartment. She appears and disappears periodically and he quickly suspects that she is actually dead and it is her spirit that's visiting him. He agrees to help her find out who she was and why she's ethereal, but they start falling in love with each other. Also with Donal Logue, Dina Waters and Ben Shenkman. Directed by Mark S. Waters. [1:35]",Drama,Comedy,"Shortly after David Abbott moves into his new San Francisco digs, he has an unwelcome visitor on his hands: winsome Elizabeth Martinson, who asserts that the apartment is hers -- and promptly vanishes. When she starts appearing and disappearing at will, David thinks she's a ghost, while Elizabeth is convinced she's alive.",6.927,95.0
Just Married ,2003, PG-13 ,5,4,4,"Ashton Kutcher and Brittany Murphy star as newlyweds whose perfect European honeymoon turns out to be a disaster. Hence they begin to wonder whether the marriage itself was really a bad idea, as many of their friends and family have insisted: not only are they very young, but she comes from a wealthy family and he's a part-time, fill-in, radio traffic reporter. Also with Christian Kane, Taran Killam and Monet Mazur. [1:35]",,,,,
Just My Luck ,2006, PG-13 ,4,4,4,"Lindsey Lohan stars as a young woman who has been very lucky and successful all her life. One night however she transfers her luck to a young man (Chris Pine) she kisses at a costume party, and she's saddled with his rotten luck. Now she must find him and kiss him again before her charmed life becomes a complete mess. Also with Samaire Armstrong, Bree Turner and Faizon Love. Directed by Donald Petrie. [1:48]",Comedy,Drama,"Manhattanite Ashley is known to many as the luckiest woman around. After a chance encounter with a down-and-out young man, however, she realizes that she's swapped her fortune for his.",6.113,103.0
Just Visiting ,2001, PG-13 ,2,4,3,"A 12th Century medieval nobleman and his servant are transported by a magic potion to modern-day Chicago. They must find a wizard to send them back in order to save his bride-to-be. With Jean Reno, Christian Clavier, Christina Applegate, Malcolm McDowell and Tara Reid. [1:28]",Comedy,Fantasy,"A knight and his valet are plagued by a witch, and to repair the damage they make use of the services of a wizard. However, something goes wrong and they are transported from the 12th century to the year 2000. There the knight meets some of his family and slowly learns what this new century is like. However, he still needs to get back to the 12th century to deal with the witch, so he starts looking for a wizard. Remake of  1993 French film Les Visiteurs (The Visitors).",4.6,88.0
Just Wright ,2010, PG ,4,1,3,"A thirty-something, single woman (Queen Latifah) is frustrated by losing men to beautiful women who have little besides looks to share with them. While she advances in her career as a physical therapist and lands a job with an injured NBA star player (Common), she's convinced that eventually she'll meet the right man. Spending their time together during his recovery, they both realize that their feelings are more than professional, but his pretty ex-fiancée (Paula Patton) returns and that changes everything. Also with Michael Landes and Pam Grier. Directed by Sanaa Hamri. [1:51]",Comedy,Drama,A physical therapist falls for the basketball player she is helping recover from a career-threatening injury.,6.359,100.0
Juwanna Mann ,2002, PG-13 ,4,2,5,"A professional basketball player (Miguel Nunez, Jr.) is suspended indefinitely when his antics on the court get to be too much. While he waits for his reinstatement hearing, he puts on a dress, and finds another job, playing women's basketball. Unexpectedly, his new teammates are able to break through his ego and teach him a thing or two about his feminine side. Also with Vivica A. Fox, Kim Wayans, Tommy Davidson and Kevin Pollak. [1:31]",,,,,
