movie_title,movie_year,movie_rating,sex_nudity,violence_gore,language,movie_description,genre_1,genre_2,overview,vote_average,run_time
Vacancy ,2007, R ,5,8,7,"Luke Wilson and Kate Beckinsale star as a husband and wife whose relationship has been shattered by the death of their young son, and plan to divorce. While driving one night they are stranded when their car breaks down on a dark country road, and have to stay in a motel where, as they soon discover, murdering the guests is part of the service. Also with Frank Whaley, Ethan Embry and Scott G. Anderson. Directed by Nimrod Antal. [1:20]",Horror,Thriller,"A young married couple becomes stranded at an isolated motel and find hidden video cameras in their room. They realize that unless they escape, they'll be the next victims of a snuff film.",6.2,85.0
Vacation ,2015, R ,7,6,9,"In this sequel a new generation of Griswolds (Ed Helms, Christina Applegate, Skyler Gisondo and Steele Stebbins) take a vacation to iconic Walley World and fall into a series of misadventures on the way. Also with Chevy Chase, Beverly D'Angelo, Leslie Mann and Chris Hemsworth. Directed by John Francis Daley & Jonathan M. Goldstein. [1:39]",,,,,
Valentine ,2001, R ,7,8,6,"Four childhood friends believe they're being stalked by a nerdy classmate they scorned many years before when they learn of another friend's murder. With David Boreanaz, Denise Richards, Marley Shelton, Jessica Capshaw, Jessica Cauffiel, Katherine Heigl, Fulvio Cecere, Daniel Cosgrove, Johnny Whitworth and Hedy Burress. [1:35]",TV Movie,Comedy,"After losing her boyfriend and her job right before Valentine's Day, Olivia is introduced to George who takes her on a cross country road trip that has them reevaluating their priorities.",5.083,84.0
Valentine's Day ,2010, PG-13 ,6,2,4,"A look at how Valentine's Day effects several Los Angeles couples: some are already in relationships, others want to be in relationships, a few are ending relationships and still others discover more than they want about themselves and their partners. With Jessica Alba, Kathy Bates, Jessica Biel, Bradley Cooper, Eric Dane, Patrick Dempsey, Hector Elizondo, Jamie Foxx, Jennifer Garner, Topher Grace, Anne Hathaway, Carter Jenkins, Ashton Kutcher, Queen Latifah, Taylor Lautner, George Lopez, Shirley MacLaine, Emma Roberts, Julia Roberts and Bryce Robinson. Directed by Garry Marshall. [1:57]",Comedy,Romance,"More than a dozen Angelenos navigate Valentine's Day from early morning until midnight. Three couples awake together, but each relationship will sputter. A grade-school boy wants flowers for his first true love. Two high school seniors plan first-time sex at noon. A TV sports reporter gets the assignment to find romance in LA. A star quarterback contemplates his future. Two strangers meet on a plane. Grandparents, together for years, face a crisis. An 'I Hate Valentine's Day' dinner beckons the lonely and the lied to.",5.9,125.0
Valerian and the City of a Thousand Planets ,2017, PG-13 ,4,5,3,"Sci-Fi film set in the 28th century about two agents of the Ministry of Defense (Dane DeHaan and Cara Delevingne) that embark on an assignment, which involves a mystery that unless they can solve may doom the City of a Thousand Planets. Also with Clive Owen, Rihanna, Ethan Hawke, Herbie Hancock, Kris Wu and Sam Spruell. Directed by Luc Besson. [2:17]",Adventure,Science Fiction,"In the 28th century, Valerian and Laureline are special operatives charged with keeping order throughout the human territories. On assignment from the Minister of Defense, the two undertake a mission to Alpha, an ever-expanding metropolis where species from across the universe have converged over centuries to share knowledge, intelligence, and cultures. At the center of Alpha is a mysterious dark force which threatens the peaceful existence of the City of a Thousand Planets, and Valerian and Laureline must race to identify the menace and safeguard not just Alpha, but the future of the universe.",6.6,136.0
Valiant ,2005, G ,2,3,1,"Animated tale about a group of pigeons who volunteer for duty in the RHPS (Royal Homing Pigeon Service) to deliver messages and orders during World War II. One undersized but brave pigeon named Valiant (voiced by Ewan McGregor) saves the day when the ruthless German falcons attack. Also with the voices of Jim Broadbent, John Cleese, Tim Curry, Hugh Laurie and Rupert Everett. Directed by Gary Chapman. [1:49]",,,,,
Valkyrie ,2008, PG-13 ,1,7,5,"Based on a true story: During WWII a Nazi officer (Tom Cruise) comes to realize that his ideas about the future of Germany and how war is waged are completely dissimilar to the military culture of the Third Reich. He becomes convinced that the only solution is to assassinate Adolph Hitler and reclaim the military from the SS. Also with Kenneth Branagh, Bill Nighy, Tom Wilkinson, Carice van Houten, Thomas Kretschmann, Terence Stamp and Eddie Izzard. Directed by Bryan Singer. [2:00]",Drama,Thriller,"Wounded in Africa during World War II, Nazi Col. Claus von Stauffenberg returns to his native Germany and joins the Resistance in a daring plan to create a shadow government and assassinate Adolf Hitler. When events unfold so that he becomes a central player, he finds himself tasked with both leading the coup and personally killing the Führer.",6.898,121.0
Vampire Academy ,2014, PG-13 ,5,6,4,"A teen girl (Zoey Deutch) is a human/vampire hybrid tasked to protect another teen girl (Lucy Fry), who's a mortal vampire threatened by vicious immortal vampires. Also with Danila Kozlovsky, Gabriel Byrne, Dominic Sherwood, Olga Kurylenko, Sarah Hyland, Cameron Monaghan, Sami Gayle, Ashley Charles, Claire Foy and Joely Richardson. Directed by Mark Waters. [1:44]",Comedy,Action,"Rose, a rebellious half-vampire/half-human guardian-in-training and her best friend, Lissa -- a mortal, royal vampire Princess - have been on the run when they are captured and returned to St. Vladamirs Academy, the very place where they believe their lives may be in most jeopardy. Rose will sacrifice everything to protect Lissa from those who intend to exploit her from within the Academy walls and the Strigoi (immortal, evil vampires) who hunt her kind from outside its sanctuary.",6.345,104.0
Vampire in Brooklyn ,1995, R ,3,8,8,Eddie Murphy is a vampire in Brooklyn searching for a lost female vampire to be his mate.,Comedy,Horror,"Detective Rita Veder is assigned to a baffling serial murder case. After examining the crime scene — a corpse-filled ship found adrift at sea — Rita meets Maximilian, a smooth-talking Caribbean playboy determined to romance her. When Rita begins suffering from crippling hallucinations, she calls upon Dr. Zeko, an occultist who suspects a vampire is on the loose.",5.04,100.0
Vampires Suck ,2010, PG-13 ,6,7,5,"A parody of the ""Twilight"" movie series follows the story line closely, with a young woman torn between her love for a vampire and her friendship with a werewolf. With Jenn Proske, Matt Lanter, Diedrich Bader, Chris Riggi, Arielle Kebbel, B.J. Britt and Charlie Weber. Directed by Jason Friedberg & Aaron Seltzer. [1:20]",Horror,Comedy,"Becca, an anxious, non-vampire teen is torn between two boys. Before she can choose, Becca must get around her controlling father, who embarrasses Becca by treating her like a child. Meanwhile, Becca's friends contend with their own romantic issues - all of which collide at the prom.",4.2,82.0
Van Helsing ,2004, PG-13 ,4,7,2,"19th century monster hunter Dr. Gabriel Van Helsing (Hugh Jackman) travels to Transylvania in an attempt to rid the world of supernatural evil as personified by Count Dracula (Richard Roxburgh), the Wolf Man (Will Kemp), Dr. Jekyll and Mr. Hyde and Frankenstein's Monster (Shuler Hensley). He is assisted by the descendant (Kate Beckinsale) of a family committed to destroying Dracula. Also with Elena Anaya and David Wenham. Directed by Stephen Sommers. [2:25]",Horror,Adventure,Famed monster slayer Gabriel Van Helsing is dispatched to Transylvania to assist the last of the Valerious bloodline in defeating Count Dracula. Anna Valerious reveals that Dracula has formed an unholy alliance with Dr. Frankenstein's monster and is hell-bent on exacting a centuries-old curse on her family.,6.3,132.0
Vanilla Sky ,2001, R ,8,7,9,"Remake of the Spanish existential thriller ""Abre Los Ojos."" Cameron Crowe directs and Tom Cruise stars as a wealthy New York City publishing executive who one night meets the girl of his dreams (Penelope Cruz), only to be thrust headlong into a mind-bending adventure where there's hardly any distinction between reality and dreams. Also with Cameron Diaz, Jason Lee and Kurt Russell. [2:25]",Mystery,Science Fiction,"David Aames has it all: wealth, good looks and gorgeous women on his arm. But just as he begins falling for the warmhearted Sofia, his face is horribly disfigured in a car accident. That's just the beginning of his troubles as the lines between illusion and reality, between life and death, are blurred.",6.808,136.0
The Vanishing ,1993, R ,0,7,6,"Hollywood remake of the eponymous 1988 French/Dutch film, about a man obsessed with learning the fate of a girlfriend who vanished without a trace, and his encounter with a strange man who claims to have the answer. Kiefer Sutherland is the obsessed man, and Jeff Bridges is his nemesis.",Thriller,Mystery,A man embarks on an increasingly obsessive search for his girlfriend after she disappears without a trace during a romantic summer getaway to France.,7.491,106.0
Vanity Fair ,2004, PG-13 ,4,4,3,"Reese Witherspoon stars as Becky Sharp in this film version of the classic novel by William Makepeace Thackeray. The contrast between clever but poor Becky Sharp and her childhood friend Amelia Sedley (Romola Garai) drives the story. Amelia is naïve and trusting but has a comfortable life, while Becky has to rely on her wit, cunning and looks in order to advance herself in London society circa 1820. Also with Jim Broadbent, Eileen Atkins, James Purefoy and Jonathan Rhys Meyers. Directed by Mira Nair. [2:20]",Drama,Romance,"Beautiful, funny, passionate, and calculating, Becky is the orphaned daughter of a starving English artist and a French chorus girl. She yearns for a more glamorous life than her birthright promises and resolves to conquer English society by any means possible. A mere ascension into the heights of society is simply not enough. So Becky finds a patron in the powerful Marquess of Steyne whose whims enable Becky to realise her dreams. But is the ultimate cost too high for her?",5.789,141.0
Vantage Point ,2008, PG-13 ,1,6,5,"A multi-national meeting to end global terrorism, taking place in Spain, is interrupted when the U.S. president, who's in attendance, is shot. The act of terror is then replayed from the vantage point of 8 different people who were there. With Dennis Quaid, Matthew Fox, William Hurt, Forest Whitaker, Sigourney Weaver, Shelby Fenner and Edgar Ramirez. Directed by Pete Travis. [1:30]",Drama,Action,The attempted assassination of the American president is told and re-told from several different perspectives.,6.372,90.0
Van Wilder ,2002, R ,9,5,6,"A well-meaning and very popular college student (Ryan Reynolds) is determined to stay an undergraduate forever. But while starting on his seventh college year, his father cuts him off and he's forced to turn to party planning to pay for expenses and tuition. Romance blossoms with a college journalist (Tara Reid) whose original intention was to do an exposé of the perpetual student. Also with Tim Matheson, Tom Everett Scott and Alex Burns. [1:35]",,,,,
Varsity Blues ,1999, R ,6,3,9,"A second-string quarterback becomes an overnight sensation in his football-crazy town when he takes over for an injured star player. With Jon Voight, James Van der Beek, Paul Walker, Ron Lester, Scott Caan, Amy Smart, Ali Larter, Richard Lineback, Eliel Swinton, Thomas Duffy, Jill Parker Jones and Tonie Perensky.",Comedy,Drama,"In small-town Texas, high school football is a religion, 17-year-old schoolboys carry the hopes of an entire community onto the gridiron every Friday night. When star quarterback Lance Harbor suffers an injury, the Coyotes are forced to regroup under the questionable leadership of John Moxon, a second-string quarterback with a slightly irreverent approach to the game.",6.15,106.0
Veronica Guerin ,2003, R ,6,8,9,"Based on the true story of Dublin's Sunday Independent reporter Veronica Guerin (Cate Blanchett) whose unflinching investigations into the city's drug underworld led to her murder by drug baron John Gilligan in 1996. Also with Colin Farrell, Brenda Fricker, Ciaran Hinds and Darragh Kelly. Directed by Joel Schumacher. [1:32]",Drama,Crime,"In this true story, Veronica Guerin is an investigative reporter for an Irish newspaper. As the drug trade begins to bleed into the mainstream, Guerin decides to take on and expose those responsible. Beginning at the bottom with addicts, Guerin then gets in touch with John Traynor, a paranoid informant. Not without some prodding, Traynor leads her to John Gilligan, the ruthless head of the operation, who does not take kindly to Guerin's nosing.",6.684,98.0
Veronica Mars ,2014, PG-13 ,6,5,5,"After moving away from home and her teen life as a private detective with her father, a woman (Kristen Bell) moves to New York to pursue a law career. Her plans are derailed when she is called by a high school friend to help him after he is accused of murder. Also with James Franco, Krysten Ritter, Gaby Hoffmann, Eden Sher, Dax Shepard, Tina Majorino, Jamie Lee Curtis, Jason Dohring, Martin Starr and Justin Long. Directed by Rob Thomas. [1:47]",Comedy,Drama,"Years after walking away from her past as a teenage private eye, Veronica Mars gets pulled back to her hometown - just in time for her high school reunion - in order to help her old flame Logan Echolls, who's embroiled in a murder mystery.",6.631,107.0
Vertical Limit ,2000, PG-13 ,4,7,4,"Chris O'Donnell plays a photographer for National Geographic who's sent to cover a commercial mountaineering team as they attempt to ascend one of the world's most difficult peaks. Also with Bill Paxton, Robin Tunney, Nicholas Lea, Alexander Siddig, Scott Glenn and Izabella Scorupco. [2:05]",Adventure,Action,"Trapped near the summit of K2, the world's second-highest mountain, Annie Garrett radios to base camp for help. Brother Peter hears Annie's message and assembles a team to save her and her group before they succumb to K2's unforgiving elements. But, as Annie lays injured in an icy cavern, the rescuers face several terrifying events that could end the rescue attempt -- and their lives.",6.008,124.0
Very Bad Things ,1998, R ,7,8,10,"In this black comedy, five friends' lives spiral out of control when they try to cover up a prostitute's accidental death during a bachelor party. With Jon Favreau, Cameron Diaz, Christian Slater, Jeremy Piven, Daniel Stern, Jeanne Tripplehorn, Leland Orser, Russell B. McKenzie, Joey Zimmerman, Tyler Cole Malinger and Kobe Tai. [1:41]",Comedy,Crime,"Kyle Fisher has one last night to celebrate life as a single man before marrying Laura, so he sets out to Vegas with four of his best buddies. But a drug and alcohol filled night on the town with a stripper who goes all the way, turns into a cold night in the desert with shovels when the stripper goes all the way into a body bag after dying in their bathroom. And that's just the first of the bodies to pile up before Kyle can walk down the aisle...",6.299,100.0
A Very Brady Sequel ,1996, PG-13 ,3,2,3,"The Brady family is back and Carol's former hubby is ostensibly along for this ride. Shelley Long, Gary Cole and Tim Matheson star.",Family,Comedy,"A man claiming to be Carol Brady's long-lost first husband, Roy Martin, shows up at the suburban Brady residence one evening. An impostor, the man is actually determined to steal the Bradys' familiar horse statue, a $20-million ancient Asian artifact.",5.842,90.0
A Very Harold & Kumar 3D Christmas ,2011, R ,9,8,10,"Two estranged druggie friends (John Cho and Kal Penn) meet again during the Christmas holidays, and when one of them visits the other, he accidentally burns down the cherished family Christmas tree. The two then hit the streets of New York City to find a replacement and run into thugs, drug parties, strange children and odd stage shows but not a perfect tree. Also with Paula Garces, Danny Trejo, Bobby Lee, Neil Patrick Harris, Danneel Ackles, Elias Koteas, Patton Oswalt, Tom Lennon and Jordan Hinson. Directed by Todd Strauss-Schulson. [1:30]",,,,,
V for Vendetta ,2006, R ,6,7,5,"A future Britain shrouded in fear is run by a totalitarian government, headed by a chancellor (John Hurt) who controls all aspects of the inhabitants' lives and does not tolerate dissent. But a masked vigilante known only as ""V"" saves a young woman (Natalie Portman) from torture and tries to encourage a citizen revolt by blowing up the Old Bailey building and then threatening to blow up the House of Parliament as a symbol of defiance. Also with Hugo Weaving, Stephen Rea and Stephen Fry. Directed by James McTeigue. [2:12]",Action,Thriller,"In a world in which Great Britain has become a fascist state, a masked vigilante known only as “V” conducts guerrilla warfare against the oppressive British government. When V rescues a young woman from the secret police, he finds in her an ally with whom he can continue his fight to free the people of Britain.",7.899,132.0
Vicky Cristina Barcelona ,2008, PG-13 ,6,4,4,"Two women (Rebecca Hall and Scarlett Johansson) take a long summer vacation together in Spain, where they meet an artist (Javier Bardem), and both fall for him, even though one has a fiancé back home. Meanwhile, the artist's ex-wife (Penelope Cruz) shows up and she seems to be insane, as well as insanely interested in her ex-husband. Also with Patricia Clarkson and Kevin Dunn. Directed by Woody Allen. [1:36]",Drama,Romance,"Two girlfriends on a summer holiday in Spain become enamored with the same painter, unaware that his ex-wife, with whom he has a tempestuous relationship, is about to re-enter the picture.",6.798,96.0
Victor Frankenstein ,2015, PG-13 ,2,6,3,"In a twist on the literary classic, a circus doctor (Daniel Radcliffe) meets a mad scientist (James McAvoy) who is examining animal bodies. The men become friends and share in experimental research in matters of life and death. Also with Jessica Brown Findlay, Andrew Scott, Charles Dance, Mark Gatiss, Callum Turner, Noah Emmerich, Freddie Fox and Daniel Mays. Directed by Paul McGuigan. [1:50]",Drama,Science Fiction,Eccentric scientist Victor Von Frankenstein creates a grotesque creature in an unorthodox scientific experiment.,5.919,109.0
Victoria & Abdul ,2017, PG-13 ,2,2,5,"Set in the late 1880s: A platonic relationship develops between Queen Victoria (Judi Dench) and an Indian man (Ali Fazal) and the film tracks the turmoil this relationship caused in the royal house, especially when the elderly queen appointed him as her personal confidant. Also with Tim Pigott-Smith, Eddie Izzard, Adeel Akhtar, Michael Gambon and Paul Higgins. Directed by Stephen Frears. Several lines of dialogue are spoken in Hindi with English subtitles and a few lines are spoken in Urdu with no subtitles but translated. [1:51]",Drama,Western,"Feature film located at the beginning of the 20th-century which tells the story of the town ""La Esperanza"", whose dying mining boom receives a fatal blow.",6.722,117.0
View From the Top ,2003, PG-13 ,4,3,3,"Gwyneth Paltrow stars as a young woman from a small town who dreams of becoming a flight attendant as a way to travel all over the world. But her plans run into turbulence when she ends up serving on a commuter airline. When she finds true love she must choose between pursuing her dream or her heart. Also with Christina Applegate, Candice Bergen, Marc Blucas, Rob Lowe, Kelly Preston and Mike Myers. [1:25]",Comedy,Romance,"No one thought Donna would go very far. But when she sets her sights on becoming a first-class international flight attendant, Donna throws caution to the wind and takes off in pursuit of her dream. The ride is anything but smooth, however, and Donna's laugh-packed journey of a lifetime is rocked by more turbulence than she bargained for.",5.545,87.0
The Village ,2004, PG-13 ,2,6,1,"In rural Pennsylvania in 1897, the small village of Covington is surrounded by eerie woods that are rumored to be inhabited by vicious creatures. Afraid of what could happen to them if they went into the woods, the 60 or so residents remain in the village completely cut off from anything around them. Only one young man (Joaquin Phoenix) questions the policy of keeping Covington's citizens completely confined to their village. Also with Sigourney Weaver, Judy Greer, Bryce Dallas Howard, William Hurt, Adrien Brody, Brendan Gleeson and Bryce Dallas Howard. Directed by M. Night Shyamalan. [2:00]",Action,Animation,"After his family is viciously murdered, a kind-hearted boy named Tanjiro Kamado resolves to become a Demon Slayer in hopes of turning his younger sister Nezuko back into a human.  Together with his comrades, Zenitsu and Inosuke, along with one of the top-ranking members of the Demon Slayer Corps, Tengen Uzui, Tanjiro embarks on a mission within the Entertainment District, where they encounter the formidable, high-ranking demons, Daki and Gyutaro.",7.19,115.0
Village of the Damned ,1995, R ,1,7,1,A group of weird children are born into a small town and cause a whole lot of mayhem. With Christopher Reeve and Kirstie Alley.,Thriller,Horror,"An American village is visited by some unknown life form which leaves the women of the village pregnant. Nine months later, the babies are born, and they all look normal, but it doesn't take the ""parents"" long to realize that the kids are not human or humane.",6.041,99.0
Vince Vaughn's Wild West Comedy Show ,2008, R ,4,2,10,"Documentary about Vince Vaughn, three comedians and four actors, as they travel in a bus across the country, performing in a different city every night for 30 nights. Also with Ahmed Ahmed, Peter Billingsley, John Caparulo, Bret Ernst, Justin Long, Sebastian Maniscalco, Keir O'Donnell. Directed by Ari Sandel. [1:40]",,,,,
The Virginity Hit ,2010, R ,9,3,10,"When four friends (Matthew Bennett, Zack Pearlman, Jacob Davich and Justin Kline) vow to record how and when they lose their virginity, we see their experiences in a mash up of YouTube-esque amateur videos. Also with Nicole Weaver and Krysta Rodriguez. Directed by Andrew Gurland & Huck Botko. [1:26]",,,,,
The Virgin Suicides ,1999, R ,5,6,3,"As remembered by the neighborhood boys still obsessed with them, we meet the five Lisbon sisters who turn to suicide to escape their insanely overprotective parents in 1970s suburbia. Based on a novel by Jeffrey Eugenides. With James Woods, Kathleen Turner, Kirsten Dunst, Josh Hartnett, Hanna R. Hall, Chelse Swain, A.J. Cook, Leslie Hayman, Danny DeVito, Scott Glenn, Jonathan Tucker and Anthony DeSimone. [1:36]",Drama,Romance,"A group of male friends become obsessed with five mysterious sisters who are sheltered by their strict, religious parents.",7.097,97.0
Virtuosity ,1995, R ,4,8,6,Denzel Washington tries to kill a criminal who's a computer program (Russell Crowe) and now in the real-world.,Action,Crime,"The Law Enforcement Technology Advancement Centre (LETAC) has developed SID version 6.7: a Sadistic, Intelligent, and Dangerous virtual reality entity which is synthesized from the personalities of more than 150 serial killers, and only one man can stop him.",5.459,106.0
Virus ,1999, R ,1,8,6,"Jamie Lee Curtis, William Baldwin, Donald Sutherland, Marshall Bell, Julio Oscar Mechoso, Sherman Augustus and Joanna Pacula battle an electricity-hungry alien in this sci-fi thriller.",,,,,
The Visit ,2015, PG-13 ,4,6,5,"A divorced mom (Kathryn Hahn) sends her teen son (Ed Oxenbould) and teen daughter (Olivia De Jonge) to spend a week with their estranged grandparents (Deanna Dunagan and Peter McRobbie) at their Pennsylvania farm. While visiting, the kids have the fright of their lives as they witness the strange activities of their grandparents. Directed by M. Night Shyamalan. [1:34]",Mystery,Thriller,"A brother and sister are sent to their grandparents' remote Pennsylvania farm for a week, where they discover that the elderly couple is involved in something deeply disturbing.",6.306,94.0
The Visitor ,2008, PG-13 ,2,2,5,"A widowed middle-aged professor from Connecticut (Richard Jenkins) finds two illegal immigrants living in the apartment he has kept for 20 years in New York City. They are a Syrian musician (Haaz Sleiman) and his Senegalese girlfriend (Danai Gurira), and the professor asks them to stay, as he attempts to find his own place in life. Also with Hiam Abbass. Directed by Tom McCarthy. [1:48]",Horror,Mystery,"After a series of tragedies including the death of his father-in-law, Robert and his wife Maia leave their home in London to move back to her childhood home. But when Robert discovers an old portrait in the attic of a man who is his spitting image, he goes down a rabbit hole to discover the identity of this mysterious doppelganger known only as the visitor. It isn’t long until he realizes – where the visitor goes, death follows.",5.8,86.0
Volcano ,1997, PG-13 ,0,6,6,"Lava threatens to destroy Los Angeles, Tommy Lee Jones and Anne Heche.",Action,Comedy,"Kim is expelled from his eighth school and finds himself at Volcano High where students fight to possess a treasured ancient document. Kim, who must resist from using his Chi, is caught in the middle.",6.066,120.0
Volver ,2006, R ,6,5,5,"Penelope Cruz stars in this Spanish film about two women who work through their grief after the death of their beloved aunt. They hear unusual stories about the days before her death and while trying to find out the truth about the disappearance of another woman's mother, some dark secrets are uncovered. Also with Carmen Maura, Lola Duenas, Blanca Portillo and Yohana Cobo. Directed by Pedro Almodovar. In Spanish with English subtitles. [1:51]",Comedy,Drama,"Raimunda lives and works in Madrid with her husband Paco and their daughter Paula. Raimunda's sister Sole lives nearby. The two sisters miss their mother Irene who died several years ago in a house fire along with their father. When a former neighbor from their hometown reports that she has seen the ghost of Irene, the daughters do not believe her. After a murder and a family tragedy, however, Irene's spirit materializes around her daughters to comfort them.",7.479,121.0
The Vow ,2012, PG-13 ,4,3,4,"Based on a true story of a couple that was involved in a car accident and the woman (Rachel McAdams) suffered severe memory loss, forgetting the past five years of her life, including falling in love and marrying her husband (Channing Tatum). He must now work to make her fall in love with him again. Also with Sam Neill, Jessica Lange and Jessica McNamee. Directed by Michael Sucsy. [1:44]",Action,Animation,"After succumbing to an unenviable fate, Kiritsugu Emiya has left Shirou Emiya the duty to save mankind in his place. The world is dying and time is ticking, but when the salvation Shirou seeks is at the cost of his only family left—his younger sister—will he still have the heart to pursue this duty?  Shirou is now pressed with the choice to continue being a hero of justice—or become the very evil his ideal has vowed to vanquish. The orphan is alone once again, yet his body is still made of swords. The Fifth Holy Grail War now begins with his oath under snow.",6.8,89.0
