movie_title,movie_year,movie_rating,sex_nudity,violence_gore,language,movie_description,genre_1,genre_2,overview,vote_average,run_time
Year of the Comet ,1992, PG-13 ,3,3,0,"Penelope Ann Miller stars as an apprentice wine-merchant, who, while on a trip to a Scotland castle, discovers a bottle from Napoleon's very own private stock.",,,,,
Year of the Dog ,2007, PG-13 ,5,4,4,"A reserved real estate office assistant (Molly Shannon) tries to cope with the death of her only companion, her dog. She does so by adopting an aggressive dog from the pound, and tries to strike up a relationship with a man who's helping her train it (Peter Sarsgaard). Also with Regina King, John C. Reilly and Laura Dern. Directed by Mike White. [1:38]",Comedy,Drama,A secretary's life changes in unexpected ways after her dog dies.,5.5,97.0
Year One ,2009, PG-13 ,8,7,5,"When two Neolithic hunter-gatherer friends (Jack Black and Michael Cera) are banished from their primitive village, they find themselves on a journey around the ancient world, where they encounter adventures and people of Biblical pedigree. Also with David Cross, Paul Rudd, Hank Azaria and Christopher Mintz-Plasse. Directed by Harold Ramis. [1:40]",,,,,
The Yellow Handkerchief ,2008, PG-13 ,5,3,5,"A man (William Hurt), just released from prison after six years on a manslaughter conviction, tries to sort out his life when he meets a troubled 15-year-old (Kristen Stewart), who's running from her broken family, and her friend (Eddie Redmayne), who is pursuing her and looking for his dad. The three travel together to New Orleans and the two young people begin to look at their lives differently while witnessing the man's inner turmoil. Also with Maria Bello, Marco St. John, Lisa Brock, John Gregory Willard, Grover Coulson, Doug M. Griffin and Eric F. Adams. Directed by Udayan Prasad. [1:42]",Comedy,Drama,"The story is about a convict released from prison for an old murder who is thinking about returning to his ex-wife and his former life. If she puts a yellow handkerchief on the window, it would mean that she wants him back at home.",6.625,109.0
Yes Man ,2008, PG-13 ,6,4,5,"Jim Carrey stars as a man who finds no joy in life after his wife dumps him. To change his mood he enrolls in a self-help group called ""Yes Man"" and agrees to say ""Yes"" to everything for a year, but soon he realizes that sometimes acquiescing to everything brings constant and unexpected challenges. Also with Terence Stamp, Sasha Alexander, Bradley Cooper, Zooey Deschanel, Rhys Darby, John Michael Higgins and Molly Sims. Directed by Peyton Reed. [1:44]",Comedy,Romance,Carl Allen has stumbled across a way to shake free of post-divorce blues and a dead-end job: embrace life and say yes to everything.,6.654,104.0
Yogi Bear ,2010, PG ,2,4,2,"When a documentary filmmaker (Anna Faris) comes to Jellystone Park, she begins filming Yogi Bear (voiced by Dan Aykroyd) and his sidekick Boo-Boo (voiced by Justin Timberlake). However, when the park comes under threat, they must work with a ranger (Tom Cavanagh) to save their homes. Also with T.J. Mller, Nathan Corddry and Andrew Daly. Directed by Eric Brevig. [1:22]",Comedy,Family,"A documentary filmmaker travels to Jellystone Park to shoot a project and soon crosses paths with Yogi Bear, his sidekick Boo-Boo, and Ranger Smith.",5.6,80.0
Yossi ,2013, NR ,8,2,4,"The sequel to the 2011 coming of age love story between two men, ""Yossi & Jagger,"" finds Dr. Yossi Hoffman (Ohad Knoller) mourning the loss of his lover, Jagger. While on a vacation, Yossi meets a young soldier (Oz Zahavi) and finds a new lease on life. Also with Lior Ashkenazi and Meir Golan. Directed by Eytan Fox. [1:24]",War,Drama,"A sociological study of two men in the Israeli army who are lovers. The others in the unit react to their situation, suspecting, but not always understanding. One will leave the military soon, a few months away, as a snowy and desolate outpost is guarded from attack.",6.8,65.0
You Again ,2010, PG ,3,3,2,"When a woman (Kristen Bell) returns home to meet her older brother's fiancée (Odette Yustman), she realizes the woman was her biggest tormentor in high school and all her feelings of insecurity and self-doubt come rushing back. Meanwhile, her mother (Jamie Lee Curtis) is experiencing a similar reunion with one her own high school classmates (Sigourney Weaver). Also with Victor Garber, Betty White, Kristin Chenoweth and James Wolk. Directed by Andy Fickman. [1:45]",Comedy,Romance,"History -- make that high school -- may repeat itself when Marni learns that Joanna, the mean girl from her past, is set to be her sister-in-law. Before the wedding bells toll, Marni must show her brother that a tiger doesn't change its stripes. On Marni's side is her mother, while Joanna's backed by her wealthy aunt.",6.314,105.0
You Can Count On Me ,2000, R ,5,3,7,"Two orphaned siblings reunite: Sammy (Laura Linney) now has a son and Terry (Mark Ruffalo) has become aimless and self-destructive, but the two struggle to reconcile their relationship. Also with Matthew Broderick, Rory Culkin, and John Tenney. [1:49]",,,,,
You Don't Mess With the Zohan ,2008, PG-13 ,7,6,4,"Zohan (Adam Sandler), a former counter-terrorist Israeli agent pursues his dream of becoming a hairdresser. When a greedy landlord attempts to ignite a conflict between the Israeli and Palestinian business owners in a small neighborhood, he must come to the rescue of the entire community while trying not to reveal his true identity. Also with John Turturro, Emmanuelle Chriqui and Rob Schneider. Directed by Dennis Dugan. [1:53]",Comedy,Action,An Israeli counterterrorism soldier with a secretly fabulous ambition to become a Manhattan hairstylist. Zohan's desire runs so deep that he'll do anything -- including faking his own death and going head-to-head with an Arab cab driver -- to make his dreams come true.,5.682,113.0
You Got Served ,2004, PG-13 ,4,4,4,"Hip-hop drama revolving around the subculture of street dancing: two young men (Omari Grandberry and Marques Houston), best friends who work as couriers for a local thug, are hoping to escape their situation by winning $50,000 in the Big Bounce dance contest. Their friendship is tested as they prepare for the competition until a tragedy brings them back together. Also with Jarell Houston, Meagan Good and Steve Harvey. Directed by Chris Stokes [1:40]",Music,Drama,"At Mr. Rad's Warehouse, the best hip-hop crews in Los Angeles compete for money and respect. But when a suburban crew crashes the party, stealing their dancers - and their moves - two warring friends have to pull together to represent the street. Starring hip-hop sensations Marques Houston, Omari Grandberry, Lil' Kim and comedian Steve Harvey.",6.39,95.0
You Kill Me ,2007, R ,4,6,7,"An alcoholic hit-man (Ben Kingsley) working for the Polish mob in Buffalo, New York botches an important assignment. Frustrated, his uncle Roman (Philip Baker Hall) becomes fed up and sends him to dry out in San Francisco, where he starts attending AA meetings, takes a job in a funeral home, and falls in love with the stepdaughter (Téa Leoni) of a client. Also with Luke Wilson, Dennis Farina and Philip Baker Hall. Directed by John Dahl. [1:32]",Documentary,Crime,The line between justice and revenge blurs when a devastated family uses social media to track down the people who killed 24-year-old Crystal Theobald.,6.1,83.0
"You, Me and Dupree ",2006, PG-13 ,6,3,5,"Shortly after returning from his honeymoon, a man runs into his best and oldest friend Dupree (Owen Wilson) who's been fired and sleeps on a cot in the back room of a bar after he's kicked out of his apartment. Unemployed -- and seemingly unemployable -- Dupree is invited to stay with the newlyweds (Kate Hudson and Matt Dillon), just for a few days. However, weeks pass and the unconventional household arrangement takes its toll on everybody's life. Also with Michael Douglas and Amanda Detmer. Directed by Joe & Anthony Russo. [1:49]",Comedy,Romance,"After standing in as best man for his longtime friend Carl Petersen, Randy Dupree loses his job, becomes a barfly and attaches himself to the newlywed couple almost permanently -- as their houseguest. But the longer Dupree camps out on their couch, the closer he gets to Carl's bride, Molly, leaving the frustrated groom wondering when his pal will be moving out.",5.583,108.0
Young Adult ,2011, R ,5,3,6,"A successful but depressed woman (Charlize Theron) is convinced that her ex-boyfriend wants her back in his life when she receives an invitation to a party for his newborn child. She makes her way back to her hometown, where she belittles everyone she encounters and behaves like a spoiled celebrity. Also with Patton Oswalt, Patrick Wilson, Elizabeth Reaser, Collette Wolfe, Josh Brolin, Jill Eikenberry, Richard Bekins and Mary Beth Hurt. Directed by Jason Reitman. [1:34]",,,,,
Young @ Heart ,2007, PG ,3,3,3,"Documentary on the Young at Heart Chorus, a senior choir in Northampton, Maine. With an average age of 81, the choir is best known for their unexpected performances of songs by such artists as James Brown, Jimi Hendrix, Coldplay, and Sonic Youth. Despite their age and various health issues, the choir members show no signs of slowing down. With Jim Armenti, William E. Arnold Jr., Joe Benoit, Helen Boston, Louise Canady, Bob Cilman, Elaine Fligman, Jean Florio, Len Fontaine, Stan Goldman, Eileen Hall, Jeanne Hatch, Christopher Haynes, Frederick Alexander Johnson, Donald Jones, Fred Knittle, Norma Landry, John Larareo, Patricia Larese, Miriam Leader, Patricia Linderme, Brock Lynch, Steve Martin, Joseph Mitchell, Dora B. Morrow, Gloria Parker, Liria Petrides, Ed Rehor, Bob Salvini, Steven M. Sanderson, Jack Schnepp, Janice St. Laurence and Ed Wise. Directed by Stephen Walker. [1:50]",,,,,
The Young Messiah ,2016, PG-13 ,2,6,2,"Seven-year-old Jesus bar-Joseph (Adam Greaves-Neal) and his parents (Sara Lazzaro and Vincent Walsh) return to Nazareth after their long exile to Egypt. From the child's viewpoint, the future Messiah learns more about family secrets and his divine purpose. Also with Sean Bean, Vincent Walsh, Johnathan Bailey, David Bradley, David Burke and Lee Boardman. Directed by Cyrus Nowrasteh. Two religious songs are sung in a Middle Eastern language without subtitles. [1:51]",Drama,History,"Tells the story of Jesus Christ at age seven as he and his family depart Egypt to return home to Nazareth. Told from his childhood perspective, it follows young Jesus as he grows into his religious identity.",6.435,120.0
You're Next ,2013, R ,6,8,7,"A trio of axe-wielding murderers wearing animal masks (L.C. Holt, Simon Barrett and Lane Hughes) invades a home during a family reunion. Surprised and horrified, the victims are trapped and incoherent, until a reunion guest proves to be a more skillful killer than the murderers. Also with Sharni Vinson, Nicholas Tucci, Wendy Glenn, AJ Bowen, Joe Swanberg, Barbara Crampton and Rob Moran. Directed by Adam Wingard. [1:34]",Horror,Thriller,"When the Davison family comes under attack during their wedding anniversary getaway, the gang of mysterious killers soon learns that one of their victims harbors a secret talent for fighting back.",6.612,94.0
Your Friends and Neighbors ,1998, R ,9,3,10,"A circle of sexually dissatisfied friends and lovers betray each other in a quest to find someone better. Starring Ben Stiller, Jason Patric, Nastassja Kinski, Aaron Eckhart, Amy Brenneman and Catherine Keener.",Drama,Comedy,"This adult comedy follows six characters, three men and three women from a cross-section of social groups, as they play sexual power games. When an affair fires up between 2 of the married characters, it sparks a chain of consequences for all of them, including one of the wives falling for another woman!",6.0,100.0
Your Highness ,2011, R ,10,9,9,"After a brave and handsome prince's (James Franco) new bride (Zooey Deschanel) is kidnapped by an evil wizard (Justin Theroux), he must go on a quest with his lazy, underachieving brother (Danny McBride) in order to rescue her. Also with Natalie Portman, Toby James and Damian Lewis. Directed by David Gordon Green. [1:42]",Comedy,Fantasy,"A fantasy movie about an arrogant, lazy prince and his more heroic brother who must complete a quest in order to save their father's kingdom.",5.321,102.0
Your Sister's Sister ,2012, R ,6,2,10,"A man (Mark Duplass) is having a hard time coping with the loss of his brother, so his friend (Emily Blunt), who was also his brother's former girlfriend, offers to let him use her father's cabin so he can clear his head. After a drunken encounter with his friend's sister (Rosemarie DeWitt), he sets off on an introspective journey. Directed by Lynn Shelton. [1:30]",,,,,
"Yours, Mine and Ours ",2005, PG ,3,4,2,"In this remake of the 1968 film, Dennis Quaid and Rene Russo star as a widower and widow who were also high-school sweethearts. Since they separated years ago, they each have had children, lost their spouses, and have been doing their best to run their households on their own. When they meet, the sparks fly again, and they marry, bringing together their two families that now include 18 children. Also Sean Faris, Katija Pevec, Rip Torn, Tyler Patrick Jones, Linda Hunt, Danielle Panabaker and Lil' J.J. Directed by Raja Gosnell. [1:30]",Comedy,Family,"When a widower with ten children marries a widow with eight, can the twenty of them ever come together as one big happy family?",6.772,111.0
Youth ,2015, R ,7,2,6,"An elderly famous composer and conductor (Michael Caine) vacations in a luxurious Swiss hotel along with his daughter (Rachel Weisz) and best friend (Harvey Keitel), contemplating life, love, memory, turmoil, art, ambition and death. Also with Gabriella Belisario, Alex Macqueen, Paul Dano, Madalina Diana Ghenea, Nate Dern, Alex Beckett and Mark Gessner. Directed by Paolo Sorrentino. Several lines of dialogue are in Spanish with English subtitles. [2:04]",Action,Animation,"Athena receives the visit of Phoebus Abel, her older brother and God of the Corona. He informs her that he has come to destroy humanity as punishment for their corruption, just as it was done in ancient times. He dismisses Seiya and the Bronze Saints, as she will now be guarded by Abel's three Corona Saints, Atlas of Carina, Jaow of Lynx and Berenike of Coma Berenices, and the five resurrected Gold Saints who died in the Sanctuary battle: Saga of Gemini, Deathmask of Cancer, Shura of Capricorn, Camus of Aquarius and Aphrodite of Pisces. When Athena rebels against Abel's plan, he attacks her, sending her soul to Elysion, the final resting place from which there is no return. The Bronze Saints immediately rush to the Sanctuary to save her and ultimately overcome Abel.",7.601,75.0
Youth in Revolt ,2009, R ,8,5,8,"Based on the eponymous novel: In order to win the girl of his dreams (Portia Doubleday) a wimpy teenager (Michael Cera) assumes the alter ego of Francois, a bad boy who breaks all the rules. Also with M. Emmett Walsh, Mary Kay Place, Steve Buscemi, Ray Liotta, Fred Willard, Justin Long and Jean Smart. Directed by Miguel Arteta. [1:30]",Comedy,Romance,"As a fan of Albert Camus and Jean-Luc Godard, teenage Nick Twisp is definitely out of his element when his mother and her boyfriend move the family to a trailer park. When a pretty neighbor named Sheeni plays records by French crooners, it's love at first sight for frustrated and inexperienced Nick. Learning that she is dating someone, Nick launches a hilarious quest to find his way into Sheeni's heart -- and bed.",6.175,87.0
Youth Without Youth ,2007, R ,6,6,1,"Dominic Matei (Tim Roth) is an aging professor during WWII who suffers a lightning strike and a reversal of the aging process. With the help of his physician (Bruno Ganz), and the interference of Nazi experimenters, he readjusts to life and works to complete his textbook on the origin of human language. Also with Alexandra Maria Lara, André M. Hennicke, Marcel Iures, Alexandra Pirici, Adrian Pintea, Florin Piersic Jr., Zoltan Butuc, Mirela Oprisor, Adriana Titieni, Anamaria Marinca, Andrei Vasluianu, Mihai Niculescu, Mircea Albulescu and Rudy Rosenfeld. Directed by Francis Ford Coppola. [2:04]",Fantasy,Drama,"A love story wrapped in a mystery. Set in Europe before WWII, professor of language and philosophy Dominic Matei is struck by lightning and  ages backwards from 70 to 40 in a week, attracting the world and the Nazis. While on the run, the professor meets a young woman who has her own experience with a lightning storm. Not only does Dominic find love again, but her new abilities hold the key to his research.",6.146,125.0
You've Got Mail ,1998, PG ,2,0,3,"Rival bookstore owners Tom Hanks and Meg Ryan discover love in cyberspace in this romantic comedy by Nora Ephron. Greg Kinnear, Jean Stapleton, Parker Posey, Dabney Coleman, Steve Zahn and Dave Chappelle co-star.",Comedy,Romance,"Book superstore magnate, Joe Fox and independent book shop owner, Kathleen Kelly fall in love in the anonymity of the Internet—both blissfully unaware that he's trying to put her out of business.",6.7,119.0
Yu-Gi-Oh!: The Movie ,2014, PG ,1,4,0,"Two boys face off in a battle pitting their decks of magic cards against each other. What they do not know is that one of the boys is being helped by a dark power in the form of a long-dead, vengeful pharaoh who wants to come back and take over the world. With the voices of Dan Green, Wayne Grayson, Amy Birnbaum and Eric Stuart. Directed by Hatsuki Tsuji. [1:30]",Animation,Fantasy,"After the conclusion of the Battle City Tournament, deep below the sands of Egypt, an ancient evil has awakened. Anubis, who was defeated centuries ago by Yugi’s mysterious alter ego – the ancient Pharaoh – has returned for revenge. Wielding the power of the Eighth Millennium Item, Anubis is determined to destroy Yugi and take over the world.",6.1,90.0
