movie_title,movie_year,movie_rating,sex_nudity,violence_gore,language,movie_description,genre_1,genre_2,overview,vote_average,run_time
Nacho Libre ,2006, PG ,3,4,3,"Jack Black stars as a friar who's the cook for a monastery. However, his food usually tastes terrible, and he dreams of becoming a successful professional wrestler, so he can make money with which he can buy better ingredients and produce better food for the orphans who live in the monastery. Also with Jack Black, Hector Jimenez, Troy Gentile, Moises Arias, Lauro Chartrand. Directed by Jared Hess. [1:40]",Comedy,Family,"Nacho Libre is loosely based on the story of Fray Tormenta (""Friar Storm""), aka Rev. Sergio Gutierrez Benitez, a real-life Mexican Catholic priest who had a 23-year career as a masked luchador. He competed in order to support the orphanage he directed.",6.347,92.0
Naked Gun 33 1/3: The Final Insult ,1994, PG-13 ,5,4,5,Third sequel of the gag-a-thon series with Leslie Nielsen and Priscilla Presley.,Comedy,Crime,"Frank Drebin is persuaded out of retirement to go undercover in a state prison. There he has to find out what top terrorist, Rocco, has planned for when he escapes. Adding to his problems, Frank's wife, Jane, is desperate for a baby.",6.454,83.0
The Namesake ,2007, PG-13 ,5,3,3,"Kal Penn stars as a young Indian man living in the United States with his parents and his sister. Although the parents hold onto their culture and heritage, the children rebel against it and begin to date people who are not of Indian descent. Also with Zuleikha Robinson, Irrfan Khan, Tabu and Jacinda Barrett. Directed by Mira Nair. [2:02]",,,,,
Nancy Drew ,2007, PG ,2,3,1,"Nancy Drew (Emma Roberts) is a resourceful teenager, who's obsessed with solving mysteries. While well-liked and respected as an amateur detective in her small, idyllic hometown, she and her father move to Los Angeles, and she vows to stop sleuthing so that he won't have to worry about her. But she is hard pressed to live up to her promise, especially since they have moved into the house of a late actress who died under very mysterious circumstances. Also with Tate Donovan, Barry Bostwick, Laura Elena Harring and Josh Flitter. Directed by Andrew Fleming. [1:39]",Family,Adventure,Intrepid teenage private eye Nancy Drew heads to Tinseltown with her father to investigate the unsolved murder of a movie star in this old-fashioned whodunit based on Carolyn Keene's popular series of books for young adults. But can the small-town girl cut through the Hollywood hype to solve the case?,6.08,99.0
Nanny Diaries ,2007, PG-13 ,4,3,5,"A young woman (Scarlett Johansson) just graduating from New York University with a degree in Finance and Anthropology is uncertain about her future. In order to try to clear her head and figure out what she wants to do with her life, she takes a position as a nanny for the son of a very wealthy Upper East Side couple. Also with Laura Linney, Paul Giamatti, Chris Evans and Donna Murphy. Directed by Shari Springer Berman & Robert Pulcini. [1:47]",Comedy,Drama,"A college graduate goes to work as a nanny for a rich New York family. Ensconced in their home, she has to juggle their dysfunction, a new romance, and the spoiled brat in her charge.",6.356,106.0
Nanny McPhee ,2006, PG ,2,3,3,"Emma Thompson stars as Nanny McPhee, the lead character in her screenplay, based on the Nurse Matilda books by Christianna Brand. The rather unpleasant looking nanny enters the household of a recently widowed man (Colin Firth) whose extremely unruly and ill-behaved children are wreaking havoc. Through magic and punishment she soon restores order. Also with Angela Lansbury, Kelly MacDonald and Thomas Sangster. Directed by Kirk Jones. [1:38]",Fantasy,Comedy,"Widower Cedric Brown hires Nanny McPhee to care for his seven rambunctious children, who have chased away all previous nannies. Taunted by Simon and his siblings, Nanny McPhee uses mystical powers to instill discipline. And when the children's great-aunt and benefactor, Lady Adelaide Stitch, threatens to separate the kids, the family pulls together under the guidance of Nanny McPhee.",6.643,97.0
Nanny McPhee Returns ,2010, PG ,2,4,3,"In the second movie in the series, Nanny McPhee (Emma Thompson) appears miraculously in order to help a frazzled British mom (Maggie Gyllenhaal), who's trying to keep the family farm afloat while her husband (Ewan McGregor) is fighting overseas. However, a couple of bratty cousins bring additional troubles and McPhee uses magic to enforce civility. Also with Rhys Ifans, Asa Butterfield, Lil Woods, Oscar Steer, Eros Vlahos, Rosie Taylor-Ritson, Ralph Fiennes and Dame Maggie Smith. Directed by Susanna White. [1:49]",Comedy,Fantasy,"Nanny McPhee appears at the door of a harried young mother who is trying to run the family farm while her husband is away at war. But once she’s arrived, Nanny discovers that the children are fighting a war of their own against two spoiled city cousins who have just moved in. Relying on everything from a flying motorcycle and a statue that comes to life to a tree-climbing piglet and a baby elephant, Nanny uses her magic to teach her mischievous charges five new lessons.",6.278,109.0
Napoleon Dynamite ,2004, PG ,3,4,3,"A young man, with the unlikely moniker Napoleon Dynamite, lives in Idaho with his grandmother and older brother. One day his uncle comes to live with them when his grandmother is injured in an accident, and the rest of the film revolves around these three eccentric people trying to figure out how to get through their lives and find some kind of contentment. With Jon Heder, Efren Ramirez, Aaron Ruell, Tina Majorino and Diedrich Bader. Directed by Jared Hess. [1:26]",,,,,
Narc ,2002, R ,4,8,10,"An undercover police officer (Jason Patric) who has been suspended after a chase ended in the death of a baby, is asked to come back to the force in order to solve a murder case. The murdered man was also an undercover policeman killed in the line of duty and his partner (Ray Liotta) will do anything to resolve the case. Also with Busta Rhymes, Chi McBride and Richard Chevolleau. [1:45]",Crime,Drama,"When the trail goes cold on a murder investigation of a policeman, an undercover narcotics officer is lured back to the force to help solve the case.",6.714,105.0
National Lampoon's Adam and Eve ,2005, R ,8,4,6,"A young woman has decided to remain celibate until the time is right, when she feels that she can trust the person she is with enough to commit completely. When she meets a young man and begins to fall in love with him, she struggles as to whether or not she will be able to really know when to commit, and is also afraid that she may lose her boyfriend before she's ready. With Cameron Douglas, Emmanuelle Chriqui, Chad Lindberg, Jake Hoffman and Brian Klugman. Directed by Jeff Kanew. [1:31]",Comedy,Romance,"Easy-going, gentle college-boy Adam Baker enjoys frat-life, however disgusting the frat-house gets because of his sloppy house-mates Freddie, Ferguson and Munch. Then Adam meets Eve, starts falling in love, but gets jealous of frat-brother Billy, who 'bumps' almost constantly without seeking love, while Eve guards her campus-unique virginity. As even his thrice-divorced dad, an MD, urges Adam to get laid rather then loved, his patience runs out against healthy hormones",3.9,91.0
National Lampoon's Loaded Weapon I ,1993, PG-13 ,4,4,4,"Parody of the ""Lethal Weapon"" series, ""Basic Instinct,"" ""Silence of the Lambs"" and other movies, with Emilio Estevez and Samuel L. Jackson in the lead roles, and cameos by oodles of Hollywood stars.",,,,,
National Lampoon's Senior Trip ,1995, R ,3,2,5,"A group of unruly seniors get to go to Washington, D.C. to talk about education reform with the President.",,,,,
National Lampoon's Van Wilder: The Rise of Taj ,2006, R ,8,2,5,"In this sequel, Taj Badalandabad (Kal Penn), who was the personal assistant of Van Wilder in the first film, aims to become the next King of Cool after graduating from Coolidge College. So, he makes his way to England to take his place as a legacy in the most sought after fraternity house on the Camford University campus, but he is turned away due to a typographical error. Also with Shobu Kapoor, Dan Percival, Holly Davidson and Anthony Cozens. Directed by Mort Nathan. [1:35]",,,,,
National Lampoon's Vegas Vacation ,1997, PG ,2,2,3,The Griswold family is back and they're going to Las Vegas.,,,,,
National Security ,2003, PG-13 ,4,4,5,"Buddy action flick about two security guards who have to work together to uncover a smuggling operation. The problem is that they hate each other: Martin Lawrence was an arrogant L.A.P.D. cadet who got kicked out of the police academy and got a job as a lowly security guard at ""National Security,"" while Steve Zahn was an uptight police officer who became a security guard at the same firm after being accused of harassment by none other than his current partner in security. Also with Bill Duke, Colm Feore and Eric Roberts. [1:31]",Action,Comedy,"Earl Montgomery, a bombastic police academy reject, and Hank Rafferty, a disgraced, mild-mannered cop, can't seem to escape each other. They met on opposite sides of the law during a routine traffic stop that escalated out of control; now as lowly security guards they're thrown together to bust a smuggling operation.",5.924,89.0
National Treasure ,2004, PG ,2,4,1,"Nicolas Cage stars as a man who has grown up with stories of a mysterious treasure, unparalleled in value, and amassed through the ages. He has been pursuing the treasure all of his adult life, to the chagrin of his father, and eventually realizes that the final clues have been inscribed on the back of the Declaration of Independence, and his ex-partner plans to steal the document in order to get the treasure for himself. Also with Diane Kruger, Harvey Keitel, Justin Bartha and Sean Bean. Directed by Jon Turteltaub. [1:40]",Adventure,Action,"Modern treasure hunters, led by archaeologist Ben Gates, search for a chest of riches rumored to have been stashed away by George Washington, Thomas Jefferson and Benjamin Franklin during the Revolutionary War. The chest's whereabouts may lie in secret clues embedded in the Constitution and the Declaration of Independence, and Gates is in a race to find the gold before his enemies do.",6.6,131.0
National Treasure: Book of Secrets ,2007, PG ,1,4,1,"The second installment in the adventure series finds Nicolas Cage struggling to clear his family name from an accusation that his grandfather planned the assassination of President Abraham Lincoln. To do so he must find pages that are missing from assassin John Wilkes Booth's diary. Also with Diane Kruger, Ed Harris, Helen Mirren and Justin Bartha. Directed by Jon Turteltaub. [2:10]",Action,Adventure,"Benjamin Franklin Gates and Dr. Abigail Chase re-team with Riley Poole and, now armed with a stack of long-lost pages from John Wilkes Booth's diary, Ben must follow a clue left there to prove his ancestor's innocence in the assassination of Abraham Lincoln.",6.309,124.0
The Nativity Story ,2006, PG ,2,4,0,"The story of the events leading up to the birth of Jesus of Nazareth: The story follows the two-year period when Mary and Joseph left Nazareth, journeying to Bethlehem to give birth. With Keisha Castle-Hughes, Shohreh Aghdashloo, Oscar Isaac, Ciaran Hinds and Shaun Toub. Directed by Catherine Hardwicke, Harvey Harrison & Andy Lumsden. [1:41]",Drama,History,"Mary and Joseph make the hard journey to Bethlehem for a blessed event in this retelling of the Nativity story. This meticulously researched and visually lush adaptation of the biblical tale follows the pair on their arduous path to their arrival in a small village, where they find shelter in a quiet manger and Jesus is born.",7.041,101.0
Natural Born Killers ,1994, R ,7,10,9,Woody Harrelson and Juliette Lewis star as two psychopathic killers who become media darlings.,Crime,Thriller,Two victims of traumatized childhoods become lovers and serial murderers irresponsibly glorified by the mass media.,7.075,118.0
Nebraska ,2013, R ,3,4,5,"A grumpy old alcoholic (Bruce Dern) convinces his adult son (Will Forte) to travel 800 miles to Lincoln, Nebraska with him to claim the winnings from a sweepstakes letter. Before the end of the road trip, Dad finds himself in his boyhood hometown, trying to settle old scores. Also with June Squibb, Bob Odenkirk and Stacy Keach. Directed by Alexander Payne. [1:55]",,,,,
Need For Speed ,2014, PG-13 ,3,6,4,"Based on a hit video game, this film features 1960s and 1970s muscle car restorations alongside modern super race cars: A struggling mechanic (Aaron Paul) has just endured his father's death, and soon afterward a rich ex-NASCAR driver (Dominic Cooper) frames him for vehicular homicide. A secret auto race is set and a massive bounty is put on the mechanic's head. Also with Imogen Poots, Ramón Rodríguez and Michael Keaton. Directed by Scott Waugh. [2:10]",Action,Crime,"The film revolves around a local street-racer who partners with a rich and arrogant business associate, only to find himself framed by his colleague and sent to prison. After he gets out, he joins a New York-to-Los Angeles race to get revenge. But when the ex-partner learns of the scheme, he puts a massive bounty on the racer's head, forcing him to run a cross-country gauntlet of illegal racers in all manner of supercharged vehicles.",6.365,132.0
Needful Things ,1993, R ,3,6,5,"Based on a Stephen King novel about Satan, who shows up in a small Maine town and wreaks havoc by selling to every resident exactly what he or she needs.",Drama,Horror,"A mysterious new shop opens in a small town which always seems to stock the deepest desires of each shopper, with a price far heavier than expected.",6.2,120.0
The Negotiator ,1998, R ,1,6,8,Samuel L. Jackson and Kevin Spacey are two top-notch police negotiators pitted against each other.,Action,Crime,"The police try to arrest expert hostage negotiator Danny Roman, who insists he's being framed for his partner's murder in what he believes is an elaborate conspiracy. Thinking there's evidence in the Internal Affairs offices that might clear him, he takes everyone in the office hostage and demands that another well-known negotiator be brought in to handle the situation and secretly investigate the conspiracy.",7.063,140.0
Neighbors ,2014, R ,9,6,10,"A husband (Seth Rogen) and his wife (Rose Byrne) are raising a new baby in a quiet neighborhood, when a college fraternity and its leader (Zak Efron) move in next door. Chaos prevails as the neighbors and the fraternity wage war against each other. Also with Ike Barinholtz, Lisa Kudrow, Dave Franco and Christopher Mintz-Plasse. Directed by Nicolas Stoller. [1:36]",Drama,Romance,"Unlike his expectations, Hyeong-min is always miserable because of his wife who who doesn't care about him. To recover a sex life with his wife, Hyeong-min tries every night but he's always coldly rejected and this is making him depressed. One day, he goes out for some air and meets Hye-jin. When their partners aren't at home, they spend time together at each others' house. However, soon, they get caught and they come to a decision after a long talk...",6.167,65.0
Neighbors 2: Sorority Rising ,2016, R ,7,6,10,"Immature parents (Seth Rogen and Rose Byrne) confront the wild freshman leader (Chloë Grace Moretz) of a new party-loving sorority next door. The sorority declares war on the family and escalates their partying as their neighbors attempt to stop them with harebrained schemes. Also with Kiersey Clemons, Beanie Feldstein, Ike Barinholtz, Zac Efron, Selena Gomez and Dave Franco. Directed by Nicholas Stuller. [1:32]",,,,,
Neil Simon's The Odd Couple II ,1998, PG-13 ,1,2,5,"Felix and Oscar (Jack Lemmon and Walter Matthau), the two mismatched roommates of Broadway, cinema and TV, must suffer each other.",,,,,
Nell ,1994, PG-13 ,5,2,5,Jodie Foster stars as a woman who has grown up in the woods without any form of human contact except for her stroke-victim mother. Natasha Richardson and Liam Neeson co-star.,Drama,Thriller,"In a remote woodland cabin, a small town doctor discovers Nell — a beautiful young hermit woman with many secrets.",6.581,112.0
Nerve ,2016, PG-13 ,4,5,5,"A high school over-achiever (Emma Roberts) wants some action in her life and her friends push her into joining ""Nerve,"" a popular online role playing game. As paying spectators watch, they assign players progressively more dangerous dares and the teen girl and a co-player (David Franco) face possible death as they look for a means of escape. Also with Juliette Lewis, Emily Meade, Miles Heizer and Kimiko Glenn. Directed by Ariel Schulman & Henry Joost. [1:36]",Mystery,Adventure,"Industrious high school senior Vee Delmonico has had it with living life on the sidelines. When pressured by friends to join the popular online game Nerve, Vee decides to sign up for just one dare in what seems like harmless fun. But as she finds herself caught up in the thrill of the adrenaline-fueled competition partnered with a mysterious stranger, the game begins to take a sinister turn with increasingly dangerous acts, leading her into a high stakes finale that will determine her entire future.",7.057,96.0
The Net ,1995, PG-13 ,2,4,5,Sandra Bullock is a computer analyst who discovers a secret in a computer program which could get her killed.,,,,,
Never Back Down ,2008, PG-13 ,4,6,5,"A young man (Sean Faris) moves with his family to Florida where his young brother (Wyatt Smith) will attend an exclusive tennis training school. Trying to fit in at his own new school proves difficult when his past is uncovered and he is enticed into an underground fighting club run by one of the students. Also with Amber Heard, Djimon Hounsou, Cam Gigandet, Evan Peters, Charlie Tyler and Leslie Hope. Directed by Jeff Wadlow. [1:46]",Drama,Action,"Jake, full of anger after his father's death, is just starting to find a place for himself at his new Orlando high school - until Ryan, head of an underground MMA fight club, picks Jake out as a prime opponent. After being trounced by Ryan in front of the entire school, Jake begins training under the firm, moral guidance of a MMA master, where he learns how to fight... and how to avoid a fight. But it becomes obvious that a rematch will be inevitable if Jake wants to stop Ryan and his bullying, once and for all.",6.754,115.0
Never Been Kissed ,1999, PG-13 ,4,2,3,"Nerdy journalist Drew Barrymore goes undercover to infiltrate the popular clique at a local high school and write a story about today's teens. Also with David Arquette, Molly Shannon, Michael Vartan, John C. Reilly, Leelee Sobieski, Garry Marshall, Jessica Alba, Jeremy Jordan, Marley Shelton and Jordan Ladd. [1:47]",Romance,Comedy,"Josie Geller, a baby-faced junior copywriter at the Chicago Sun-Times, must pose as a student at her former high school to research contemporary teenage culture. With the help of her brother, Rob, Josie infiltrates the inner circle of the most popular clique on campus. But she hits a major snag in her investigation -- not to mention her own failed love life -- when she falls for her dreamy English teacher, Sam Coulson.",6.175,107.0
Never Die Alone ,2004, R ,8,8,10,"A man who was a hard-boiled drug dealer (DMX) returns to his home after ten years seeking redemption. But those he left behind are not happy to see him and do everything they can to prevent him. He meets a writer (David Arquette) along the way, and when he's killed, the writer decides to document the last few hours of his life and find out why he was killed. Also with Clifton Powell, Mike Ealy, Jennifer Sky, Reagon Gomez-Preston, Paige Hurd and Rhoda Jordan. Directed by Ernest R. Dickerson. [1:22]",Horror,Thriller,"A violent thriller set in the outback of remote La Plata region, I'LL NEVER DIE ALONE (aka NO MORIRE SOLA) is a tough and pounding story of revenge for rape, mercilessly carried out by a group of women intent on pursuing their attackers to the bitter end.",4.9,86.0
Never Let Me Go ,2010, R ,8,6,3,"Based on the Kazuo Ishiguro novel, alternate reality film about a medically advanced Britain in 1994: A woman (Carey Mulligan) recalls her childhood in an isolated boarding school with friends, growing up without parents, among an erratic boy (Andrew Garfield) and a manipulative girl (Keira Knightley). Upon leaving school, she learns that they live in a world where human clones provide donor organs, one by one, until they ""complete"" -- a euphemism for death. Also with Sally Hawkins, Charlotte Rampling and Natalie Richard. Directed by Mark Romanek. [1:43]",Drama,Romance,"As children, Kathy, Ruth, and Tommy spend their childhood at an idyllic and secluded English boarding school. As they grow into adults, they must come to terms with the complexity and strength of their love for one another while also preparing for the haunting reality awaiting them.",6.9,104.0
Never Talk to Strangers ,1995, R ,7,5,6,Rebecca DeMornay is a criminal psychologist with a stalker problem.,Thriller,Romance,"Sarah Taylor, a police psychologist, meets a mysterious and seductive young man, Tony Ramirez, and falls in love with him. As a cause of this relationship, she changes her personality when she begins to receive anonymous telephone calls.",5.091,86.0
The New Guy ,2002, PG-13 ,4,4,5,"A high school senior (D.J. Qualls) is tired of being a blip on the radar screen of life and is determined to reinvent himself and see what it's like to be popular. So he transfers to a new high school and he's soon the most sought after student. Trouble starts when students from his old high school show up at a football game, recognize him, and remember him as he used to be. Also with Eliza Dushku, Zooey Deschanel, Lyle Lovett and Eddie Griffin. [1:29]",,,,,
New In Town ,2009, PG ,5,4,4,"A big-city corporate executive (Renee Zellweger) is sent to downsize a small-town manufacturing plant in Minnesota. However, with new friendships and a budding romance, her empathy for the workers softens her demeanor and attitude. Also with Harry Connick Jr., Siobhan Fallon, J.K. Simmons and Frances Conroy. Directed by Jonas Elmer. [1:36]",Comedy,Romance,"Lucy Hill is an ambitious up-and-coming executive living in Miami. She loves her shoes, she loves her cars and she loves climbing the corporate ladder. When she is offered a temporary assignment — in the middle of nowhere — to restructure a manufacturing plant, she jumps at the opportunity, knowing that a big promotion is close at hand. What begins as a straightforward assignment becomes a life-changing experience as Lucy discovers greater meaning in her life and, most unexpectedly, the man of her dreams.",5.793,97.0
Newsies ,1992, PG ,1,1,0,"Based on the 1899 newsboys' strike in New York City, the film touches on the subjects of child labor and unionism.",Family,Drama,"A week in the life of the exploited, child newspaper sellers in turn-of-the-century New York. When their publisher, Joseph Pulitzer, tries to squeeze a little more profit out of their labours, they organize a strike, only to be confronted with the Pulitzer's hard-ball tactics.",6.665,121.0
The Newton Boys ,1998, PG-13 ,3,4,3,"Set in the 1920s, four brothers make a plan to rob a lot of banks. Matthew McConaughey, Ethan Hawke, Skeet Ulrich and Vincent D'Onofrio.",Crime,Action,"The four Newton brothers are a poor farmer family in the 1920s. One day, the oldest of them, Willis, realizes that there's no future in the fields and offers his brothers to become bank robbers. Soon the family agrees. They become very famous robbers and execute the greatest train robbery in American history five years later.",6.079,122.0
The New World ,2005, PG-13 ,4,6,1,"Colin Farrell stars as Captain Smith (of the Pocahontas tale), who sails from England in the early years of the 17th century and lands in Virginia, at that time an expanse of primeval wilderness populated by many native tribes. There he meets a young Native American woman, who saves his life and he falls in love with her. Also with Christopher Plummer, Wes Studi, August Schellenberg and Raoul Trujillo. Directed by Terrence Malick. [2:30]",Crime,Drama,"10 years has passed since the confrontation between Kira and L. Again, Shinigami sends death notes to the ground and due to this, the world soon falls into chaos. Tsukuru is a member of the Death Note special task force team with 6 other investigators including Matsuda who experienced the Kira case of 10 years ago.  Mass murders caused by the death note takes place on Wall Street in the U.S., Shibuya in Japan and other places. World famous private investigator Ryuzaki, who is the rightful successor of L, also investigates the mass murders. They discover that 6 death notes exists in the world.  A computer virus called Kira spreads in the world. A message in the Kira virus says to turn in 6 death notes.  A person who has 6 death notes overwhelm the world. The confrontation begins between the person who wants Kira’s revival and the people who want to stop it.",6.371,134.0
New Year's Eve ,2011, PG-13 ,5,3,5,"A star-studded ensemble cast featuring the different experiences a group of connected strangers with intertwining stories on New Year's Eve 2012. Love, hope, forgiveness, disappointment, second chances and fresh starts are in the air. With Michelle Pfeiffer, Zac Efron, Robert De Niro, Halle Berry, Chris ""Ludacris"" Bridges, Alyssa Milano, Common, Jessica Biel, Seth Meyers, Sarah Paulson, Katherine Heigl, Jon Bon Jovi, Sofia Vergara, Ashton Kutcher, Lea Michele, Jim Belushi, Josh Duhamel, Sarah Jessica Parker, Abigail Breslin and Hilary Swank. Directed by Garry Marshall. [1:58]",Comedy,Romance,The lives of several couples and singles in New York intertwine over the course of New Year's Eve.,5.887,118.0
New York Minute ,20, PG ,3,3,1,"17-year-old twin sisters (Ashley and Mary-Kate Olsen) who look identical but could not be any more different, are forced to spend a day together in New York city. They each try to visit disparate places, which are important to them but due to a series of mishaps their schedules are messed up. Meanwhile, a truancy officer (Eugene Levy) is after them and determined to catch at least one of them. Also with Andy Richter and Darrell Hammond. Directed by Dennie Gordon. [1:26]",,,,,
Next ,2007, PG-13 ,5,6,5,"Nicolas Cage stars as a man who has the power to see two minutes into the future. Anxious to avoid becoming the focus of a government experiment into precognition, he works under an assumed name doing magic tricks and lives off small-time gambling winnings. But when terrorists threaten to explode a nuclear device, he is coerced into helping the FBI prevent disaster. Also with Julianne Moore, Jessica Biel, Tory Kittles and Michael Trucco. Directed by Lee Tamahori. [1:36]",Romance,Drama,Laura and Massimo's relationship hangs in the balance as they try to overcome trust issues while a tenacious Nacho works to push them apart.,6.516,112.0
The Next Best Thing ,2000, PG-13 ,5,1,5,"When a drunken tryst between a single woman (Madonna) and her gay best friend (Rupert Everett) results in a pregnancy, they raise the child together successfully until one of them meets someone else. With Benjamin Bratt, Michael Vartan, Josef Sommer, Richard Whittaker, Lynn Redgrave, Kimberley Davies, Illeana Douglas, Stacy Edwards, Neil Patrick Harris, Suzanne Krull, Linda Larkin, Jessica Sara and Malcolm Stumpf. [1:47]",Comedy,Drama,"A comedy-drama about best friends - one a straight woman, Abbie, the other a gay man, Robert - who decide to have a child together. Five years later, Abbie falls in love with a straight man and wants to move away with her and Robert's little boy Sam, and a nasty custody battle ensues.",5.2,108.0
Next Day Air ,2009, R ,7,8,10,An inept deliveryman (Donald Faison) gets high and delivers a box containing 10 kilos of high-grade cocaine to the wrong address. The accidental recipients (Mike Epps and Wood Harris) see this as a chance for a quick profit and attempt to sell the cocaine to a drug-dealing cousin (Omari Hardwick). Also with Cisco Reyes and Yasmin Deliz. Directed by Benny Boom. [1:22],Action,Comedy,"Two inept criminals are mistakenly delivered a package of cocaine and think they've hit the jackpot, triggering a series of events that changes ten people's lives forever.",5.188,84.0
Next Friday ,2000, R ,6,4,10,"In the sequel to the comedy ""Friday,"" Ice Cube hides out with his relatives in the suburbs when the neighborhood bully he helped put behind bars breaks out of prison. Also with Mike Epps, Don ‘DC' Curry, Tamala Jones, Tom 'Tiny' Lister Jr., Justin Pierce, John Witherspoon, Sticky Fingaz, Amy Hill, Andy Linton, Clifton Powell, The Lady Of Rage, Lisa Rodriguez, Lobo Sebastian, Jacob Vargas and Kim Whitley. [1:33]",,,,,
The Next Karate Kid ,1994, PG ,3,5,3,"Sequel to the original, with a twist: the neophyte karateka is a girl.",Action,Drama,"Mr. Miyagi decides to take Julie, a troubled teenager, under his wing after he learns that she blames herself for her parents' demise and struggles to adjust with her grandmother and fellow pupils.",5.334,107.0
Next Stop Wonderland ,1998, R ,3,1,6,"A recently-dumped woman and a plumber who wants to be a marine biologist seem to be the perfect match but always miss opportunities to meet each other. With Hope Davis, Alan Gelfant, Philip Seymour Hoffman, H. Jon Benjamin, Cara Buono, Sam Seder, Holland Taylor, José Zuniga, Robert Stanton, Callie Thorne, Larry Gilliard Jr., Jason Lewis, Roger Rees, Victor Argo, Lyn Vaus, Ken Cheeseman and Bronwyn Sims.",Comedy,Drama,A lighthearted story about a man and a woman who seem destined to be together... and the hilarious chain of accidents that seem determined to keep them apart!,6.023,96.0
The Next Three Days ,2010, PG-13 ,3,6,5,"When a woman (Elizabeth Banks) is arrested for the murder of a colleague and numerous trials and appeals do not go her way, her husband (Russell Crowe) takes matters into his own hands and plans to help her escape from prison. Also with Liam Neeson, Brian Dennehy, Moran Atias and Lennie James. Directed by Paul Haggis. [2:02]",Romance,Drama,"A married couple's life is turned upside down when the wife is accused of murdering her boss. Her husband John would spend the next few years trying to get her released, but there's no evidence that negates the evidence against her. When the strain of being separated from her husband and son gets to her, John decides to find a way to break her out.",7.069,133.0
The Nice Guys ,2016, R ,7,7,10,"A private detective (Ryan Gosling) trying to come to terms with the loss of his wife while raising a teen daughter (Angourie Rice) and a street-level enforcer (Russell Crowe) inadvertently end up working together when a missing person case leads to murder. Also with Matt Bomer, Margaret Qualley, Amelia Kuttner, Yaya DaCosta and Kim Basinger. Directed by Shane Black. [1:56]",Comedy,Crime,A private eye investigates the apparent suicide of a fading porn star in 1970s Los Angeles and uncovers a conspiracy.,7.098,116.0
Nicholas Nickleby ,2002, PG ,3,4,3,"Adapted from the Charles Dickens novel of loss and survival: 19-year-old Nicholas (Charlie Hunnam) and his family are left penniless after the sudden death of his father, and his sister and mother go to London to seek help from their greedy uncle Ralph (Christopher Plummer). The uncle's intentions are hardly benevolent, and he tries to break up the family by sending Nicholas to a school run by a cruel, abusive headmaster. Also with Jamie Bell, Jim Broadbent and Anne Hathaway. [1:48]",Adventure,Drama,"Nicholas Nickleby, a young boy in search of a better life, struggles to save his family and friends from the abusive exploitation of his coldheartedly grasping uncle.",6.883,132.0
Nick & Norah's Infinite Playlist ,2008, PG-13 ,7,4,5,"A New Jersey high school senior (Michael Cera) hits New York city with his friends and band mates hoping to forget the girl who has broken his heart. When a series of events throw a young woman (Kat Dennings) into his path, he begins to wonder if his girlfriend was ever worth the effort in the first place. Also with Ari Graynor, Rafi Gavron, Alexis Dziena, Aaron Yoo, Jonathan Bradford Wright and Jay Baruchel. Directed by Pete Sollett. [1:30]",,,,,
Night and the City ,1992, R ,4,3,5,"Remake of the influential Jules Dassin film noir, with Robert De Niro as the unscrupulous lawyer who ""wants to be somebody.""",Crime,Drama,"Looking to get rich quick, an unsuccessful lawyer uses dishonest means to try to become a boxing promoter.",5.7,105.0
Night at the Museum ,2006, PG ,1,4,1,"Ben Stiller stars as a man who is constantly letting the people he loves down because he is convinced that he can do better professionally. Even his young son is so disappointed in him that he won't ask him to come to his school for career day. This motivates him to settle down in one job and he becomes the night guard at a museum, where the residents come to life after dark. He now has to figure out how to survive the nights without being eaten by a T-Rex, or torn limb from limb by Attila and his Huns, or bombarded by a Lilliputian Roman army. Also with Carla Gugino, Kim Raver, Ricky Gervais, Robin Williams, Mickey Rooney and Dick Van Dyke. Directed by Shawn Levy. [1:48]",Animation,Comedy,"Nick Daley is following in his father's footsteps as night watchman at the American Museum of Natural History, so he knows what happens when the sun goes down. But when the maniacal ruler Kahmunrah escapes, it is up to Nick to save the museum once and for all.",6.916,77.0
Night at the Museum: Battle of the Smithsonian ,2009, PG ,2,3,1,"Since the first ""Night at the Museum,"" the disappointed museum security guard (Ben Stiller) has made a success of himself as an inventor. When he visits the Museum of Natural History and discovers their plans to do away with the exhibits that he had grown so fond of, he is determined to get them back. Also with Amy Adams, Hank Azaria, Owen Wilson, Steve Coogan, Dick Van Dyke, Ricky Gervais, Christopher Guest, Robert Ben Garant, Thomas Lennon and Robin Williams. Directed by Shawn Levy. [1:45]",Adventure,Fantasy,"Hapless museum night watchman Larry Daley must help his living, breathing exhibit friends out of a pickle now that they've been transferred to the archives at the Smithsonian Institution. Larry's (mis)adventures this time include close encounters with Amelia Earhart, Abe Lincoln and Ivan the Terrible.",6.125,105.0
Night at the Museum: Secret of the Tomb ,2014, PG ,2,5,3,"NYC Museum's night watchman (Ben Stiller) sees that the energy level of his living exhibits is waning and causing short-circuited disasters. Then he discovers the museum's Egyptian magic energy tablet is corroding and he takes his son (Skylar Gisondo), a monkey, a Pharaoh (Rami Malek) and Teddy Roosevelt (Robin Williams) to London's British Museum to find a way to recharge the tablet. Also with Owen Wilson, Steve Coogan, Ricky Gervais, Dan Stevens, Mizuo Peck, Ben Kingsley, Rebel Wilson, Dick Van Dyke, Mickey Rooney, Matt Frewer, Andrea Martin and Crystal the Monkey. Directed by Shawn Levy. [1:36]",Adventure,Comedy,"When the magic powers of The Tablet of Ahkmenrah begin to die out, Larry Daley spans the globe, uniting favorite and new characters while embarking on an epic quest to save the magic before it is gone forever.",6.196,98.0
A Night at the Roxbury ,1998, PG-13 ,5,2,5,"Will Ferrell and Chris Kattan play the head-bopping, club-hopping Butabi brothers of Saturday Night Live fame. Also with Dan Hedaya, Molly Shannon, Richard Grieco, Loni Anderson, Chazz Palminteri, Elisa Donovan, Gigi Rice, Lochlyn Munro, Dwayne Hickman, Meredith Scott Lynn, Colin Quinn, Raquel Gardner, Viveca Paulin and Paulette Braxton. [1:21]",Comedy,Music,"Despite being well into adulthood, brothers Doug and Steve Butabi still live at home and work in the flower shop owned by their dad. They exist only to hit on women at discos, though they're routinely unsuccessful until a chance run-in with Richard Grieco gets them inside the swank Roxbury club. Mistaken for high rollers, they meet their dream women, Vivica and Cambi, and resolve to open a club of their own.",6.561,81.0
The Night Before ,2015, R ,8,4,10,"After a drunk driver kills his parents at Christmastime, a musician (Joseph Gordon-Levitt) celebrates the holiday with his two best friends (Seth Rogen and Anthony Mackie) every year for a decade. As one of them prepares himself for impending fatherhood, the friends go out for a final massive Christmas Eve adventure. Also with Michael Shannon, Lizzy Caplan, Jillian Bell and Mindy Kalig. Directed by Jonathan Levine. [1:41]",,,,,
Nightcrawler ,2014, R ,3,7,9,"An LA freelancer (Jake Gyllenhaal) uses a video camera and a low-paid flunky (Riz Ahmed) to capture and sell footage of ghastly nighttime accidents and crimes. His public wants to see more and more blood and gore, so the freelancer and a TV news director (Rene Russo) are eager to comply. Also with Bill Paxton and Michael Hyatt. Directed by Dan Gilroy. [1:57]",Crime,Drama,"When Lou Bloom, desperate for work, muscles into the world of L.A. crime journalism, he blurs the line between observer and participant to become the star of his own story. Aiding him in his effort is Nina, a TV-news veteran.",7.699,118.0
Night Falls on Manhattan ,1997, R ,2,5,8,A DA tracks down corrupt cops -- and his father may be one of them.,Crime,Drama,A newly elected District attorney finds himself in the middle of a police corruption investigation that may involve his father and his partner.,6.282,113.0
The Night Listener ,2006, R ,6,3,7,"Psychological thriller with Robin Williams starring as a famous author and radio show host, who receives the manuscript of a book written by a boy that was used as the subject of pornographic videos by his parents. When he also gets a call from the boy, he becomes suspicious about the boy's true identity and tries to track him down. Also with Toni Collette, Sandra Oh, Rory Culkin and Joe Morton. Directed by Patrick Stettner. [1:31]",Drama,Thriller,"In the midst of his crumbling relationship, a radio show host begins speaking to his biggest fan—a young boy—via the telephone. But when questions about the boy's identity come up, the host's life is thrown into chaos.",5.605,91.0
A Nightmare on Elm Street ,2010, R ,4,9,6,"Several young men and young women discover that they are all having the same terrifying dreams, which include a horribly disfigured man wearing knives on his hands. They soon begin to die, one by one. Also with Jackie Earle Haley, Kyle Gallner, Thomas Dekker, Kellan Lutz, Rooney Mara, Connie Britton and Katie Cassidy. Directed by Sam Bayer. [1:30]",,,,,
Night on Earth ,1992, R ,3,0,6,Assorted stories about people from different countries taking taxis at night.,Comedy,Drama,An anthology of 5 different cab drivers in 5 American and European cities and their remarkable fares on the same eventful night.,7.533,128.0
Nights in Rodanthe ,2008, PG-13 ,5,3,5,"A doctor (Richard Gere) trying to come to terms with a patient who died on the operating table, and a woman (Diane Lane) trying to come to terms with her husband's infidelity, meet at an inn and realize that they can help each other. Also with Christopher Meloni, Viola Davis, Mae Whitman, Pablo Schreiber, Charlie Tahan and Scott Glenn. Directed by George Wolfe. [1:37]",Drama,Romance,"Adrienne is trying to decide whether to stay in her unhappy marriage or not, and her life changes when Paul, a doctor who is travelling to reconcile with his estranged son, checks into an inn where she is staying.",6.27,97.0
Nightwatch ,1998, R ,7,8,7,A law student gets embroiled in some nasty goings-on when he takes a job as a nightwatchman at the medical examiner's office. With Ewan McGregor and Patricia Arquette.,Horror,Thriller,"In order to finance his law studies, Martin starts as a night watchman in a mortuary. When the victims of a serial killer of prostitutes are deposited there, scary things begin to happen. Therefore and because of a strange bet with his fellow student Jens, the police begins to think he is the murderer. Police detective Wormer wants to help him but Martin is more and more suspected.",6.94,107.0
Night Watch ,2004, R ,6,9,6,"Fantasy film set in contemporary Moscow that mixes horror and supernatural elements and revolves around a truce that has been maintained since medieval times between the forces of light and darkness. An ancient prophecy is about to come true, and both forces are anxious to acquire the allegiance of a boy who's destined to be super powerful. With Konstantin Khabensky, Vladimir Menshov, Maria Poroshina, Galina Tyunina and Mariya Poroshina. Directed by Timour Bekmambetov. In Russian, with English subtitles. [1:55]",Fantasy,Action,"Among normal humans live the ""Others"" possessing various supernatural powers. They are divided up into the forces of light and the forces of the dark, who signed a truce several centuries ago to end a devastating battle. Ever since, the forces of light govern the day while the night belongs to their dark opponents. In modern day Moscow the dark Others actually roam the night as vampires while a ""Night Watch"" of light forces, among them Anton, the movie's protagonist, try to control them and limit their outrage",6.2,114.0
The Night We Never Met ,1993, R ,5,1,6,"Romantic comedy about three New Yorkers who share an apartment, on different days; they get to know each other from what each one of them leaves behind. With Kevin Anderson, Matthew Broderick and Annabella Sciorra.",Romance,Comedy,"Sam has a problem with his roommates: they are disgusting, and don't seem to share his views on responsibility, privacy, and basic hygine. Such is his discomfort with his living arrangements that he agrees to share the occupancy of another flat: he gets two nights a week, the owner (a sleazy frat-boy yuppie named Brian, soon to be married) and Ellen (a would-be painter seeking relief from her boring marriage) each get their seperate nights in the flat. Things go extremely well until Sam and Brian swap nights without telling Ellen, who attributes the ""nice"" things that happen around the place to the slob Brian, while berating the responsible Sam for his hedonistic lifestyle.",5.1,99.0
Nim's Island ,2008, PG ,2,4,1,"Nim (Abigail Breslin), is an 11-year-old girl who lives alone on a South Pacific island with her scientist father (Gerard Butler) after her mother was swallowed by a great blue whale. When her father goes away on a two-day expedition, a storm strands him at sea and Nim answers an email from her favorite author, who, convinced that Nim is alone, injured, and being invaded by Buccaneer Cruise tourists tries to conquer her agoraphobia and is off to save Nim. Also with Peter Callan and Maddison Joyce. Directed by Jennifer Flackett and Mark Levin. [1:36]",Adventure,Comedy,A young girl inhabits an isolated island with her scientist father and communicates with a reclusive author of the novel she's reading.,5.9,96.0
9 ,2009, PG-13 ,1,5,0,"After the world has been destroyed by a war between humans and man-made machines, all that remains are a handful of beings that try to understand the world they have inherited. With the voices of Alan Oppenheimer, Tom Kane, Christopher Plummer, Martin Landau, John C. Reilly, Crispin Glover, Jennifer Connelly, Fred Tatasciore and Elijah Wood. Directed by Shane Acker. [1:19]",Drama,Action,"A group of female freedom-fighters led by Karine Levere is caught by the warden of a women's prison, located somwhere in the South American jungle. None of them will reveal the secrets of their organisation or the names of their collaborators in the cities, so they are handed over to Dr. Costa who, after four years inactivity in Europe, is delighted to be able to practice his torture techniques once more.  Laverne fails to resist the inhuman treatments and reveals all. The only hope of saving the organization is for the girls to warn the city cell before it's too late. They trick the prison guard into having sex with them, knock him out and break out of prison. The warden and Dr. Costa must prevent them from revealing the practices inside the prison. The hunt is on and it's shoot to kill...",4.4,75.0
Nine ,2009, PG-13 ,6,3,3,"A once brilliant director (Daniel Day-Lewis) is preparing for his newest film, which he hopes will re-ignite his career. Unable to sleep, write or think, he's doubting himself, while also having to juggle life with both his mistress (Penelope Cruz) and his wife (Marion Cotillard). Also with Nicole Kidman, Judi Dench, Stacy 'Fergie' Ferguson, Kate Hudson, Sophia Loren and Ricky Tognazzi. Directed by Rob Marshall. [1:58]",Action,Mystery,"At the beginning of the 20th century, Zhang Qi Shan and his father were subject to experimentation by the traitor Zuo Qian Zhi. Ten years later, Zhang Qi Shan seeks his revenge. He arrives in Changsha for the first time and meets Er Yue Hong. The two join forces to go against Zuo Qian Zhi and the monster that threatens the city.",5.071,74.0
9/11 ,2017, R ,1,4,6,"Based on a play: Five people (Charlie Sheen, Gina Gershon, Luis Guzmán, Wood Harris and Olga Fonda) are trapped in an elevator during the 9/11 terrorist attacks on the World Trade Center towers and fear for their lives as the towers begin to crumble. Also with Whoopi Goldberg and Jacqueline Bisset. Directed by Martin Guigui. [1:30]",,,,,
Nine Lives ,2005, R ,5,4,6,"Drama about nine women who, under various circumstances, are all being forced to confront the relationships in their lives and make choices about the direction they will now take. With Kathy Baker, Amy Brenneman, Andrew Borba, Elpidia Carrillo, Glenn Close, Holly Hunter and Sissy Spacek. Directed by Rodrigo García. [1:54]",Fantasy,Comedy,A stuffy businessman finds himself trapped inside the body of his family's cat.,5.7,87.0
Nine Lives ,2016, PG ,2,3,2,"A successful businessman but distracted father (Kevin Spacey) finds himself transported into the body of the family cat and unless he can reconcile himself with his estranged wife (Jennifer Garner) and daughter he'll remain a feline forever. Also with, Robbie Amell, Cheryl Hines, Mark Consuelos, Malina Weissman, Christopher Walken and Talitha Bateman. Directed by Barry Sonnenfeld. [1:27]",Fantasy,Comedy,A stuffy businessman finds himself trapped inside the body of his family's cat.,5.7,87.0
Nine Months ,1995, PG-13 ,3,2,5,Hugh Grant discovers the joys of fatherhood when girlfriend Julianne Moore accidentally becomes pregnant.,Romance,Comedy,"When he finds out his longtime girlfriend is pregnant, a commitment-phobe realizes he might have to change his lifestyle for better or much, much worse.",5.714,103.0
90 Minutes in Heaven ,2015, PG-13 ,1,5,1,"A man (Hayden Christensen) recounts his moments after a horrible car accident, when he was declared dead and he describes being taken to heaven. Also with Kate Bosworth, Hudson Meek, Bobby Batson, Elizabeth Hunter, David Clyde Carr, Catherine Carlen and Dwight Yoakam. Directed by Michael Polish. [2:01]",,,,,
99 Homes ,2015, R ,3,6,10,"During the sub prime mortgage crisis in 2010, a hardworking blue-collar builder (Andrew Garfield) loses his job and along with his mother (Laura Dern) and his young son (Noah Lomax) he's evicted from his childhood home by a greedy Florida foreclosure specialist (Mike Shannon). In order to survive and keep his house, the builder reluctantly accepts a job evicting the families of his son's classmates. Also with Clancy Brown, Tim Guinee, Cullen Moss, J.D. Evermore, Nicole Barré, Cynthia Santiago, Manu Narayan and Aniyah Skyy. Directed by Ramin Bahrani. [1:52]",,,,,
Ninja Assassin ,2009, R ,3,10,6,"A clan of warriors takes in orphans and trains them to be ruthless assassins. When one boy grows to adulthood, he questions the leader and acts against the clan, and soon he has to fight his former comrades. With Rain, Naomie Harris, Ben Miles and Rick Yune. Directed by James McTeigue. [1:39]",Action,Thriller,"Ninja Assassin follows Raizo, one of the deadliest assassins in the world. Taken from the streets as a child, he was transformed into a trained killer by the Ozunu Clan, a secret society whose very existence is considered a myth. But haunted by the merciless execution of his friend by the Clan, Raizo breaks free from them and vanishes. Now he waits, preparing to exact his revenge.",6.538,99.0
The Ninth Gate ,2000, R ,6,6,5,"Playing a sleazy rare-book buyer/seller, Johnny Depp encounters ominous people and even more ominous ""occurrences"" while in Europe researching editions of a book supposedly written by Satan. Also with Frank Langella, Lena Olin, Emmanuelle Seigner, Barbara Jefford, Jack Taylor, José López Rodero, James Russo, Tony Amoni, Willy Holt, Maria Ducceshi and Jacques Collard. [2:07]",Mystery,Thriller,"An all-expenses-paid international search for a rare copy of the book 'The Nine Gates of the Kingdom  of Shadows' brings an unscrupulous book dealer deep into a world of murder, double-dealing and satanic worship.",6.454,133.0
Noah ,2014, PG-13 ,3,6,1,"The creator warns Noah (Russell Crowe) that life on earth will be extinguished in a great flood and provides instructions on how to build a large ark to save his family and a pair of each animal species at their current stage of development. Noah struggles with his mission and meets heavy resistance and attacks while receiving encouragement from his grandfather Methuselah (Anthony Hopkins). Also with Kevin Durand, Frank Langella, Mark Margolis, Nick Nolte, Jennifer Connelly, Emma Watson, Logan Lerman, Douglas Booth and Leo McHugh Carroll. Directed by Darren Aranofsky. [2:19]",Drama,Adventure,A man who suffers visions of an apocalyptic deluge takes measures to protect his family from the coming flood.,5.647,138.0
Nobel Son ,2008, R ,8,7,7,"Black comedy with Alan Rickman as a womanizing professor who wins the Nobel Prize for Chemistry. However, his gloating is short-lived when he and his wife (Mary Steenburgen) learn of their son's (Bryan Greenberg) kidnapping. Also with Bill Pullman, Danny DeVito, Eliza Dushku, Ted Danson, Shawn Hatosy, Ernie Hudson, Tracey Walter, Lindy Booth and Kevin West. Directed by Randall Miller. [1:15]",Comedy,Crime,"Soon after his insufferably arrogant father wins the Nobel Prize for chemistry, Barkley Michaelson is kidnapped by Thaddeus James, a young genius who claims to be Barkley's illegitimate half-brother. Motivated not so much by money as revenge, Thaddeus tries to convince Barkley to help him carry out a multimillion-dollar extortion plot against their patriarch.",6.237,110.0
Nobody's Fool ,1995, R ,5,2,5,Paul Newman stars as a man down on his luck in a small hard-luck town. The late Jessica Tandy and Melanie Griffith also star.,Drama,Comedy,"Sully is a rascally ne'er-do-well approaching retirement age. While he is pressing a worker's compensation suit for a bad knee, he secretly works for his nemesis, Carl, and flirts with Carl's young wife Toby. Sully's long- forgotten son and family have moved back to town, so Sully faces unfamiliar family responsibilities. Meanwhile, Sully's landlady's banker son plots to push through a new development and evict Sully from his mother's life.",6.837,110.0
Nobody Walks ,2012, R ,7,2,6,"When the daughter of a family friend (Olivia Thirlby) comes to stay at the Los Angeles home of a couple (Rosemarie DeWitt and John Krasinski), their laid-back lifestyle is threatened by her presence. Also with Jane Levy, Rhys Wakefield, India Ennenga and Dylan McDermott. Directed by Ry Russo-Young. [1:23]",,,,,
No Country for Old Men ,2007, R ,1,9,5,"Ethan & Joel Coen direct this screen adaptation of the eponymous Cormac McCarthy novel: It's the early 1980s and in West Texas a psychopathic killer (Javier Bardem) is looking for a briefcase full of money, while the local man (Josh Brolin) who found the money after stumbling onto a drug deal gone bad, is trying to make sure he's not discovered. Also with Tommy Lee Jones, Woody Harrelson, Kelly Macdonald, Beth Grant and Garret Dillahunt. [2:02]",Crime,Drama,"Llewelyn Moss stumbles upon dead bodies, $2 million and a hoard of heroin in a Texas desert, but methodical killer Anton Chigurh comes looking for it, with local sheriff Ed Tom Bell hot on his trail. The roles of prey and predator blur as the violent pursuit of money and justice collide.",7.934,122.0
Nocturnal Animals ,2016, R ,7,8,10,"An art dealer (Amy Adams) receives a novel manuscript from her ex-husband and watches her own life unravel while reading the distressing story. Also with Jake Gyllenhaal, Michael Shannon, Aaron Taylor-Johnson, Isla Fisher, Ellie Bamber, Armie Hammer, Karl Glusman, Robert Aramayo, Laura Linney and Michael Sheen. Directed by Tom Ford. [1:57]",Drama,Thriller,"Susan Morrow receives a book manuscript from her ex-husband – a man she left 20 years earlier – asking for her opinion of his writing. As she reads, she is drawn into the fictional life of Tony Hastings, a mathematics professor whose family vacation turns violent.",7.452,117.0
No Escape ,1994, R ,1,7,3,"Futuristic thriller about an island prison where there is little chance for survival, and Ray Liotta's attempt to escape.",Action,Horror,A group of survivors must fight for their lives against a horde of blood thirsty Clickers.,5.333,14.0
No Escape ,2015, R ,4,8,6,"A man (Owen Wilson) takes his wife (Lake Bell) and two young daughters (Sterling Jerins and Claire Geare) overseas, where he thinks that his company is helping to provide clean drinking water to the denizens. Shortly after they arrive he realizes that the local people don't see their presence as positive and they must flee for their lives. Also with Pierce Brosnan, Thanawut Kasro, Chatchawai Kamonsakpitak and Sahajak Boonthanakit. Directed by John Erick Dowdle. Several lines of dialogue are spoken in a foreign language with no subtitles and a couple are in French and are translated into English. [1:43]",Action,Horror,A group of survivors must fight for their lives against a horde of blood thirsty Clickers.,5.333,14.0
No Good Deed ,2014, PG-13 ,4,6,5,"A former prosecutor (Taraji P. Henson) and stay-at-home mom of two opens her door to a handsome stranger (Idris Elba) one stormy night when her negligent husband is away. The rain soaked stranger alleges car trouble, but ensuing events horrify and shock the family he meets. Also with Leslie Bibb, Kate del Castillo, Mark Smith, Henry Simmons and Wilbur Fitzgerald. Directed by Sam Miller. [1:24]",Crime,Thriller,"Terri is a devoted wife and mother of two, living an ideal suburban life in Atlanta when Colin, a charming but dangerous escaped convict, shows up at her door claiming car trouble. Terri offers her phone to help him but soon learns that no good deed goes unpunished as she finds herself fighting for survival when he invades her home and terrorizes her family.",6.0,83.0
No Man's Land ,2001, R ,2,6,7,"Satire taking place during the Bosnian war: Two soldiers, a Bosnian and a Serb, are trapped in a trench right between their front lines. A fellow soldier, who seems dead, is also lying on the trench floor, right on top of a spring-loaded mine set to explode if he is moved. Unable to communicate with their respective command posts, the two soldiers must somehow escape their absurd predicament and get out of the trench without being killed by their own troops or the bomb. With Branko Djuric, Rene Bitorajac, Filip Sovagovic, Georges Siatidis, Serge-Henri Valcke, Simon Callow and Katrin Cartlidge. In Slovenian, French and English, with English subtitles. [1:37]",Drama,Crime,"Pan Xiao, a young lawyer, goes to a rural small village settled in the western desert lands of China to handle the case of a falcon poacher who has ran over a policeman. Pan wins the case through sophisticated reasoning and forces the poacher to give him his car as a reward. Then, he just drives back home, but the return will not be an easy one.",6.61,118.0
Non-Stop ,2014, PG-13 ,1,5,5,"A senior Air Marshal (Liam Neeson) is burned out on the job. However, when one day his transatlantic flight from New York to London is hijacked with demands of $150 million or the death of a passenger every 20 minutes, he goes into action. Also with Julianne Moore, Michelle Dockery, Anson Mount, Lupita Nyong'o and Scoot McNairy. Directed by Jaume Collet-Serra. A good portion of the dialogue appears in text messages shown on screen. [1:46]",Action,Thriller,"Bill Marks is a burned-out veteran of the Air Marshals service. He views the assignment not as a life-saving duty, but as a desk job in the sky. However, today's flight will be no routine trip. Shortly into the transatlantic journey from New York to London, he receives a series of mysterious text messages ordering him to have the government transfer $150 million into a secret account, or a passenger will die every 20 minutes.",6.812,106.0
Norbit ,2007, PG-13 ,5,4,4,"Eddie Murphy stars as Norbit, a man who has been bullied all of his life, starting as an orphan in a small town. Now he's an adult, but a mean and extremely overweight woman (also Murphy, using prosthetics) who once saved him from two bullies when he was a boy, forces him to have a relationship with her, despite the fact that his childhood sweetheart is moving back to town. Also with Thandie Newton, Cuba Gooding Jr., Eddie Griffin and Terry Crews. Directed by Brian Robbins. [1:42]",,,,,
No Reservations ,2007, PG ,4,3,3,"A perfectionist chef (Catherine Zeta-Jones) is so paranoid she's unable to trust anyone and suspects everyone who might threaten her position. When her sister dies in a car accident and she is left to care for her young niece (Abigail Breslin) she struggles with the day-to-day complications of childcare and career, until a charming sous chef (Aaron Eckhart) is hired to help in her kitchen. Initial resistance gives way to love. Also with Patricia Clarkson and Jennifer Wade. Directed by Scott Hicks. [1:45]",Comedy,Romance,"Master chef Kate Armstrong runs her life and her kitchen with intimidating intensity. However, a recipe for disaster may be in the works when she becomes the guardian of her young niece while crossing forks with the brash sous-chef who just joined her staff. Though romance blooms in the face of rivalry, Kate needs to look outside the kitchen to find true happiness.",6.546,104.0
Norman ,2017, R ,2,4,5,"A Jewish promoter (Richard Gere) befriends a rising Israeli politician (Lior Ashkenazi) by giving him a pair of impressively expensive shoes. When the man later becomes the Israeli prime minister, the American gains influence in the New York Jewish community, but cannot keep up with their demands. Also with Michael Sheen, Dan Stevens, Steve Buscemi, Hank Azaria, Josh Charles and Charlotte Gainsbourg. Directed by Joseph Cedar. Several lines of dialogue are in Hebrew with English subtitles and a few lines are in Hebrew or Yiddish without translation. [1:58]",,,,,
Norm of the North ,2016, PG ,1,3,1,"Animated tale of a polar bear (voiced by Rob Schneider) that can speak to humans. He finds that this gift is very handy when he must defend his home against a greedy developer who is determined to build houses in the Arctic. Also with the voices of Heather Graham, Ken Jeong, Bill Nighy, Colm Meaney, Loretta Devine, Michael McElhatton, Maya Kay and Gabriel Iglesias. Directed by Trevor Wall. [1:26]",Adventure,Animation,"Polar bear Norm and his three Arctic lemming buddies are forced out into the world once their icy home begins melting and breaking apart. Landing in New York, Norm begins life anew as a performing corporate mascot, only to discover that his new employers are directly responsible for the destruction of his polar home.",4.696,86.0
North ,1994, PG ,1,2,2,"A young boy becomes a free-agent looking for a new home, when he decides that his parents don't appreciate him enough.",Action,Adventure,"China’s booming animation industry has reached us. The film in question is Shuo Feng — Po Zhen Zi, an action epic directed by Zheng Wu and based on an internet novel by A Nu.  From what we understand, the film is set in the eighth century, during China’s Tang dynasty. The story draws inspiration from real historical battles, which pitted Chinese forces against the Islamic Abbasid Caliphate and Tibetan Empire in Central Asia. Watch the hyper-kinetic, elaborately composited trailer below:",0.0,0.0
North Country ,2005, R ,7,5,6,"Charlize Theron stars as a woman who runs away from an abusive husband and to her family home. However, she's not welcomed by her father, who's still upset that she became pregnant when she was a teenager. Determined to make her own way, she gets a job at the nearby iron mine, only to realize that the men who work there, including her father, do not want to compete with women and can be extremely abusive. She refuses to quit and ends up suing the mine for sexual harassment. Also with Frances McDormand, Sissy Spacek, Woody Harrelson and Sean Bean. Directed by Niki Caro. [2:06]",,,,,
Northfork ,2003, PG-13 ,3,4,4,"It's 1955 and people in the small town of Northfork are being evacuated from their homes to make room for the construction of a dam. The film mixes scenes of trench-coat clad government agents hired to remove townspeople who won't leave and the sickbed dreams of an orphaned boy cared for by a priest. The dreams include fantastic creatures that may or may not be angels. With Mark Polish, James Woods, Nick Nolte, Anthony Edwards and Duel Farnes. Directed by Michael Polish. [1:34]",Fantasy,Drama,"The year is 1955, and a great flood is coming to Northfork, Montana. A new hydroelectric dam is about to be installed in the mountains above the town, ready to submerge the valley in the name of progress. It is the charge of a six-man Evacuation Committee to relocate the townsfolk to higher ground. Most have duly departed, but a few stubborn stragglers remain – among them a priest caring for a sickly orphan, a boy whose fevered visions are leading him to believe he is a member of a roaming band of lost angels desperately searching for a way home.",6.1,103.0
Norwegian Wood ,2011, NR ,8,4,5,Based on the Japanese novel by Haruki Murakami and set in 1960s Japan: a college student (Ken'ichi Matsuyama) recalls his life after his best friend (Kengo Kora) killed himself when they were teens. As he begins to grow close to his friend's former girlfriend (Rinko Kikuchi) he struggles with his feelings for another young woman. Also with Kiko Mizuhara and Tetsuji Tamayama. Directed by Anh Hung Tran. In Japanese with English subtitles. [2:13],Drama,Romance,"Toru recalls his life in the 1960s, when his friend Kizuki killed himself and he grew close to Naoko, Kizuki's girlfriend, and another woman, the outgoing, lively Midori.",6.3,133.0
No Strings Attached ,2011, R ,8,3,6,"Natalie Portman and Ashton Kutcher star as two friends who reconnect, and decide to make their sexual relationship strictly physical. But they discover that it isn't as easy as they thought it would be. Also with Kevin Kline, Cary Elwes, Greta Gerwig, Chris ""Ludacris"" Bridges and Mindy Kaling. Directed by Ivan Reitman. [1:50]",Comedy,Romance,"Emma is a busy doctor who sets up a seemingly perfect arrangement when she offers her best friend Adam a relationship with one rule: No strings attached. But when a fling becomes a thing, can sex friends stay best friends?",6.29,107.0
Not Another Teen Movie ,2001, R ,8,6,6,"Yet another teen movie, one that ostensibly pokes fun at other teen movies. The Cinderella story revolves around the efforts of a star football player to make a geeky, unpopular artist into a prom queen. He's doing it to win a bet, but predictably he becomes romantically ensnared. With Chyler Leigh, Jaime Pressly, Deon Richmond, Eric Jungmann and Josh Jacobson. [1:30]",,,,,
Not Easily Broken ,2009, PG-13 ,4,5,4,"Morris Chestnut and Taraji P. Henson star as a married couple whose aspirations are along different paths: He was once an aspiring professional baseball player, and struggles with his new construction business, while she is a successful realtor; also, he would like to start a family, but she is focused on her career. Also with Cannon Jay, Eddie Cibrian, Kwame Boateng, Maeve Quinlan and Jenifer Lewis. Directed by Bill Duke. [1:39]",Drama,Romance,A car accident and shifting affections test the bond between a married couple.,6.3,99.0
The Notebook ,2004, PG-13 ,6,4,4,"An elderly man (James Garner) reads passages from a notebook to an elderly woman (Gena Rowlands) who's suffering from dementia, trying to help her remember their life together. He relates how while young they were separated by World War II, then reunited 7 years later, after their paths diverged. Also with Sam Shepard, Meredith Zealy, Ryan Gosling and Rachel McAdams. Directed by Nick Cassavetes. [2:01]",Romance,Drama,"An epic love story centered around an older man who reads aloud to a woman with Alzheimer's. From a faded notebook, the old man's words bring to life the story about a couple who is separated by World War II, and is then passionately reunited, seven years later, after they have taken different paths.",7.877,123.0
Notes on a Scandal ,2006, R ,7,3,6,"A new teacher (Cate Blanchett) at an English high school becomes embroiled in an affair with one of her young students, and a colleague (Judi Dench) who discovers her secret, decides to use this information to insinuate herself into the woman's life. Also with Bill Nighy, Tom Georgeson, Michael Maloney and Joanna Scanlan. Directed by Richard Eyre. [1:31]",Drama,Romance,"A veteran high school teacher befriends a younger art teacher, who is having an affair with one of her 15-year-old students. However, her intentions with this new ""friend"" also go well beyond platonic friendship.",7.11,92.0
Not Fade Away ,2012, R ,6,3,8,"Several friends dream of becoming rock-and-roll stars in the 1960s. With John Magaro, Jack Huston, Will Brill, Dominique McElligott, Brahm Vaccarella, Gregory Perri, James Gandolfini, Bella Heathcote and Christopher McDonald. Directed by David Chase. [1:52]",,,,,
Nothing But the Truth ,2008, R ,6,6,7,"A journalist (Kate Beckinsale) reveals a C.I.A. agent's identity and is imprisoned when she refuses to disclose her source. Also with Alan Alda, Vera Farmiga, Matt Dillon, David Schwimmer, Angela Bassett and Noah Wyle. Directed by Rod Lurie. [1:47]",Drama,Thriller,"When reporter Rachel Armstrong writes a story that reveals the identity of a covert CIA operative, the government demands that Rachel reveal her source. She defies the special prosecutor and is thrown in jail. Meanwhile, her attorney, Albert Burnside argues her case all the way to the U.S. Supreme Court.",6.913,108.0
Nothing Like the Holidays ,2008, PG-13 ,5,4,4,"All of the members of the Rodriguez family are coming home for the holidays: Returning from California and New York, and as far away as Iraq, each member comes with his or her own life struggles. With John Leguizamo, Freddy Rodriguez, Jay Hernandez, Melonie Diaz, Alfred Molina, Mercedes Ruehl, Luis Guzman, Vanessa Ferlito and Debra Messing. Directed by Alfredo De Villa. [1:39]",Comedy,Drama,It’s Christmastime and the far-flung members of the Rodriguez family are converging at their parents’ home in Chicago to celebrate the season and rejoice in their youngest brother’s safe return from combat overseas.,6.183,98.0
Nothing to Lose ,1997, R ,3,4,9,Tim Robbins and Martin Lawrence become buddies when Lawrence tries to carjack Robbins.,Drama,History,"Authorized biopic of Brazilian evangelical bishop Edir Macedo, founder of the Universal Church of the Kingdom of God and owner of Record TV network. Based on a book trilogy of the same name, the movie tells the story of the self-made man who faced several moments of turbulence while pursuing his conviction.",5.506,130.0
Notorious ,2009, R ,8,6,10,"Biopic of Notorious B.I.G. (Jamal Woolard) whose music and lyrics resonated with everyday Brooklyn street life. When gunned down at the age of 24 he was one of the most important hip-hop artists. Also with Antonique Smith, Naturi Naughton, Angela Bassett, Derek Luke, Anthony Mackie. Directed by George Tillman Jr. [2:02]",Music,Drama,"""Notorious"" is the story of Christopher Wallace. Through raw talent and sheer determination, Wallace transforms himself from Brooklyn street hustler (once selling crack to pregnant women) to one of the greatest rappers of all time: The Notorious B.I.G. Follow his meteoric rise to fame and his refusal to succumb to expectations - redefining our notion of ""The American Dream.""",6.93,122.0
The Notorious Bettie Page ,2005, R ,8,6,5,"Gretchen Mol stars as Bettie Page, who was the most popular pin-up girl of the 1950s. Having been brought up in a conservative religious family in Tennessee, she became a photo model, specializing in fetish poses that made her the target of a Senate investigation into pornography. Also with Lili Taylor, David Strathairn, Jonathan M. Woodward and Cara Seymour. Directed by Mary Harron. [1:31]",Comedy,Drama,"Bettie Page grew up in a conservative religious family in Tennessee and became a photo model sensation in 1950s New York. Bettie's legendary pin-up photos made her the target of a Senate investigation into pornography, and transformed her into an erotic icon who continues to enthrall fans to this day.",6.371,91.0
Notting Hill ,1999, PG-13 ,4,1,5,"An ultra-famous movie star (Julia Roberts) and an ordinary bookshop owner (Hugh Grant) fall in love despite their differences. Also with Hugh Bonneville, Emma Chambers, James Dreyfus, Rhys Ifans, Tim McInnerny, Gina McKee, Richard McCabe, Dylan Moran, Roger Frost, Julian Rhind-Tutt, Lorelei King and John Shrapnel. [2:03]",Romance,Comedy,"William Thacker is a London bookstore owner whose humdrum existence is thrown into romantic turmoil when famous American actress Anna Scott appears in his shop. A chance encounter over spilled orange juice leads to a kiss that blossoms into a full-blown affair. As the average bloke and glamorous movie star draw closer and closer together, they struggle to reconcile their radically different lifestyles in the name of love.",7.263,124.0
The November Man ,2014, R ,7,7,7,"A deadly clandestine agent (Pierce Brosnan) has retired until the CIA calls him to protect a key witness (Olga Kurylenko). He soon learns that he is the target of a former agency partner (Luke Bracey). Also with Eliza Taylor, Caterina Scorsone, Bill Smitrovich and Will Patton. Directed by Roger Donaldson. Some scenes contain Russian language with English subtitles and other dialogue is in Russian with no subtitles. [1:48]",Crime,Action,An ex-CIA operative is brought back in on a very personal mission and finds himself pitted against his former pupil in a deadly game involving high level CIA officials and the Russian president-elect.,6.094,108.0
Novitiate ,2017, R ,7,5,5,"In 1954 a seven-year-old girl raised by an agnostic single mother (Julianne Nicholson) is introduced to Catholicism and as a young woman (Margaret Qualley) wins a scholarship to a Catholic school and to her mother's dismay, enters a convent. Vatican II disrupts the lives of the nuns and the novice suffers as her faith is challenged by pain, loneliness and sexual urges. Also with Melissa Leo, Dianna Agron, Morgan Saylor, Ashley Bell and Liana Liberato. Directed by Margaret Betts. [2:03]",,,,,
Now and Then ,1995, PG-13 ,2,3,4,A group of twelve-year-old girls make a promise to always be there for each other and as adults honor that pact when one has a baby.,Comedy,Drama,"Waxing nostalgic about the bittersweet passage from childhood to puberty in this tender coming-of-age tale, four childhood girlfriends -- Teeny, Chrissy, Samantha and Roberta -- recall the magical summer of 1970. During their walk down memory lane, they reconcile experiences with boys, secrets, bullies and more.",6.904,100.0
Nowhere to Run ,1993, R ,7,7,5,"Jean-Claude Van Damme is an escaped convict who comes to a pretty widow's (Rosanna Arquette) rescue and stays for dinner, shares her bed and becomes surrogate father to her two children.",Action,Drama,Escaped convict Sam Gillen single-handedly takes on ruthless developers who are determined to evict a widow with two young children.,6.286,94.0
Now You See Me ,2013, PG-13 ,4,5,5,"The FBI and Interpol chase a notorious group called ""The Four Horsemen,"" a team of renowned illusionists (Jesse Eisenberg, Woody Harrelson, Dave Franco and Isla Fisher) who succeed in a series of heists against corrupt businessmen and then shower the stolen money on their audiences. Also with Melanie Laurent, Mark Ruffalo, Michael Caine and Morgan Freeman. Directed by Louis Leterrier. [1:55]",Thriller,Crime,An FBI agent and an Interpol detective track a team of illusionists who pull off bank heists during their performances and reward their audiences with the money.,7.341,116.0
Now You See Me 2 ,2016, PG-13 ,1,5,4,"Notorious tricksters The Four Horsemen, from the first installment, re-surface and find themselves forced to undertake a heist that seems all but impossible. With Jesse Eisenberg, Mark Ruffalo, Woody Harrelson, Dave Franco, Daniel Radcliffe, Lizzy Caplan, Jay Chou, Sanaa Lathan, Michael Caine and Morgan Freeman. Directed by Jon M. Chu. [2:09]",Crime,Thriller,"One year after outwitting the FBI and winning the public’s adulation with their mind-bending spectacles, the Four Horsemen resurface only to find themselves face to face with a new enemy who enlists them to pull off their most dangerous heist yet.",6.824,129.0
The Number 23 ,2007, R ,7,8,6,"Jim Carrey stars as a bored animal control agent who receives a book entitled ""The Number 23: The Story of Obsession"" as a birthday gift. As he begins to read the book he notices many strange coincidences and similarities to his own life that make him suspect that the author somehow knows him and that the number 23 has significance in his life. He eventually becomes obsessed with finding the number 23 everywhere (the number of shoes in his closet, his address, his social security number, the bombing of Hiroshima, the Waco, Texas incident, the Oklahoma City bombing, etc.). Also with Virginia Madsen, Danny Huston, Rhona Mitra and Logan Lerman. Directed by Joel Schumacher. [1:35]",Thriller,Drama,"Walter Sparrow is an animal control officer that becomes obsessed with a mysterious book that seems to be based on his own life. As soon as he opens the book, he notices strange parallels between what he reads and what he's experienced. But now he's worried that a fictional murder might materialize.",6.412,101.0
Nurse Betty ,2000, R ,6,8,10,"After her jerk of a husband is brutally murdered, a deluded Kansas waitress (Renee Zellweger) goes to Hollywood to meet the love of her life -- a character on a daytime television soap opera. Also with Morgan Freeman, Chris Rock, Greg Kinnear, Aaron Eckhart, Tia Texada, Crispin Glover, Pruitt Taylor Vince, Allison Janney, Kathleen Wilhoite, Harriet Sansom Harris and Laird Mackintosh. [1:49]",Comedy,Crime,"What happens when a person decides that life is merely a state of mind? If you're Betty, a small-town waitress and soap opera fan from Fair Oaks, Kansas, you refuse to believe that you can't be with the love of your life just because he doesn't really exist. After all, life is no excuse for not living. Traumatized by a savage event, Betty enters into a fugue state that allows -- even encourages -- her to keep functioning... in a kind of alternate reality.",5.932,108.0
The Nutcracker ,1993, G ,1,1,0,Cinematic adaptation of the holiday classic with Macaulay Culkin as the Nutcracker Prince. He's assisted by the New York City ballet.,,,,,
The Nut Job ,2014, PG ,1,3,2,"A squirrel called Surly (voiced by Will Arnett) is banished by a raccoon (voiced by Liam Neeson) from a park to the city streets for being selfish. Not knowing exactly what to do to survive, Surly stumbles upon Maury's Nut Shop and with his rat pal Buddy (voiced by Eric Bauza) they plan to break in and steal all the nuts. Also with the voices of Brendan Fraser, Gabriel Iglesias, Jeff Dunham, Maya Rudolph and Katherine Heigl. Directed by Peter Lepeniotis. [1:26]",Animation,Comedy,"Surly, a curmudgeon, independent squirrel is banished from his park and forced to survive in the city. Lucky for him, he stumbles on the one thing that may be able to save his life, and the rest of park community, as they gear up for winter - Maury's Nut Store.",5.755,85.0
The Nut Job 2: Nutty by Nature ,2017, PG ,1,3,1,"When a greedy developer wants to take over a park and turn it into a profit making amusement park, the animals living there take matters into their own hands. With the voices of Will Arnett, Katherine Heigl, Maya Rudolph, Jackie Chan, Isabela Moner, Peter Stormare, Bobby Cannavale, Bobby Moynihan, Jeff Dunham and Gabriel Iglesias. Directed by Cal Brunker. [1:31]",Animation,Family,"When the evil mayor of Oakton decides to bulldoze Liberty Park and build a dangerous amusement park in its place, Surly Squirrel and his ragtag group of animal friends need to band together to save their home, defeat the mayor, and take back the park.",5.9,91.0
The Nutty Professor ,1996, PG-13 ,2,3,6,Eddie Murphy plays obese Professor Klump and the man he becomes when he takes his own medicine -- slim but vulgar Buddy Love.,Fantasy,Comedy,"Eddie Murphy stars as shy Dr. Sherman Klump, a kind, brilliant, 'calorifically challenged' genetic professor. When beautiful Carla Purty joins the university faculty, Sherman grows desperate to whittle his 400-pound frame down to size and win her heart. So, with one swig of his experimental fat-reducing serum, Sherman becomes 'Buddy Love', a fast-talking, pumped-up , plumped down Don Juan.",5.625,95.0
Nutty Professor II: The Klumps ,2000, PG-13 ,7,5,6,"Eddie Murphy stars as both Sherman Klump and the whole Klump clan, in this sequel to the 1996 film. This time Sherman has a new potion and new love interest (Janet Jackson). With Larry Miller, John Ales, Anna Maria Horsford, Melinda McGraw, Jamal Mixon and Gabriel Williams. [1:50]",Fantasy,Comedy,"The hilarity begins when professor Sherman Klump finds romance with fellow DNA specialist, Denise Gaines, and discovers a brilliant formula that reverses aging. But Sherman's thin and obnoxious alter ego, Buddy Love, wants out...and a big piece of the action. And when Buddy gets loose, things get seriously nutty.",4.986,106.0
