movie_title,movie_year,movie_rating,sex_nudity,violence_gore,language,movie_description,genre_1,genre_2,overview,vote_average,run_time
Zack and Miri Make a Porno ,2008, R ,10,2,10,"Two friends (Seth Rogen and Elizabeth Banks) have had a platonic relationship since childhood and are now roommates down on their luck. Mounting bills convince them that the easiest and fastest way to solvency is to create a homemade pornographic film. Also with Jason Mewes, Katie Morgan, Craig Robinson, Traci Lords, Jeff Anderson, Jennifer Schwalbach-Smith, Tom Savini and Gerry Bednob. Directed by Kevin Smith. [1:41]",,,,6.406,102.0
Zathura ,2005, PG ,1,5,2,"Sequel of sorts to 1995's ""Jumanji"": Two bickering brothers are left at home with their teenage sister, who just wants to be left alone in her room, when their father runs to his office for a few minutes. The youngest boy finds an old board game and when he starts playing their house is transported to outer space, where they're attacked by a meteor shower, a dysfunctional robot, and lizard-like aliens. The only way to get back to Earth is to finish the game. With Josh Hutcherson, Jonah Bobo, Dax Shepard, Kristen Stewart and Tim Robbins. Directed by Jon Favreau. [1:35]",Science Fiction,Adventure,"After their father is called into work, two young boys, Walter and Danny, are left in the care of their teenage sister, Lisa, and told they must stay inside. Walter and Danny, who anticipate a boring day, are shocked when they begin playing Zathura, a space-themed board game, which they realize has mystical powers when their house is shot into space. With the help of an astronaut, the boys attempt to return home.",6.375,101.0
Zero Dark Thirty ,2012, R ,4,7,9,"The events leading up to the killing of Osama bin Laden after the 9/11/2001 Al-Qaeda terrorist attack on New York's World Trade Center and the Pentagon. Also with Joel Edgerton, Chris Pratt, Taylor Kinney, Callan Mulvey, Siaosi Fonua, Phil Somerville, Nash Edgerton, Mike Colter. Jason Clarke, Reda Kateb, Jessica Chastain, Kyle Chandler, Jennifer Ehle, Harold Perrineau, Jeremy Strong and J.J. Kandel. Directed by Kathryn Bigelow. [2:37]",Thriller,Drama,"A chronicle of the decade-long hunt for al-Qaeda terrorist leader Osama bin Laden after the September 2001 attacks, and his death at the hands of the Navy S.E.A.L. Team 6 in May, 2011.",6.978,157.0
Zero Effect ,1998, R ,2,4,7,Mystery/comedy involving an agoraphobic P.I. (Bill Pullman) and his stoic assistant (Ben Stiller).,Comedy,Crime,"Daryl Zero is a private investigator and—along with his assistant, Steve Arlo—he solves impossible crimes and puzzles. Although Daryl's a master investigator, he doesn't know what to do with himself when he's not working; he has no social skills, writes bad music and drives Steve crazy.",6.2,116.0
The Zero Theorem ,2014, R ,6,4,6,"Struggling to focus on his mission to uncover the meaning of life, a man (Christoph Waltz) petitions his employer to allow him to work in the solitude of his home while waiting for ""the call"" that will presumably answer all of his questions about our existence. The management agrees initially with stipulations that include a regular therapy session, interaction with a brilliant teenager working on his own computer mission and a sexy young woman in a virtual world. Also with Matt Damon, Sanjeev Bhaskar, Peter Stormare, Ben Whishaw, Mélanie Thierry, Lucas Hedges and Tilda Swinton. Directed by Terry Gilliam. [1:47]",Drama,Fantasy,"A computer hacker's goal to discover the reason for human existence continually finds his work interrupted thanks to the Management; this time, they send a teenager and lusty love interest to distract him.",6.109,107.0
Zeus and Roxanne ,1997, PG ,1,1,1,A dog and a dolphin form a friendship as the humans around them are amazed and thrilled at this unlikely bond. With Steve Guttenberg and Kathleen Quinlan.,Comedy,Adventure,"Mary Beth is a marine biologist who gets annoyed when a dog named Zeus stows aboard her research boat. Nevertheless, she is intrigued when he makes best friends with her captive dolphin, Roxanne. She falls in love with his owner, Terry, a musician who rides a bike.",5.3,98.0
Z for Zachariah ,2015,PG-13,6,4,5,"After a nuclear event destroys most of Earth, a scientist (Chiwetel Ejiofor), a coal miner (Chris Pine) and a 19-year-old woman (Margot Robbie) seem to be the only survivors. The two men compete for the woman's attention in a dangerous love triangle clouded by nuclear radiation and jealousy. Directed by Craig Zobel. [1:35]",Drama,Thriller,"In the wake of a nuclear war, a young woman survives on her own, fearing she may actually be the proverbial last woman on earth, until she discovers the most astonishing sight of her life: another human being. A distraught scientist, he’s nearly been driven mad by radiation exposure and his desperate search for others. A fragile, imperative strand of trust connects them. But when a stranger enters the valley, their precarious bond begins to unravel.",5.616,97.0
Zodiac ,2007, R ,3,8,6,"Thriller based on the case files about a serial murderer in the San Francisco Bay Area who haunted the lives of police detectives and newspaper reporters for years, by killing and disappearing, and then killing again. The true identity of the killer has never been established. With Jake Gyllenhaal, Mark Ruffalo, Robert Downey Jr., Anthony Edwards and Brian Cox. Directed by David Fincher. [2:40]",Action,Adventure,"Asian Hawk leads a mercenary team to recover several lost artifacts from the Old Summer Palace, the bronze heads of the 12 Chinese Zodiac animals which were sacked by the French and British armies from the imperial Summer Palace in Beijing in 1860. Assisted by a Chinese student & a Parisian lady, Hawk stops at nothing to accomplish the mission.",6.16,109.0
Zombieland ,2009, R ,4,8,8,"After the planet has been overrun by a virus that turns people into flesh-eating zombies, there are just a handful of uninfected humans left (Woody Harrelson, Jesse Eisenberg, Emma Stone, Abigail Breslin) and they try to make their way across the country to find a place free of zombies. Also with Amber Heard and Bill Murray. Directed by Ruben Fleischer. [1:21]",Comedy,Horror,"Columbus has made a habit of running from what scares him. Tallahassee doesn't have fears. If he did, he'd kick their ever-living ass. In a world overrun by zombies, these two are perfectly evolved survivors. But now, they're about to stare down the most terrifying prospect of all: each other.",7.264,88.0
Zombie Strippers ,2008, R ,8,10,8,"A super-virus is spread to the dancers at an exotic dance club and the audience loves to watch as they transform into zombies and acquire powers that allow them to do extraordinary things. With Robert Englund, Jenna Jameson, Roxy Saint, Joey Medina, Shamron Moore, Jennifer Holland, Johnny D. Hawkes, Jeannette Sousa and Penny Drake. Directed by Jay Lee. [1:34]",Comedy,Horror,"In the not too distant future a secret government re-animation chemo-virus gets released into conservative Sartre, Nebraska and lands in an underground strip club. As the virus begins to spread, turning the strippers into ""Super Zombie Strippers"" the girls struggle with whether or not to conform to the new ""fad"" even if it means there's no turning back.",4.773,94.0
The Zookeeper ,2011, PG ,4,4,3,"More than five years after a loveable zookeeper (Kevin James) had his heart broken, the zoo's animals band together and break their code of silence to help him win the heart of his true love. Also with Rosario Dawson, Leslie Bibb, Ken Jeong, Joe Rogan, Donnie Wahlberg and with the voices of Nick Nolte, Adam Sandler, Sylvester Stallone, Cher, Judd Apatow, Jon Favreau and Maya Rudolph. Directed by Frank Coraci. [1:44]",Drama,History,"The account of keepers of the Warsaw Zoo, Jan and Antonina Zabinski, who helped save hundreds of people and animals during the Nazi invasion.",7.372,126.0
The Zookeeper's Wife ,2017,PG-13,6,6,1,"Set in the period between 1939 and '45 and based on a true story about the keepers of the Warsaw, Poland zoo and their efforts to save hundreds of Jews from the invading Nazis. With Jessica Chastain, Johan Heldenbergh, Daniel Brühl, Timothy Radford, Efrat Dor, Iddo Goldberg, Shira Haas, Michael McElhatton and Val Maloku. Directed by Niki Caro. A few lines of dialogue are spoken in German and Hebrew with no translation. [2:04]",Drama,History,"The account of keepers of the Warsaw Zoo, Jan and Antonina Zabinski, who helped save hundreds of people and animals during the Nazi invasion.",7.372,126.0
Zoolander ,2001,PG-13,4,4,5,"Derek Zoolander (Ben Stiller), a male supermodel and an air-head, is brainwashed by an evil fashion designer into becoming an assassin. His target is the Prime Minister of Malaysia, and the plot is hatched in order to prevent the elimination of the sweatshops that churn out cheaply-produced fashion apparel. Also with Owen Wilson, Will Ferrell, Milla Jovovich and Christine Taylor. [1:35]",Comedy,Adventure,"Clear the runway for Derek Zoolander, VH1's three-time male model of the year. His face falls when hippie-chic Hansel scooters in to steal this year's award. The evil fashion guru Mugatu seizes the opportunity to turn Derek into a killing machine. It's a well-designed conspiracy and only with the help of Hansel and a few well-chosen accessories like Matilda can Derek make the world safe for male models everywhere.",6.561,90.0
Zoolander 2,2016,PG-13,6,6,5,"In this sequel the Interpol Fashion Police recruits two former male models (Ben Stiller and Owen Wilson) to stop the worldwide assassination of top celebrities. The two recruits re-enter a changed and confusing world of high fashion to investigate, while their former rival (Will Ferrell) escapes from fashion prison and seeks revenge. Also with Penelope Cruz, Kristen Wiig and Fred Armisen. Directed by Ben Stiller. [1:42]",Comedy,Adventure,Derek and Hansel are modelling again when an opposing company attempts to take them out from the business.,4.869,100.0
Zoom ,2006, PG ,2,3,1,"Tim Allen stars as Zoom, a superhero whose powers were lost during an over-exposure to gamma rays. However, the same rays empowered his brother, but also made him evil and he ended up killing the rest of their team and disappearing. He is coming back now to find and destroy Zoom -- if a new team of naturally super youngsters can't stop him. Also with Courteney Cox Arquette, Chevy Chase, Spencer Breslin and Kate Mara. Directed by Peter Hewitt. [1:23]",Family,Comedy,"Jack Shepard is an out-of-shape auto shop owner, far removed from the man who once protected the world's freedom. Reluctantly called back into action by the government, Jack is tasked with turning a ragtag group of kids with special powers into a new generation of superheroes to save the world from certain destruction.",5.361,83.0
Zootopia ,2016, PG ,1,3,2,"Zootopia is a multicultural mammal community with 12 climate zones, where prey and predators live together in peace. A female bunny (voiced by Ginnifer Goodwin) becomes the first rabbit on the police force, but encounters discrimination and bullying. Obstructed by her boss (voiced by Idris Elba), she works with a sly fox (voiced by Jason Bateman) who can be a creative problem solver. Also with the voices of Shakira, JK Simmons, Jenny Slate and Alan Tudyk. Directed by Byron Howard, Rich Moore & Jared Bush. [1:48]",Animation,Adventure,"Determined to prove herself, Officer Judy Hopps, the first bunny on Zootopia's police force, jumps at the chance to crack her first case - even if it means partnering with scam-artist fox Nick Wilde to solve the mystery.",7.747,109.0