movie_title,movie_year,movie_rating,sex_nudity,violence_gore,language,movie_description,genre_1,genre_2,overview,vote_average,run_time
Kalifornia ,1993, R ,6,10,5,"Brad Pitt stars as a killer who, with girlfriend Juliette Lewis, joins a graduate student and his girlfriend for a trip to California.",Thriller,Crime,"A journalist duo go on a tour of serial killer murder sites with two companions, unaware that one of them is a serial killer himself.",6.54,117.0
Kangaroo Jack ,2002, PG ,3,4,3,"The stepson (Jerry O'Connell) of a Mafia boss (Christopher Walken) is considered a serious disappointment since he has chosen to become a hairdresser -- plus, he has inadvertently led the police to his stepfather. To redeem himself, he does his stepfather's bidding and travels to Australia with his best friend (Anthony Anderson) to deliver a package. But a kangaroo ends up taking off with the package, and they pursue. Also with Estella Warren and Dyan Cannon. [1:34]",Family,Comedy,"Two childhood friends — a New York hairstylist and a wanna-be musician — get mixed-up with the mob and are forced to deliver $50,000 to Australia, but things go all wrong when the money is lost to a wild kangaroo.",5.179,89.0
The Karate Kid ,2010, PG ,2,4,1,"A boy (Jaden Smith) and his mother (Taraji P. Henson) are relocated to China and their new life has a rocky start when the boy is plagued by local bullies who are into kung fu. Determined to overcome fear, and with the help of an apartment maintenance man (Jackie Chan), he trains for a kung fu tournament where he will face the very boys who bullied him. Also with Han Wen Wen and Yu Rong-Guang. Directed by Harald Zwart. [2:06]",Action,Adventure,"Twelve-year-old Dre Parker could have been the most popular kid in Detroit, but his mother's latest career move has landed him in China. Dre immediately falls for his classmate Mei Ying but the cultural differences make such a friendship impossible. Even worse, Dre's feelings make him an enemy of the class bully, Cheng. With no friends in a strange land, Dre has nowhere to turn but maintenance man Mr. Han, who is a kung fu master. As Han teaches Dre that kung fu is not about punches and parries, but maturity and calm, Dre realizes that facing down the bullies will be the fight of his life.",6.522,140.0
Kate & Leopold ,2001, PG-13 ,3,3,5,"Romantic comedy and time-travel fantasy about a charming 19th century nobleman (Hugh Jackman) who finds himself transported to present-day New York. Confusion over culture, etiquette and mores does not prevent him from falling in love with a driven, modern-day executive (Meg Ryan), who happily reciprocates. Also with Liev Schreiber, Breckin Meyer, Natasha Lyonne, Bradley Whitford, Philip Bosco, Bart DeFinna, Bill Corsair and Charlotte Ayanna. [2:11]",,,,,
Katy Perry: Part of Me ,2012, PG ,4,2,3,"A documentary of the life of 27-year-old singer Katy Perry and her California Dreams world tour in 2011. We watch as Katy leaves her conservative Christian family and Gospel music, to become a leading American pop star after some mis-starts. Also with Angela Hudson, David Hudson, Shannon Woodward, Rachael Markarian, Mia Moretti and Glen Ballard. Directed by Dan Cutforth & Jane Lipsitz. [1:57]",Documentary,Music,"Giving fans unprecedented access to the real life of the music sensation, Katy Perry: Part of Me exposes the hard work, dedication and phenomenal talent of a girl who remained true to herself and her vision in order to achieve her dreams. Featuring rare behind-the-scenes interviews, personal moments between Katy and her friends, and all-access footage of rehearsals, choreography, Katy’s signature style and more, Katy Perry: Part of Me reveals the singer’s unwavering belief that if you can be yourself, then you can be anything.",7.123,93.0
Kazaam ,1996, PG ,1,3,2,A boy finds a genie in a bottle and he's Shaquille O'Neal.,Fantasy,Comedy,"When Max fools a gang of local toughs, he finds himself in big trouble. Fleeing from the thugs, Max runs into an old warehouse and bumps into a boom box. By doing that, he manages to release Kazaam, a genie who has been held captive for thousands of years.",4.196,93.0
Keanu ,2016, R ,6,7,10,"A sad jilted man (Jordan Peele) perks up when he finds a kitten on his doorstep. After he comes to adore it, a local drug gang steals it. Heartbroken, he enlists the help of his straight-laced cousin (Keegan-Michael Key) to infiltrate the gang and steal back his pet. Also with Will Forte, Method Man, Nia Long and Luis Guzman. Directed by Peter Atencio. [1:38]",Action,Comedy,Friends hatch a plot to retrieve a stolen cat by posing as drug dealers for a street gang.,6.068,100.0
Keeping the Faith ,2000, PG-13 ,5,2,4,"Best friends Edward Norton and Ben Stiller (a priest and rabbi, respectively) question their lifestyles when a childhood pal (Jenna Elfman) re-enters their lives. Also with Kryss Anderson, Anne Bancroft, Dagmara Dominczyk, Lisa Edelstein, Milos Forman, Ken Leung, Ron Rifkin, Rena Sofer, Holland Taylor, Eli Wallach and Brian Anthony Wilson. [2:09]",Comedy,Romance,"Best friends since they were kids, Rabbi Jacob Schram and Father Brian Finn are dynamic and popular young men living and working on New York's Upper West Side. When Anna Reilly, once their childhood friend and now grown into a beautiful corporate executive, suddenly returns to the city, she reenters Jake and Brian's lives and hearts with a vengeance. Sparks fly and an unusual and complicated love triangle ensues.",6.085,127.0
Keeping Up with the Joneses ,2016, PG-13 ,5,5,5,"New neighbors (Jon Hamm and Gal Gadot) in an Atlanta cul-de-sac bring intrigue when they are suspected of not being what they claim, and an otherwise ordinary couple (Zach Galifianakis and Isla Fisher) becomes embroiled in international espionage. Also with Patton Oswalt, Ming Zhao, Matt Walsh, Maribeth Monroe, Michael Liu and Kevin Dunn. Directed by Greg Mottola. A few lines of dialogue are in foreign languages with no subtitles but a character translates (presumably correctly). [1:45]",Action,Comedy,An ordinary suburban couple finds it’s not easy keeping up with the Joneses – their impossibly gorgeous and ultra-sophisticated new neighbors – especially when they discover that Mr. and Mrs. “Jones” are covert operatives.,6.097,105.0
Kevin Hart: What Now? ,2016, R ,4,5,10,"A movie version of Kevin Hart's performance at the Lincoln Financial Field in Philadelphia, PA, with the addition of cinematic extras. Also with Hale Berry, Don Cheadle and David Meunier. Directed by Leslie Small & Tim Story. A couple of lines of dialogue are spoken in Russian with English subtitles. [1:36]",,,,,
Kick-Ass ,2010, R ,7,9,10,"A high school student and comic book fan (Aaron Johnson) is tired of his unremarkable life and decides to become a real-life superhero, despite the fact that he possesses no extraordinary powers, abilities or training. Inadvertently, he ends up as the target of a crime boss (Mark Strong), but to his assistance come a middle-aged man (Nicolas Cage) and 11-year-old daughter (Chloë Grace Moretz), a duo of costumed vigilantes who actually know how to shoot guns, wield knives and throw punches. Also with Christopher Mintz-Plasse and Garrett M. Brown. Directed by Matthew Vaughn. [1:47]",Action,Crime,"Dave Lizewski is an unnoticed high school student and comic book fan who one day decides to become a super-hero, even though he has no powers, training or meaningful reason to do so.",7.1,117.0
Kick-Ass 2 ,2013, R ,7,7,9,"In this sequel several NYC citizens don superhero costumes and begin crime fighting activities: Colonel Stars and Stripes (Jim Carrey) and his team ask Kick-Ass (Aaron Johnson) to join them while Hit-Girl (Chloe Grace Moret) returns to active duty when Red Mist (Christopher Mintz-Plasse) resurfaces as a psychotic super villain with plans to form a murderous army. Also with Morris Chestnut, Donald Faison, Lindy Booth, Claudia Lee, Clark Duke and John Leguizamo. Directed by Jeff Wadlow. [1:43]",Action,Adventure,"After Kick-Ass’ insane bravery inspires a new wave of self-made masked crusaders, he joins a patrol led by the Colonel Stars and Stripes. When these amateur superheroes are hunted down by Red Mist — reborn as The Mother Fucker — only the blade-wielding Hit-Girl can prevent their annihilation.",6.399,103.0
Kicking & Screaming ,2005, PG ,2,3,3,"Will Ferrell stars as a man who's never managed to satisfy his exceedingly competitive and critical father (Robert Duvall) since he's never been good enough in sports. But when he decides to become coach of his 10-year-old son's soccer team, he ends up having to compete against his own father -- who coaches the top soccer team of the league. Also with Kate Walsh, Mike Ditka and Musetta Vander. Directed by Jesse Dylan. [1:36]",Drama,Thriller,"This movie is about soccer hooligans, the most aggressive and violent soccer aficionados. They are an exclusive group, the elite of all soccer fans. Whoever they may be in their everyday lives—college students, bankers, musicians, or car mechanics—they are a “firm.” It’s easy to get into a firm, but once you’re in, it’s for life. There’s no going back.  The movie is based on actual events",6.3,100.0
Kickin' It Old Skool ,2007, PG-13 ,5,3,5,"In 1985 a 12-year-old boy falls off a stage and lands on his head during a breakdancing competition, and he ends up in a coma. It's 20 years afterwards, and when he comes out of the coma he's still at the mental age of a young teen, and insists on continuing his dance competition efforts in order to help his parents pay for the many years of life support. With Jamie Kennedy, Maria Menounos, Christopher McDonald, Miguel A. Nunez Jr. and Bobby Lee. Directed by Harvey Glazer. [1:47]",,,,,
The Kid ,2000, PG ,2,2,1,"Bruce Willis is a self-absorbed image consultant who reconnects with his childhood dreams when he's visited by his eight-year-old self (Spencer Breslin). Also with Emily Mortimer, Lily Tomlin, Chi McBride, Nick Chinlund, Richard Jenkins, Jeri Ryan, Jean Smart and Steve Tom. [1:42]",Action,Adventure,"Twelve-year-old Dre Parker could have been the most popular kid in Detroit, but his mother's latest career move has landed him in China. Dre immediately falls for his classmate Mei Ying but the cultural differences make such a friendship impossible. Even worse, Dre's feelings make him an enemy of the class bully, Cheng. With no friends in a strange land, Dre has nowhere to turn but maintenance man Mr. Han, who is a kung fu master. As Han teaches Dre that kung fu is not about punches and parries, but maturity and calm, Dre realizes that facing down the bullies will be the fight of his life.",6.522,140.0
A Kid in King Arthur's Court ,1995, PG ,1,3,1,A teenager is sent back in time to save King Arthur's court from chaos.,Adventure,Fantasy,"A Southern California kid named Calvin Fuller is magically transported to the medieval kingdom of Camelot through a crack in the ground caused by an earthquake. Once there, he learns he was summoned by the wizard Merlin, who needs Calvin to save Camelot. Using dazzling modern inventions, can Calvin help King Arthur retain his crown and thwart the evil Lord Belasco?",4.9,89.0
Kidnap ,2017, R ,1,6,5,"A woman's (Halle Berry) young son is kidnapped from a park, and she pursues the kidnappers and will allow nothing to get in her way. Also with Sage Correa, Chris McGinn, Lew Temple, Jason George, Christopher Berry and Arron Shiver. Directed by Luis Prieto. [1:34]",Drama,Thriller,A mother (in her Minivan) stops at nothing to recover her kidnapped son.,6.205,95.0
The Kids Are All Right ,2010, R ,10,3,8,"After two teenagers (Mia Wasikowska and Josh Hutcherson) conceived by artificial insemination want to bring their birth father (Mark Ruffalo) into their lives, their mothers (Annette Bening and Julianne Moore) must adapt to the presence of the man that made their family possible. Also with Yaya DaCosta and Kunal Sharma. Directed by Lisa Cholodenko. [1:44]",Comedy,Drama,"Two women, Nic and Jules, brought a son and daughter into the world through artificial insemination. When one of their children reaches age, both kids go behind their mothers' backs to meet with the donor. Life becomes so much more interesting when the father, two mothers and children start to become attached to each other.",6.584,106.0
The Kids in the Hall: Brain Candy ,1996, R ,5,0,7,The wacky comedy troupe have their first feature film.,,,,,
A Kid with a Bike ,2011, NR ,2,5,5,"After a young boy (Thomas Doret) is abandoned by his father and left in a state-run youth farm, a stranger (Cecile De France) takes pity on him and offers to foster him on the weekends. As the boy begins to grow up without his father, his new mentor tries to steer him in the right path. Also with Jeremie Renier and Fabrizio Rongione. Directed by Jean-Pierre Dardenne & Luc Dardenne. In French with English subtitles. [1:27]",,,,,
Kill Bill Vol. 1 ,2003, R ,6,10,6,"The first volume of this Quentin Tarantino film concerns a group of skilled assassins called Deadly Viper Assassination Squad that turn on one of their own (Uma Thurman) when she decides to quit, get married and have a family. Leaving her for dead, she comes out of a coma four years later and seeks revenge against her former colleagues (Lucy Liu, Daryl Hannah, Vivica A. Fox and Michael Madsen) and their boss, Bill (David Carradine). Also with Michael Madsen and Sonny Chiba. [1:50]",Action,Crime,"An assassin is shot by her ruthless employer, Bill, and other members of their assassination circle – but she lives to plot her vengeance.",7.971,111.0
Kill Bill Vol. 2 ,2004, R ,3,10,7,"In the final volume of Quentin Tarantino's revenge film we find The Bride (Uma Thurman) exacting vengeance on the rest of the Deadly Viper Assassination Squad, her former colleagues who left her for dead four years earlier. Also with David Carradine, Daryl Hannah, Michael Madsen and Sonny Chiba. [1:34]",Action,Crime,"The Bride unwaveringly continues on her roaring rampage of revenge against the band of assassins who had tried to kill her and her unborn child. She visits each of her former associates one-by-one, checking off the victims on her Death List Five until there's nothing left to do … but kill Bill.",7.877,136.0
Killer Elite ,2011, R ,7,8,10,"Based on a true story circa 1980, it relates the story of a covert operation to kill the murderers of a Sheik's three sons. The complication is that they are all highly trained SAS operatives and the Sheik is demanding a recorded confession, as well as proof of their death. With Jason Statham, Clive Owen, Robert De Niro, Yvonne Strahovski, Dominic Purcell and Firass Dirani. Directed by Gary McKendry. [1:40]",Action,Adventure,"Based on a shocking true story, Killer Elite pits two of the world’s most elite operatives—Danny, an ex-special ops agent and Hunter, his longtime mentor—against the cunning leader of a secret military society. Covering the globe from Australia to Paris, London and the Middle East, Danny and Hunter are plunged into a highly dangerous game of cat and mouse—where the predators become the prey.",6.267,116.0
Killers ,2010, PG-13 ,6,6,5,"After three years of marriage, a wife's (Katherine Heigl) idyllic suburban life is turned upside down when she discovers that her husband (Ashton Kutcher) used to be a trained assassin before they met. When the couple discovers that someone in their neighborhood has been contracted to kill them, they must work together to save their lives and their marriage. Also with Tom Selleck, Catherine O'Hara, Kevin Sussman and Katheryn Winnick. Directed by Robert Luketic. [1:40]",Crime,Action,"An international drugs deal goes wrong, and two New York hit-women are dispatched to Rome, Italy, to get the missing pay money. Even before departure the girls (Carmen Russo and Cintia Lodetti) have a poolside hot party with two young men, and when they get to their hotel in Rome, they share a shower and an intimate moment together. At the beach, they make eye contact with a pair of Italian gigolos, then use judo and wrestling holds to dominate them - and impose their feminist supremacy. Finally, they will get close to the money, but their mission is made easier as the top men are fighting each other for it (Vassili Karis) and Mario Cutini).",3.1,82.0
The Killing of a Sacred Deer ,2017, R ,8,6,5,"After a man dies during heart surgery, his teenage son (Barry Keoghan) is befriended by the cardiologist (Colin Farrell) that performed the surgery. After several interactions their relationship becomes very strained and it becomes obvious that the teen blames the doctor for his father's death and demands a sacrifice in return. Also with Nicole Kidman, Alicia Silverstone, Raffey Cassidy, Bill Camp and Sunny Suljic. Directed by Yorgos Lanthimos. [2:01]",Drama,Thriller,"Dr. Steven Murphy is a renowned cardiovascular surgeon who presides over a spotless household with his wife and two children. Lurking at the margins of his idyllic suburban existence is Martin, a fatherless teen who insinuates himself into the doctor's life in gradually unsettling ways.",7.01,121.0
Killing Them Softly ,2012, R ,5,7,10,"A professional Mob enforcer (Brad Pitt) is hired to clean up a mess after a dry cleaner persuades two witless thieves to rob a Mob-sponsored poker game. Also with Scoot McNairy, Ben Mendelsohn, Richard Jenkins, James Gandolfini, Ray Liotta, Vincent Curatola and Sam Shepard. Directed by Andrew Dominik. [1:37]",Crime,Thriller,"Jackie Cogan is an enforcer hired to restore order after three dumb guys rob a Mob protected card game, causing the local criminal economy to collapse.",6.041,97.0
Kill the Irishman ,2011, R ,6,9,9,"Based on the life of Danny Greene (Ray Stevenson), a tough Irish union man and mob hitman, who was working for the infamous Cleveland mobsters in the 1970s. Also with Christopher Walken, Vincent D'Onofrio, Val Kilmer, Steven Schirripa, Paul Sorvino, and Linda Cardellini. Directed by Jonathan Hensleigh. [1:46]",Action,Crime,"Over the summer of 1976, thirty-six bombs detonate in the heart of Cleveland while a turf war raged between Irish mobster Danny Greene and the Italian mafia. Based on a true story, Kill the Irishman chronicles Greene's heroic rise from a tough Cleveland neighborhood to become an enforcer in the local mob.",6.75,106.0
Kill the Messenger ,2014, R ,3,5,7,"A Pulitzer Prize-winning journalist (Jeremy Renner) discovers significant facts about the 1980s American crack cocaine epidemic and all signs point to the CIA using drug money to finance the Contra rebellion in Nicaragua during the Reagan Administration. As he ignores warnings from the CIA and the mob, he digs up a conspiracy that endangers the lives of his family and himself. Also with Barry Pepper, Robert Patrick, Rosemarie DeWitt, Mary Elizabeth Winstead, Paz Vega, Oliver Platt, Michael Sheen, Michael K. Williams, Ray Liotta and Andy Garcia. Directed by Michael Cuesta. [1:52]",Crime,Drama,A reporter becomes the target of a vicious smear campaign that drives him to the point of suicide after he exposes the CIA's role in arming Contra rebels in Nicaragua and importing cocaine into California. Based on the true story of journalist Gary Webb.,6.643,112.0
Kill Your Darlings ,2013, R ,7,6,5,"The great poets of the Beat Generation, Allen Ginsberg (Daniel Radcliff), Jack Kerouac (Jack Huston) and William Burroughs (Ben Foster), are friends whose relationship is tested by a murder. Also with David Cross, Michael C. Hall, Jennifer Jason Leigh, Elizabeth Olsen and Dane DeHaan. Directed by John Krokidas. [1:44]",Drama,Romance,"A murder in 1944 draws together the great poets of the beat generation: Allen Ginsberg, Jack Kerouac and William Burroughs.",7.106,104.0
The King and I ,1999, G ,1,3,1,"The animated version of Rodgers and Hammerstein's classic play about a stubborn Siamese king and the outspoken English schoolteacher who helps him learn to rule more compassionately. With the voices of Armi Arabe, David Burnham, Alan Hong, Christiane Noll, Miranda Richardson, Martin Vidnovic, Adam Wylie, Darryl Hammond, Ian Richardson and Tracy Venner Warren.",Drama,Romance,"Widowed Welsh mother Anna Loenowens becomes a governess and English tutor to the wives and many children of the stubborn King Mongkut of Siam. Anna and the King have a clash of personalities as she works to teach the royal family about the English language, customs and etiquette, and rushes to prepare a party for a group of European diplomats who must change their opinions about the King.",7.178,133.0
King Arthur ,2004, PG-13 ,5,7,4,"This version of the Arthurian legend is set after 450 A.D. as the power of the Roman Empire over the British Isles begins to weaken and crumble. One king tries to pacify the warring noblemen with his concept of a Round Table of united knights. Clive Owen stars as Arthur, Keira Knightley as his queen Guinevere and Ioan Gruffudd as Lancelot. Also with Stephen Dillane and Hugh Dancy. Directed by Antoine Fuqua. [2:10]",Adventure,War,"The story of the Arthurian legend, based on the 'Sarmatian hypothesis' which contends that the legend has a historical nucleus in the Sarmatian heavy cavalry troops stationed in Britain, and that the Roman-British military commander, Lucius Artorius Castus is the historical person behind the legend.",6.261,126.0
King Arthur: Legend of the Sword ,2017, PG-13 ,3,7,5,"A retelling of the old English legend: Arthur (Charlie Hunnam) is raised in a brothel after his father, the king, is murdered by his uncle (Jude Law) and is unaware of his royal bloodline. When he is the only young man able to free the mystical sword left in a stone by his father he must decide whether to accept his new role. Also with Astrid Bergès-Frisbey, Djimon Hounsou, Eric Bana, Aidan Gillen, Freddie Fox, Craig McGinlay, Tom Wu, Kingsley Ben-Adir, Neil Maskell, Annabelle Wallis and Bleu Landau. Directed by Guy Ritchie. [2:06]",Action,Drama,"When the child Arthur’s father is murdered, Vortigern, Arthur’s uncle, seizes the crown. Robbed of his birthright and with no idea who he truly is, Arthur comes up the hard way in the back alleys of the city. But once he pulls the sword Excalibur from the stone, his life is turned upside down and he is forced to acknowledge his true legacy... whether he likes it or not.",6.535,126.0
The Kingdom ,2007, R ,1,8,7,"Jamie Foxx and Jennifer Garner star as members of an FBI counter-terrorism squad sent to investigate the aftermath of a bombing at a U.S. base in Riyadh, Saudi Arabia. However, Saudi authorities are resentful and suspicious of the Americans, and they find only one local ally, a Colonel (Ashraf Barhom) who helps them navigate the local culture and bureaucracy. Also with Chris Cooper, Jason Bateman, Ali Suliman and Jeremy Piven. Directed by Peter Berg. [1:50]",Drama,Fantasy,"Tragedy, betrayal and a mysterious discovery fuel a woman's vengeance for the loss of her tribe and family.",7.396,92.0
Kingdom Come ,2001, PG ,2,3,4,"A dysfunctional family must come to terms with family and personal issues when the father dies and they have to plan his funeral. With LL Cool J, Jada Pinkett, Vivica A. Fox, Loretta Devine, Anthony Anderson, Toni Braxton, Cedric the Entertainer, Darius McCrary and Whoopi Goldberg. [1:35]",Comedy,Drama,"When her husband keels over from a stroke, Raynelle Slocumb calls the entire clan together to remember their dearly departed. Family tensions reach a comedic boil as the wildly dysfunctional Slocumbs squabble and fight their way to the funeral.",6.795,94.0
Kingdom of Heaven ,2005, R ,4,8,2,"Historical film taking place during the 12th century Crusades: Before he dies, a nobleman (Liam Neeson) acknowledges his illegitimate son Balian (Orlando Bloom) and bestows on him his title. Now as Balian of Ibelin he joins the crusading Christian knights and becomes the defender of Jerusalem against a large Muslim army led by Saladin. Also with Eva Green, Brendan Gleeson and Jeremy Irons. Directed by Ridley Scott. [2:25]",Drama,Action,"After his wife dies, a blacksmith named Balian is thrust into royalty, political intrigue and bloody holy wars during the Crusades.",6.9,144.0
King Kong ,2005, PG-13 ,3,7,3,"Naomi Watts stars in director Peter Jackson's homage to the 1933 original ""King Kong"" film: Watts is Ann Darrow, a starving actress that's cast by an unethical producer (Jack Black) in what is to be an epic film set on an undiscovered island. The island is teeming with giant creatures, including dinosaurs and an enormous ape. The ape is captured and taken back to the U.S. to be displayed but is infatuated with Ann and tries to find her. Also with Adrien Brody, Andy Serkis and Thomas Kretschmann. Directed by Peter Jackson. [3:07]",Adventure,Drama,"In 1933 New York, an overly ambitious movie producer coerces his cast and hired ship crew to travel to mysterious Skull Island, where they encounter Kong, a giant ape who is immediately smitten with the leading lady.",6.859,187.0
The King of Kong: Fistful of Quarters ,2007, PG-13 ,3,1,3,"Documentary about two men, a middle-school science teacher and a hot sauce mogul, who compete for the highest score in the Guinness World Record for the classic 1980s arcade game Donkey Kong. Billy Mitchell, the uncontested champion, is threatened by an unknown, Steve Wiebe, who believes that he can beat his score. Also with Walter Day, Nicole Wiebe and Robert Mruczek. Directed by Seth Gordon. [1:24]",,,,,
Kingpin ,1996, PG-13 ,4,4,4,Woody Harrelson and Randy Quaid are bowlers trying to win money on the bowling tournament circuit.,,,,,
Kingsman: The Golden Circle ,2017, R ,6,8,10,"The Kingsman organization is attacked and left with very few agents, and in a last ditch effort to figure out what happened, the British agents travel to Kentucky to decipher a message and seek help from their American counterparts. With Taron Egerton, Mark Strong, Julianne Moore, Colin Firth, Michael Gambon, Sophie Cookson, Channing Tatum, Halle Berry, Jeff Bridges, Pedro Pascal and Elton John. Directed by Matthew Vaughn. [2:21]",Action,Adventure,"When an attack on the Kingsman headquarters takes place and a new villain rises, Eggsy and Merlin are forced to work together with the American agency known as the Statesman to save the world.",6.978,141.0
Kingsman: The Secret Service ,2015, R ,4,7,10,"A young man (Taron Egerton) is recruited to try out for a British-based secret agency and he is put through a number of test situations to determine if he is a worthy candidate. Also with Colin Firth, Mark Strong, Jonno Davies, Jack Davenport, Alex Nikolov, Samantha Womack, Mark Hamill, Velibor Topic, Sofia Boutella, Samuel L. Jackson and Michael Caine. A few lines of dialogue are in a Middle Eastern language and a Scandinavian language with English subtitles. Directed by Matthew Vaughn. [2:09]",Crime,Comedy,The story of a super-secret spy organization that recruits an unrefined but promising street kid into the agency's ultra-competitive training program just as a global threat emerges from a twisted tech genius.,7.636,129.0
The Kings of Summer ,2013, R ,4,4,6,"Three teenage boys run away from home and spend their summer living in the woods and learn to fend for themselves. With Nick Robinson, Gabriel Basso, Moises Arias, Nick Offerman and Megan Mullally. Directed by Jordan Vogt-Roberts. [1:33]",Comedy,Drama,"Joe Toy, on the verge of adolescence, finds himself increasingly frustrated by his single father, Frank's attempts to manage his life. Declaring his freedom once and for all, he escapes to a clearing in the woods with his best friend, Patrick, and a strange kid named Biaggio. He announces that they are going to build a house there, free from responsibility and parents. Once their makeshift abode is finished, the three young men find themselves masters of their own destiny, alone in the woods.",7.031,93.0
King's Ransom ,2005, PG-13 ,6,4,5,"Anthony Anderson stars as Malcolm King, a conceited, buffoonish businessman who has made his fortune on a Viagra-like product. His personal life is falling apart as he's going through a very ugly divorce from his wife (Leila Arcieri), and afraid that she will take his fortune he hatches a scheme to have himself kidnapped. What he doesn't know is that there are others who have a similar idea, but are quite serious about it. Also with Jay Mohr, Donald Faison and Regina Hall. Directed by Jeff Byrd. [1:35]",Comedy,Crime,"Hoping to foil his own gold-digging wife's plan, a loathsome businessman arranges his own kidnapping, only to realize that there are plenty of other people interested in his wealth as well.",4.6,95.0
The King's Speech ,2010, R ,1,1,6,"When King George V of England died and his eldest son (Guy Pearce) abdicated, the duty fell to Prince Albert (Colin Firth) to become king George VI. He was not prepared for the responsibility since he had suffered from a speech impediment that caused him to stammer and was thus unable to successfully give speeches. After numerous attempts at therapy, he ended up with an unlicensed specialist (Geoffrey Rush) who was convinced he could help him. Also with Helena Bonham Carter, Timothy Spall, Michael Gambon, Jennifer Ehle and Sir Derek Jacobi. Directed by Tom Hooper. [1:51]",Drama,History,"The King's Speech tells the story of the man who became King George VI, the father of Queen Elizabeth II. After his brother abdicates, George ('Bertie') reluctantly assumes the throne. Plagued by a dreaded stutter and considered unfit to be king, Bertie engages the help of an unorthodox speech therapist named Lionel Logue. Through a set of unexpected techniques, and as a result of an unlikely friendship, Bertie is able to find his voice and boldly lead the country into war.",7.738,118.0
Kinky Boots ,2005, PG-13 ,3,3,5,"Based on a true story: a traditional men's shoe manufacturer in the English town of Northampton must either close due to lack of sales or find a new market. When the owner's son finds an unusual niche -- women's boots for cross-dressing men -- and decides to go all or nothing, those around him have trouble appreciating his idea. With Chiwetel Ejiofor, Joel Edgerton, Sarah-Jane Potts, Jemima Rooper and Ewan Hooper. Directed by Julian Jarrold. [1:46]",Comedy,Drama,"Charles Price may have grown up with his father in the family shoe business in Northampton, central England, but he never thought that he would take his father's place. Charles has a chance encounter with the flamboyant drag queen cabaret singer Lola and everything changes.",6.713,107.0
Kissing a Fool ,1998, R ,4,0,8,David Schwimmer stars as a man so worried about his fiancee's fidelity - even though he's a womanizer and unfaithful himself - he tests her with his best friend.,Comedy,Romance,"An egotistical television personality enlists the assistance of his best friend in putting the fidelity of his fiancé to the test in this amiable comedy of the sexes. Told in flashback, the film takes a familiar love-triangle scenario and gives it a bitter twist. With a bride who seems too good for either suitor, the film is sustained by one question - who will she choose?",5.8,93.0
Kissing Jessica Stein ,2002, R ,6,1,6,"A young woman (Jennifer Westfeldt) living and working in New York City is frustrated by the fact that she has been unable to find a suitable soul mate. While her mother continues trying to fix her up with a nice young man, she decides to try a relationship with a woman. Also with Heather Juergensen, Scott Cohen, Jackie Hoffman and Tovah Feldshuh. [1:34]",,,,,
"Kiss Kiss, Bang Bang ",2005, R ,8,7,10,"Robert Downey Jr. stars as a petty thief who stumbles into an Hollywood movie audition while running from the police, lands the part, and is assigned to private detective training. The training involves working with a real private detective, played by Val Kilmer, and trying to solve a real case of a suicide that may be murder. Also with Michelle Monaghan, Joel Michaely and Corbin Bernsen. Directed by Shane Black. [1:42]",Crime,Romance,"Aryan, a journalist working with a lifestyle magazine, hates his boss and also is tired of supporting his girlfriend's partying lifestyle. Things get worse for him when he loses his wallet at a bar and in a twist of fate, he finds himself being threatened by junkies.",10.0,98.0
Kiss of Death ,1995, R ,6,8,8,David Caruso is a reformed convict pulled back into the underworld by attorneys and police.,Crime,Thriller,"Jimmy Kilmartin is an ex-con trying to stay clean and raise a family. When his cousin Ronnie causes him to take a fall for driving an illegal transport of stolen cars, Detective Calvin Hart is injured and Jimmy lands back in prison. In exchange for an early release, he is asked to help bring down a local crime boss named 'Little Junior' Brown. However, he's also sent undercover by Detective Hart to work with Little Junior and infiltrate his operations. As soon as Little Junior kills an undercover Federal agent with Jimmy watching, the unscrupulous DA and the Feds further complicate his life.",5.621,101.0
Kiss of the Dragon ,2001, R ,6,8,7,"Jet Li stars as a mysterious agent who travels from Shanghai to Paris on a very mysterious mission. His investigation leads him to a brutal Frenchman (Tcheky Karyo) and eventually Li finds himself accused of murder; he tries to escape with an American woman who's been forced into prostitution (Bridget Fonda). Also with Laurence Ashley, Burt Kwouk, John Forgeham, Max Ryan, Colin Prince, Cyril Raffaelli, Didier Azoulay, Vincent Glo, Ric Young, Vincent Wong and Kentaro. [1:40]",Action,Crime,"Liu Jian, an elite Chinese police officer, comes to Paris to arrest a Chinese drug lord. When Jian is betrayed by a French officer and framed for murder, he must go into hiding and find new allies.",6.8,98.0
Kiss the Girls ,1997, R ,3,7,6,"Morgan Freeman investigates a murderous ""collector"" of women.",Thriller,Crime,"Forensic psychologist Alex Cross travels to North Carolina and teams with escaped kidnap victim Kate McTiernan to hunt down ""Casanova,"" a serial killer who abducts strong-willed women and forces them to submit to his demands. The trail leads to Los Angeles, where the duo discovers that the psychopath may not be working alone.",6.486,115.0
The Kite Runner ,2007, PG-13 ,6,6,3,"An Afghani man (Khalid Abdalla) now living in America, remembers growing up in Afghanistan at a time when children took great pleasure in kite flying, before the Taliban took power and banned the activity. When he returns after receiving a call from an old friend, he finds a place very different from the one he used to call home, although the Taliban have ostensibly lost their hold over the country. Based on the international best-seller by Khaled Hosseini. Also with Shaun Toub, Nasser Memarzia, Said Taghmaoui and Atossa Leoni. Directed by Marc Forster. [2:02]",,,,,
Kit Kittredge: An American Girl ,2008, G ,1,3,1,"Ten-year-old Kit Kittredge (Abigail Breslin) lives in early 20th century Cincinnati and aims to become a crack reporter. However, her father (Chris O'Donnell) loses his successful auto dealership in the Great Depression and leaves to look for work. This leaves Kit and her mom (Julia Ormond) at home to peddle garden vegetables and take in boarders to prevent foreclosure on their house. But when a crime wave hits Cincinnati, Kit and her young friends set out to solve the mystery. Also with Joan Cusack, Stanley Tucci, Glenne Headley, Jane Krakowski, Max Thieriot, Zachary Mills and Willow Smith. Directed by Patricia Rozema. [1:30]",Family,Comedy,"The Great Depression hits home for nine year old Kit Kittredge when her dad loses his business and leaves to find work. Oscar nominee Abigail Breslin stars as Kit, leading a splendid cast in the first ever ""American Girl"" theatrical movie. In order to keep their home, Kit and her mother must take in boarders - paying house - guests who turn out to be full of fascinating stories. When mother's lockbox containing all their money is stolen, Kit's new hobo friend Will is the prime suspect. Kit refuses to believe that Will would steal, and her efforts to sniff out the real story get her and friends into big trouble. The police say the robbery was an inside job, committed by someone they know. So if it wasn't Will, then who did it.",6.467,101.0
Knight and Day ,2010, PG-13 ,4,7,5,"Tom Cruise stars as a secret agent, who suddenly realizes that he wasn't supposed to survive his last mission. After a woman (Cameron Diaz) encounters him on a plane, she finds her life tangled up with his, as they try to survive various assassination attempts. Also with Peter Sarsgaard and Viola Davis. Directed by James Mangold. [1:50]",Action,Comedy,"A fugitive couple goes on a glamorous and sometimes deadly adventure where nothing and no one – even themselves – are what they seem. Amid shifting alliances and unexpected betrayals, they race across the globe, with their survival ultimately hinging on the battle of truth vs. trust.",6.183,109.0
A Knight's Tale ,2001, PG-13 ,4,6,4,"Heath Ledger stars as a young squire who has a talent for jousting. When his master dies, he and his cohorts convince a wandering writer (supposedly Chaucer of ""The Canterbury Tales"" fame) to create fake documents which help the squire pass as a knight and enter a jousting competition. Also with Rufus Sewell, Mark Addy, Laura Fraser, Paul Bettany, Shannyn Sossamon, Alan Tudyk and James Purefoy. [2:08]",Adventure,Drama,"William Thatcher, a knight's peasant apprentice, gets a chance at glory when the knight dies suddenly mid-tournament. Posing as a knight himself, William won't stop until he's crowned tournament champion—assuming matters of the heart don't get in the way.",6.86,132.0
K-19: The Widowmaker ,2002, PG-13 ,3,4,2,"Set in 1961, at the height of the Cold War, a Soviet captain (Harrison Ford) is given the unenviable task of taking the nuclear missile submarine K-19, pride of the Soviet Navy, out for a test run. The trip is primarily a propaganda ploy, but rushing to make the sub seaworthy results in many mechanical failures. Personnel conflicts and a near mutiny also confront the captain, who has to decide whether following his Kremlin orders will risk the lives of his men. Reportedly inspired by actual events. Also with Liam Neeson, Peter Sarsgaard, George Anton and Steve Cumyn. [2:18]",Drama,History,"When Russia's first nuclear submarine malfunctions on its maiden voyage, the crew must race to save the ship and prevent a nuclear disaster.",6.468,138.0
Knockaround Guys ,2002, R ,1,7,10,"Violent drama about the four sons of well-known Brooklyn mobsters who try to retrieve a bag of cash in a small Montana town ruled by a corrupt sheriff. Bloodshed and betrayal ensue. Barry Pepper, Vin Diesel, Seth Green and Andrew Davoli star as the junior Mafiosi and Tom Noonan as the dishonest cop. Also with Dennis Hopper and John Malkovich. [1:31]",Crime,Thriller,Four sons of well-known New York mobsters must retrieve a bag of cash from a small Montana town ruled by a corrupt sheriff.,5.917,92.0
Knocked Up ,2007, R ,9,5,10,"A TV entertainment journalist (Katherine Heigl) whose professional life seems to just have taken a turn for the best when she is promoted, discovers that she is pregnant after getting drunk and having sex with a man (Seth Rogen) she had just met,. She decides to keep the baby, but she isn't so sure about sharing her life with the father, who is far less ambitious than she is. Also with Paul Rudd, Leslie Mann and Jason Segel. Directed by Judd Apatow. [2:09]",Comedy,Romance,"A slacker and a career-driven woman accidentally conceive a child after a one-night stand. As they try to make the relationship work, they must navigate the challenges of parenthood and their differences in lifestyle and maturity.",6.256,129.0
Knowing ,2009, PG-13 ,1,7,4,"A boy (Ben Mendelsohn) is given an envelope that has been unpacked from a 50 year old time capsule. In the envelope is a piece of paper containing nothing but numbers, with no apparent meaning. When the boy's father (Nicolas Cage) begins to look more closely he determines that the numbers seem to be predictions of disasters. Also with Lara Robinson, Rose Byrne and Chandler Canterbury. Directed by Alex Proyas. [1:55]",Action,Mystery,A teacher opens a time capsule that has been dug up at his son's elementary school; in it are some chilling predictions -- some that have already occurred and others that are about to -- that lead him to believe his family plays a role in the events that are about to unfold.,6.155,121.0
Kong: Skull Island ,2017, PG-13 ,2,7,5,"Set in 1973 as the Vietnam War comes to a close: a group of scientists accompanied by a military security force travels to a never-before mapped island surrounded by electrical storms and magnetic interference. The giant animals they find when they arrive have them running for their lives. With Tom Hiddleston, Samuel L. Jackson, Brie Larson, John C. Reilly, John Goodman, Corey Hawkins, John Ortiz, Tian Jing and Toby Kebbell. Directed by Jordan Vogt-Roberts. [2:00]",Action,Adventure,"Explore the mysterious and dangerous home of the king of the apes as a team of explorers ventures deep inside the treacherous, primordial island.",6.51,118.0
K-PAX ,2001, PG-13 ,3,6,5,"Jeff Bridges is a psychiatrist who's confused by a preternaturally optimistic patient (Kevin Spacey) who claims to be from the planet K-PAX. His descriptions of life on his planet inspire other psychiatric patients, who decide they want to follow him to K-PAX when he undertakes the 1000 light-years trip home. Also with Alfre Woodard, Aaron Paul and Mary McCormack. [1:24]",Science Fiction,Drama,"Prot is a patient at a mental hospital who claims to be from a far away planet. His psychiatrist tries to help him, only to begin to doubt his own explanations.",7.187,120.0
Krampus ,2015, PG-13 ,1,5,5,"A young boy (Emjay Anthony) is disillusioned with Christmas because his family members are fighting with each other and so he rips up his letter to Santa Claus. His action releases the spirit of Anti-Santa, the ancient murdering spirit Krampus, who possesses toys and punishes non-believers. The family must cooperate in order to survive. Also with Adam Scott, Toni Collette, David Koechner, Allison Tolman, Conchata Ferrell, Stefania LaVie Owen, Krista Stadler and Gavin Norton. Directed by Michael Dougherty. Some dialogue is in an Austrian dialect without translation and some is accompanied by English subtitles. [1:38]",,,,,
Krippendorf's Tribe ,1998, PG-13 ,4,2,3,A anthropologist's (Richard Dreyfuss) efforts to convince his peers he has discovered a new tribe of Aborigines gets him and his children into some strange goings-on.,Comedy,Family,"After squandering his grant money, despondent and recently widowed anthropologist James Krippendorf must produce hard evidence of the existence of a heretofore undiscovered New Guinea tribe. Grass skirts, makeup, and staged rituals transform his three troubled children into the Shelmikedmu, a primitive culture whose habits enthrall scholars. But when a spiteful rival threatens to blow the whistle on Krippendorf's ruse, he gets into the act as well.",4.6,94.0
Kubo and the Two Strings ,2016, PG ,0,4,1,"Animated tale about a young boy (voiced by Art Parkinson) who finds himself caring for his ill mother (voiced by Charlize Theron) after they must run from their home when his father is killed. Also with the voices of Ralph Fiennes, George Takei, Cary-Hiroyuki Tagawa, Brenda Vaccaro, Rooney Mara and Matthew McConaughey. Directed by Travis Knight. [1:41]",Animation,Adventure,"Kubo mesmerizes the people in his village with his magical gift for spinning wild tales with origami. When he accidentally summons an evil spirit seeking vengeance, Kubo is forced to go on a quest to solve the mystery of his fallen samurai father and his mystical weaponry, as well as discover his own magical powers.",7.646,102.0
Kull the Conqueror ,1997, PG-13 ,3,6,3,"In a time long ago, Kull the Conqueror (Kevin Sorbo) saves the day.",Adventure,Fantasy,"A barbarian named Kull becomes ruler after defeating the old king in battle. In an effort to regain the throne, the former king's heirs resurrect Akivasha, a witch queen. However, Akivasha has plans of her own for the throne, and only Kull stands in the way.",5.192,95.0
"Kumiko, the Treasure Hunter ",2015, NR ,1,3,1,"A woman (Rinko Kikuchi), tired of her mundane life, dreams of finding a treasure and follows what she thinks is a path to a real treasure laid out in the movie ""Fargo."" Also with Nobuyuki Katsube, Shirley Venard, David Zellner and Nathan Zellner. Directed by David Zellner. A few lines of dialogue are spoken in Japanese with no subtitles and others with English subtitles. [1:45]",,,,,
Kundun ,1997, PG-13 ,0,5,0,A meditation on the early life of the 14th Dalai Lama.,Drama,History,"The Tibetans refer to the Dalai Lama as 'Kundun', which means 'The Presence'. He was forced to escape from his native home, Tibet, when communist China invaded and enforced an oppressive regime upon the peaceful nation. The Dalai Lama escaped to India in 1959 and has been living in exile in Dharamsala ever since.",6.899,134.0
Kung Fu Hustle ,2005, R ,2,8,5,"Highly stylized martial arts comedy taking place in an anachronistic version of 1930's Shanghai: The dominant criminal gang invades a slum, but has a very hard time subduing its residents when some of them are revealed to be extraordinary kung fu masters. The battles escalade in audacity until a veritable kung fu genius shows up. With Stephen Chow, Chan Kwok Kwok Kwan, Yuen Wah, Yuen Qiu and Huang Sheng Yi. Directed by Stephen Chow. In Mandarin and Cantonese with English subtitles. [1:35]",Action,Comedy,"It's the 1940s, and the notorious Axe Gang terrorizes Shanghai. Small-time criminals Sing and Bone hope to join, but they only manage to make lots of very dangerous enemies. Fortunately for them, kung fu masters and hidden strength can be found in unlikely places. Now they just have to take on the entire Axe Gang.",7.403,99.0
Kung Fu Panda ,2008, PG ,1,3,1,"Po (the voice of Jack Black) is a slow moving, clumsy, good-natured, wise-cracking, chubby, Kung-Fu loving panda. His dreams are dominated by Kung-Fu adventures, and when an accidental encounter takes him away from his family's noodle restaurant and he ends up under the instruction of a martial arts master he must prove that he can protect the village from an evil snow leopard. Also with the voices of Angelina Jolie, Dustin Hoffman, Jackie Chan, Lucy Liu, James Hong and Michael Clarke Duncan. Directed by Mark Osborne and John Stevenson. [1:28]",Action,Adventure,"When the Valley of Peace is threatened, lazy Po the panda discovers his destiny as the ""chosen one"" and trains to become a kung fu hero, but transforming the unsleek slacker into a brave warrior won't be easy. It's up to Master Shifu and the Furious Five -- Tigress, Crane, Mantis, Viper and Monkey -- to give it a try.",7.224,90.0
Kung Fu Panda 2 ,2011, PG ,1,4,1,"Po the Panda (voiced by Jack Black) is the happy Dragon Warrior, but he begins to wonder why his father is a goose (James Hong). Master Sifu (Dustin Hoffman), Tigress (Angelina Jolie) and Kung Fu friends ""The Furious Five"" offer him philosophy, but Po must learn more about his past while battling an old enemy. Also with Gary Oldman, Michelle Yeoh, Dennis Haysbert, Jackie Chan, David Cross, Lucy Liu, Jean-Claude Van Damme and Seth Rogen. Directed by Jennifer Yuh Nelson. [1:31]",Animation,Family,"Po is now living his dream as The Dragon Warrior, protecting the Valley of Peace alongside his friends and fellow kung fu masters, The Furious Five - Tigress, Crane, Mantis, Viper and Monkey. But Po’s new life of awesomeness is threatened by the emergence of a formidable villain, who plans to use a secret, unstoppable weapon to conquer China and destroy kung fu. It is up to Po and The Furious Five to journey across China to face this threat and vanquish it. But how can Po stop a weapon that can stop kung fu? He must look to his past and uncover the secrets of his mysterious origins; only then will he be able to unlock the strength he needs to succeed.",6.944,91.0
Kung Fu Panda 3 ,2016, PG ,1,4,1,"In this sequel the Dragon Warrior panda (voiced by Jack Black) meets his biological father (voiced by Bryan Cranston) and helps a secret panda village fight against a supernatural villain. Also with the voices of Dustin Hoffman, Angelina Jolie, J.K. Simmons, Seth Rogen, Lucy Liu, David Cross, Kate Hudson, James Hong, Randall Duk Kim and Jackie Chan. Directed by Jennifer Yuh Nelson & Alessandro Carloni. [1:40]",Action,Adventure,"Continuing his ""legendary adventures of awesomeness"", Po must face two hugely epic, but different threats: one supernatural and the other a little closer to his home.",6.864,95.0
Kung Pow!: Enter the Fist ,2002, PG-13 ,4,6,3,"A man (Steve Oedekerk) vows to avenge the murder of his family and after years in the wilderness being raised by rodents he thinks he's ready to face evil kung fu expert Master Pain and settle the score. Footage from the 1976 film ""Tiger & Crane Fists"" has been used with a new soundtrack and dialogue, and new actors have been woven into the action using blue screen techniques. Also with Jennifer Tung, Tad Horino, Philip Tan and Leo Lee. [1:21]",Comedy,Action,"A movie within a movie, created to spoof the martial arts genre. Writer/director Steve Oedekerk uses contemporary characters and splices them into a 1970s kung-fu film, weaving the new and old together.  As the main character, The Chosen One, Oedekerk sets off to avenge the deaths of his parents at the hands of kung-fu legend Master Pain. Along the way he encounters some strange characters.",6.331,81.0
Kurt & Courtney ,1998, R ,5,1,7,"Nick Broomfield's documentary investigates the rumors surrounding the death of Nirvana frontman Kurt Cobain, as well as his relationship with rocker/actor Courtney Love.",Comedy,Drama,,7.25,136.0
