movie_title,movie_year,movie_rating,sex_nudity,violence_gore,language,movie_description,genre_1,genre_2,overview,vote_average,run_time
O ,2001, R ,6,6,9,"A modern reworking of William Shakespeare's ""Othello"" set in an elite private school located deep in the American South: Mekhi Phifer stars as the tragic hero, the victim of his own insecurities and the influence of a treacherous friend. He's an NBA hopeful, the only black student at the school and he is dating Julia Stiles; his best friend, the Iago of this rendition, is Josh Hartnett. Also with Martin Sheen and Rain Phoenix. [1:31]",Drama,Romance,"Friends Cheol Min and Jae Hyuk meet and talk to each other after a long time. Jae Hyuk said that the domestic helper who recently came to work at his house is strange. He said he was worried because she couldn't do the housework. When Jae Hyuk said she seemed to be trying to seduce him, Cheol Min tells the innocent Jae Hyuk how to get around her. Can Jae Hyuk succeed in having sex with a beautiful housekeeper?",6.214,70.0
The Object of My Affection ,1998, R ,3,1,6,"Jennifer Aniston falls in love with her roommate Paul Rudd, who is gay, in this romantic comedy.",Comedy,Drama,"A pregnant New York social worker begins to develop romantic feelings for her gay best friend, and decides she'd rather raise her child with him, much to the dismay of her overbearing boyfriend.",5.8,111.0
Oblivion ,2013, PG-13 ,4,6,5,"Decades after aliens destroy the moon and most of the Earth, two soldiers (Tom Cruise and Andrea Riseborough) exterminate scavenger aliens and help extract Earth's remaining resources. While mysterious dreams cause one of the soldiers to question their mission, the other just wants to go to their new home on Saturn's moon Titan. Also with Olga Kurylenko, Morgan Freeman, Melisa Leo and Nickolaj Coster-Waldau. Directed by Joseph Kosinski. [2:05]",Action,Science Fiction,"Jack Harper is one of the last few drone repairmen stationed on Earth. Part of a massive operation to extract vital resources after decades of war with a terrifying threat known as the Scavs, Jack’s mission is nearly complete. His existence is brought crashing down when he rescues a beautiful  stranger from a downed spacecraft. Her arrival triggers a chain of events that  forces him to question everything he knows and puts the fate of humanity in his hands.",6.611,124.0
"O Brother, Where Art Thou? ",2000, PG-13 ,4,5,4,"Loosely based on Homer's ""Odyssey,"" this Coen Brother's Depression-era comedy stars George Clooney, John Turturro and Tim Blake Nelson as three escaped convicts who encounter numerous obstacles on their way to finding some hidden money. Also with John Goodman, Holly Hunter, Chris Thomas King, Charles Durning, Michael Badalucco, Wayne Duvall, Ed Gale, Ray McKinnon and Daniel von Bargen. [1:46]",Adventure,Comedy,"In the deep south during the 1930s, three escaped convicts search for hidden treasure while a relentless lawman pursues them. On their journey they come across many comical characters and incredible situations. Based upon Homer's 'Odyssey'.",7.325,107.0
Observe and Report ,2009, R ,9,7,10,"A man (Seth Rogen) who takes his job as a mall security guard very seriously but is bi-polar, also becomes embroiled in a competition with a police detective (Ray Liotta) who's trying to solve a case of indecent exposure on mall property. Also with Anna Faris, Michael Pena and Jesse Plemons. Directed by Jody Hill. [1:26]",Comedy,Crime,"Mall security guard Ronnie Barnhardt is called into action to stop a flasher from turning shopper's paradise into his personal peep show. But when Barnhardt can't bring the culprit to justice, a surly police detective is recruited to close the case.",5.431,87.0
Obsessed ,2009, PG-13 ,6,6,4,"Idris Elba stars as a married, successful executive, whose life becomes complicated when a beautiful office temp (Ali Larter) sets her sights on him and tries to tempt him into a sexual relationship. Also with Beyonce Knowles, Jerry O'Connell, Christine Lahti, Bruce McGill and Scout Taylor-Compton. Directed by Steve Shill. [1:40]",,,,,
Obvious Child ,2014, R ,6,2,7,"A Manhattan standup comic (Jenny Slate) has problems: She jokes on stage and off about her life, even when she finds herself single and jobless. She rebounds in love with an MBA student (Jake Lacy) and then finds herself pregnant, with decisions to make. Also with Gabby Hoffman, Gabe Leidman, David Cross, Richard Kind and Polly Draper. Directed by Gillian Robespierre. [1:24]",Comedy,Romance,"An immature, newly unemployed comic must navigate the murky waters of adulthood after her fling with a graduate student results in an unplanned pregnancy.",6.5,83.0
Ocean's 8 ,2018, PG-13 ,3,3,5,"After serving over 5 years in prison, the sister (Sandra Bullock) of Danny Ocean (of the Ocean's Eleven movie series) is released and plans a huge heist with her partner (Cate Blanchett) -- and hopes to also fit in a little revenge in the process. Also with Midori Francis, Elliott Gould, Richard Armitage, Charlotte Kirk, Anne Hathaway, Helena Bonham Carter, Mindy Kaling, Rihanna, Dakota Fanning, Awkwafina and Sarah Paulson. Directed by Gary Ross. A few lines of dialogue are spoken in German and Hindi with English subtitles. [1:50]",Crime,Comedy,"Gary Ross, co-writer Olivia Milch, costume designer Sarah Edwards and the cast discuss the film's many wardrobe changes and variations.",7.75,12.0
Ocean's Eleven ,2001, PG-13 ,4,4,5,"George Clooney stars as a charming thief who orchestrates an audacious robbery with a little help from Brad Pitt as an ace card shark, Matt Damon as a master pickpocket, and Don Cheadle as a demolition genius. Their target is three casinos owned by a ruthless entrepreneur. Also with Julia Roberts, Casey Affleck, Frankie J. Allison, Scott Caan, Holly Marie Combs, Mark Gantt, Andy Garcia and Elliott Gould. [1:58]",Thriller,Crime,"Less than 24 hours into his parole, charismatic thief Danny Ocean is already rolling out his next plan: In one night, Danny's hand-picked crew of specialists will attempt to steal more than $150 million from three Las Vegas casinos. But to score the cash, Danny risks his chances of reconciling with ex-wife, Tess.",7.421,116.0
Ocean's Thirteen ,2007, PG-13 ,5,5,4,"In the third installment of the series George Clooney reprises his role as Danny Ocean, and this time he masterminds an elaborate plan to bring down a hotel-casino run by a heartless mogul (Al Pacino) who double-crossed his mentor (Elliott Gould). Matt Damon and Brad Pitt co-star and fake earthquakes, rigged gambling and fireworks round out the plot. Also with Casey Affleck, Ellen Barkin, Scott Caan, Don Cheadle, Carl Reiner, Andy Garcia, Eddie Jemison, Bernie Mac, and Shaobo Qin. Directed by Steven Soderbergh. [2:02]",Crime,Thriller,"Danny Ocean's team of criminals are back and composing a plan more personal than ever. When ruthless casino owner Willy Bank doublecrosses Reuben Tishkoff, causing a heart attack, Danny Ocean vows that he and his team will do anything to bring down Willy Bank along with everything he's got. Even if it means asking for help from an enemy.",6.71,122.0
Ocean's Twelve ,2004, PG-13 ,3,4,5,"George Clooney, Matt Damon, Brad Pitt, Don Cheadle, Carl Reiner, Elliott Gould, Scott Caan, Bernie Mac, Casey Affleck, Shaobo Qin, Julia Roberts and Catherine-Zeta Jones all reprise their roles from ""Ocean's Eleven."" This time around, the crew is given two weeks to live when the casino owner they robbed in the previous installment comes looking for his money, plus interest. They decide their only recourse is to commit another high-paying robbery, and while trying to find a target, another master thief (Vincent Cassel) challenges them to a steal-off contest. Also with Andy Garcia, Scott Caan, Peter Fonda, Robbie Coltrane, Eddie Izzard, Bruce Willis and Albert Finney. Directed by Steven Soderbergh. [2:05]",Thriller,Crime,"Danny Ocean reunites with his old flame and the rest of his merry band of thieves in carrying out three huge heists in Rome, Paris and Amsterdam – but a Europol agent is hot on their heels.",6.559,125.0
October Sky ,1999, PG ,1,2,3,"Based on Homer Hickam's memoir ""Rocket Boys,"" it is the story of a teenager from a small coal-mining town who studied science and built rockets in the hopes of getting a college scholarship. Starring Laura Dern, Chris Cooper, Jake Gyllenhaal, Chris Owen, William Lee Scott, Roy Lee, Chad Lindberg, Natalie Canerday and Scott Thomas.",Drama,Family,"Based on the true story of Homer Hickam, a coal miner's son who was inspired by the first Sputnik launch to take up rocketry against his father's wishes, and eventually became a NASA scientist.",7.633,108.0
Oculus ,2014, R ,3,7,5,A 10-year-old boy (Brenton Thwaites) was convicted of murdering his parents and after a decade he's is now free at age 21. His sister (Karen Gillan) always felt haunted by the night their parents (Katee Sackhoff and Rory Cochrane) died and thought that supernatural powers escaped and were responsible for the crime. Also with James Lafferty. Directed by Mike Flanagan. [1:45],,,,,
The Odd Life Of Timothy Green ,2012, PG ,2,3,1,"Hoping for a miracle, a childless couple (Joel Edgerton and Jennifer Garner) bury a box in their garden that holds their notes on the perfectly imagined offspring. Soon, a child (Cameron ""CJ"" Adams) appears and while he is quite odd he changes their community. Also with David Morris, Rosemary DeWitt, Odeya Rush, Shohreh Aghdashloo, Common and Dianne Wiest. Directed by Peter Hedges. [1:45]",Fantasy,Drama,"A childless couple bury a box in their backyard, containing all of their wishes for an infant. Soon, a child is born, though Timothy Green is not all that he appears.",6.968,105.0
Office Christmas Party ,2016, R ,8,4,10,"A dedicated company CEO (Jennifer Aniston) becomes disgusted with her brother (T.J. Miller) when he concentrates on partying instead of working. She tries to close him down, but he recruits his tech officer (Jason Bateman) to host a monumental office Christmas party and catch a high-powered client who will save all their jobs. Also with Kate McKinnon, Olivia Munn, Vanessa Bayer and Rob Corddry. Directed by Josh Gordon & Will Speck. A line of dialogue is spoken in Russian with English subtitles and a German song is not translated. [1:45]",,,,,
Office Killer ,1997, R ,1,10,6,"Devoted but mentally-unstable copy editor Carol Kane seeks revenge on co-workers who've wronged her. Molly Ringwald, Jeanne Tripplehorn, Barbara Sukowa, Michael Imperioli, Eddie Malavarca, David Thornton, Mike Hodge, Alice Drummond and Doug Barron co-star.",Horror,Thriller,"When Dorine Douglas' job as proofreader for Constant Consumer magazine is turned into an at-home position during a downsizing, she doesn't know how to cope. But after accidentally killing one of her co-workers, she discovers that murder can quench the loneliness of her home life, as a macabre office place forms in her basement, populated by dead co-workers.",5.2,82.0
Office Space ,1999, R ,5,3,9,"Fed up with office politics and corporate culture, Ron Livingston stops working -- and starts getting promoted. Jennifer Aniston, David Herman, Ajay Naidu, Gary Cole, Stephen Root, Alexandra Wentworth, Todd Duffey and John C. McGinley co-star.",,,,,
Off the Map ,2005, PG-13 ,5,4,3,"A family living in New Mexico in 1974 survive on what they grow on their land, the crafts they make and sell, and their wits. The father (Sam Elliott) is suffering from a deep depression, while the mother (Joan Allen) and 11-year-old daughter (Valentina de Angelis) go about their lives, waiting for him to snap out of it. One day they are informed that they are going to be audited by the IRS and when the agent arrives he has to stay for a while, recovering from bee stings. Slowly, they all begin to influence him, and he soon discovers his inner artist. Also with Amy Brenneman and J.K. Simmons. Directed by Campbell Scott. [1:45]",Comedy,Drama,Career woman finds out that her boyfriend is living a secret double life. She finds a bag of money and decides to make a run for it. She is accompanied by a little girl who is also on a run from her criminal step-father. Together they're trying to make it to her grandmothers house.,6.4,98.0
Of Gods and Men ,2011, PG-13 ,1,6,5,"After terrorists threaten a remote, impoverished city in the Algerian countryside, a group of Trappist monks must decide if they want to stay and face the violence or leave their community behind. With Lambert Wilson, Michael Lonsdale, Olivier Rabourdin and Philippe Laudenbach. Directed by Xavier Beauvois. In Arabic and French with English subtitles (original title: ""Des Hommes et des Dieux."") [2:02]",Drama,History,"French drama based on the 1996 kidnapping and killing of seven monks in Algeria. A group of Trappist monks reside in the monastery of Tibhirine in Algeria, where they live in harmony with the largely muslim population. When a bloody conflict between Algeria's army and Muslim Jihadi insurgents disrupts the peace, they are forced to consider fleeing the monastery and deserting the villagers they have ministered to. In the face of deadly violence the monks wrestle with their faith and their convictions, eventually deciding to stay and help their neighbours keep the army and the insurgents at bay.",6.659,120.0
Of Mice and Men ,1992, PG ,0,2,2,Gary Sinise directs and acts is this retelling of the John Steinbeck depression-era novel about a friendship between a lonely man and a feeble-minded giant. John Malkovich co-stars.,,,,,
The Oh in Ohio ,2006, NR ,8,1,6,"Parker Posey stars as a woman who has never had an orgasm, and her husband (Paul Rudd) becomes bitter after 10 years and moves out, allowing her to pursue sexual fulfillment on her own. Also with Danny DeVito, Mischa Barton and Miranda Bailey. Directed by Billy Kent. [1:28]",Comedy,Romance,"Priscilla and Jack appear to be the perfect couple, but they have a secret: She is sexually frustrated. They separate in the hope of resolving the situation. While Jack moves into a bachelor pad and begins an affair with a student, Priscilla discovers the joys of self-pleasuring and finds an unusual bed-mate.",5.3,88.0
Oldboy ,2013, R ,8,9,8,"Remake of the 2003 Korean revenge thriller about a man (Josh Brolin) who was kidnapped and held captive in a motel room for twenty years. He is suddenly released and becomes obsessed with finding the identity of the person who had him kidnapped and seeking revenge. Also with Samuel L. Jackson, Elizabeth Olsen, Michael Imperioli, Sharlto Copley and Pom Klementieff. Directed by Spike Lee. [2:00]",Drama,Thriller,"With no clue how he came to be imprisoned, drugged and tortured for 15 years, a desperate businessman seeks revenge on his captors.",8.267,120.0
Old Dogs ,2009, PG ,4,4,4,"Longtime pals and business partners (John Travolta and Robin Williams) run into unexpected obstacles when the ex-wife of one of the men (Kelly Preston) shows up with 7-year-old twins, and kids and dogs overwhelm the two men and disrupt their business negotiations. Also with Seth Green, Matt Dillon, Justin Long, Bernie Mac and Rita Wilson. Directed by Walt Becker. [1:30]",Comedy,Family,"Charlie and Dan have been best friends and business partners for thirty years; their Manhattan public relations firm is on the verge of a huge business deal with a Japanese company. With two weeks to sew up the contract, Dan gets a surprise: a woman he married on a drunken impulse nearly nine years before (annulled the next day) shows up to tell him he's the father of her twins, now seven, and she'll be in jail for 14 days for a political protest. Dan volunteers to keep the tykes, although he's up tight and clueless. With Charlie's help is there any way they can be dad and uncle, meet the kids' expectations, and still land the account?",5.506,88.0
Old School ,2003, R ,8,4,6,"Shocked after discovering that his girlfriend has been unfaithful, a man decides, along with his friends, to form an unorthodox fraternity for grown-ups: They move into a large house near their old college campus, where they think they'll be able to enjoy partying without having to follow any rules. With Luke Wilson, Will Ferrell, Vince Vaughn, Juliette Lewis and Ellen Pompeo. [1:31]",,,,,
Oliver and Company ,1996, G ,0,2,0,"An animated take on the classic Charles Dickens tale ""Oliver Twist.""",Animation,Comedy,"This animated take on Oliver Twist re-imagines Oliver as an adorable orphaned kitten who struggles to survive in New York City and falls in with a band of canine criminals led by an evil human. First, Oliver meets Dodger, a carefree mutt with street savoir faire. But when Oliver meets wealthy Jenny on one of the gang's thieving missions, his life changes forever.",6.7,77.0
Oliver Twist ,2005, PG-13 ,2,5,3,"The classic Charles Dickens tale of an orphaned boy who is persuaded to join a band of pickpockets in 19th century London, is retold by director Roman Polanski: Oliver Twist (Barney Clark) escapes a brutal workhouse only to join a gang ruled by the sinister Fagin (Ben Kingsley). However, his life seems to change when he runs into a kind and wealthy gentlemen (Edward Hardwicke) who sees in him a spark of goodness and trustworthiness. Also with Jamie Foreman, Frank Finlay and Harry Eden. [2:10]",Adventure,Drama,"When 9-year-old orphan Oliver Twist dares to ask his cruel taskmaster, Mr. Bumble, for a second serving of gruel, he's hired out as an apprentice. Escaping that dismal fate, young Oliver falls in with the street urchin known as the Artful Dodger and his criminal mentor, Fagin. When kindly Mr. Brownlow takes Oliver in, Fagin's evil henchman Bill Sikes plots to kidnap the boy.",7.5,116.0
Olympus Has Fallen ,2013, R ,2,8,8,"A former Special Forces agent (Gerard Butler) leads the US Presidential Detail of POTUS (Aaron Eckhart). After a fatal accident on the detail, he is demoted to desk duty at the US Treasury, but when the White House and the President are captured by a Korean terrorist (Rick Yune) the agent is the only man in position to help stop a global disaster. Also with Morgan Freeman, Angela Bassett, Dylan McDermott, Ashley Judd, Melissa Leo and Robert Forster. Directed by Antoine Fuqua. [2:00]",Action,Thriller,"When the White House (Secret Service Code: ""Olympus"") is captured by a terrorist mastermind and the President is kidnapped, disgraced former Presidential guard Mike Banning finds himself trapped within the building. As the national security team scrambles to respond, they are forced to rely on Banning's inside knowledge to help retake the White House, save the President and avert an even bigger disaster.",6.382,120.0
The Omega Code ,1999, PG-13 ,0,5,0,"A wealthy businessman (Michael York) steals a code that deciphers prophecies contained in the Bible and tricks a young motivational speaker specializing in mythology (Casper Van Dien) to assist him in his quest to rule the world. Also with Catherine Oxenberg, Michael Ironside, Jan Tríska, Gregory Wagrowski, Devon Odessa, William Hootkins, Robert Ito, Janet Carroll, George Coe, Ravil Issyanov, Ayla Kell, Walter Williamson and Ross McKerras. [1:39]",Action,Thriller,"Stone (the Antichrist) becomes President of the European Union and uses his seat of power to dissolve the United Nations and create a one world government called the World Union.  Megiddo is a supernatural ride into a world teetering on the edge of the Apocalypse. It follows the rise of a Machiavellian leader bent on amassing the armies of the world for the battle of Armageddon while calamities of Biblical proportions pummel the Earth. Though both prequel and sequel to The Omega Code, Megiddo works also as a stand alone story for anyone who missed its predecessor. For at its emotional core, Megiddo is the Caine and Abel story of the two men enamored with the same woman, raised as brothers, who grew up to find themselves pitted against each other over the fate and souls of the entire world.",4.6,104.0
The Omen ,2006, R ,1,8,5,"After suffering the death of their baby during childbirth, a husband (Liev Schreiber) is convinced to take another infant born on the same day, and whose mother died during childbirth. As the boy grows older, it becomes clear to the wife (Julia Stiles) that there is something unusual about him. As people question who he is and why he is different they begin to die in gruesome ways, with the help of his nanny (Mia Farrow). Also with David Thewlis and Seamus Davey-Fitzpatrick. Directed by John Moore. [1:45]",Horror,Thriller,"Immediately after their miscarriage, the US diplomat Robert Thorn adopts the newborn Damien without the knowledge of his wife. Yet what he doesn’t know is that their new son is the son of the devil.",7.385,111.0
Once ,2007, R ,2,1,7,"Story in Dublin, Ireland about the relationship between a vacuum-cleaner repairman who's also a street musician (Glen Hansard) and a young Czech house cleaner who's also a pianist (Marketa Irglova). She motivates him to finish his long-delayed journey toward a hit CD and recording contract in London. Also starring Alastair Foley, Gerry Hendrick, and Hugh Walsh. Directed by John Carney. [1:28]",Action,Adventure,"An aging Chinese immigrant is swept up in an insane adventure, where she alone can save what's important to her by connecting with the lives she could have led in other universes.",7.888,140.0
Once Upon a Forest ,1993, G ,0,1,0,Hanna-Barbera cartoon about environmentally sensitive forest critters and a chemical spill. Features the voices of Michael Crawford and Ben Vereen.,Animation,Family,"A young mouse, mole and hedgehog risk their lives to find a cure for their badger friend, who's been poisoned by men.",6.6,71.0
Once Upon a Time in Mexico ,2003, R ,5,9,7,"This time director Robert Rodriguez's guitar-slinging hero El Mariachi (Antonio Banderas) seeks revenge against the man who murdered his wife (Salma Hayek) and young daughter years before. He's hired by a corrupt CIA man (Johnny Depp) to kill a drug cartel kingpin (Willem Dafoe) who is planning a coup against the Mexican president. Also with Ruben Blades, Enrique Iglesias, Mickey Rourke and Cheech Marin. Directed by Robert Rodriguez. [1:41]",Action,Drama,"Hitman ""El Mariachi"" becomes involved in international espionage involving a psychotic CIA agent and a corrupt Mexican general.",6.273,102.0
On Deadly Ground ,1994, R ,4,8,7,Steven Seagal kills many people in an attempt to save Alaska from a big bad oil company.,,,,,
The One ,2001, PG-13 ,3,7,4,"A man (Jet Li) has figured out how to travel to parallel universes, destroy his parallel selves and acquire their energy, and thus become the most powerful being in all the universes. However, one of his other selves (Jet Li again) puts up a fight with the help of two agents charged with maintaining the balance between universes. Also with Carla Gugino, Jason Statham, Delroy Lindo, Mark Borchardt, Archie Kao, Kim McKamy. [1:28]",Action,Mystery,"A girl wakes up in a huge secret laboratory, then accidentally meets another girl who is trying to protect her house from a gang. The mystery girl overthrows the gang with her unexpected powers, and laboratory staff set out to find her.",7.117,137.0
One Day ,2011, PG-13 ,7,4,5,"Based on the novel by David Nicholls: Two university graduates (Anne Hathaway and Jim Sturgess) meet on their graduation day and almost have sex, but when circumstances complicate their plans, they agree to just be friends. They remain very close friends for years and help each other through moments of doubt, disappointment and broken relationships, while obviously still attracted to each other. Also with Patricia Clarkson, Romola Garai, Jodie Whittaker, Jamie Sives, Georgia King and Rafe Spall. Directed by Lone Scherfig. [1:47]",Drama,Romance,"A romantic comedy centered on Dexter and Emma, who first meet during their graduation in 1988 and proceed to keep in touch regularly. The film follows what they do on July 15 annually, usually doing something together.",7.408,107.0
One Direction: This Is Us ,2013, PG ,3,2,3,"""One Direction"" is a British boy band comprised of Niall Horan, Zayn Malik, Liam Payn, Harry Styles and Louis Tomlinson. This documentary follows them before and after they become famous, beginning with their hometown start in the UK to their competition on the ""X-Factor"" in 2010, and ultimately to their world tour in 2013. Also with Simon Cowell. Directed by Morgan Spurlock. [1:32]",Documentary,Music,"""One Direction: This Is Us"" is a captivating and intimate all-access look at life on the road for the global music phenomenon. Weaved with stunning live concert footage, this inspiring feature film tells the remarkable story of Niall, Zayn, Liam, Harry and Louis's really like to be One Direction.",8.39,92.0
One Fine Day ,1996, PG ,2,0,3,Michelle Pfeiffer and George Clooney have the single parent's day from hell.,,,,,
One for the Money ,2012, PG-13 ,5,5,4,"A woman (Katherine Heigl) who's been out of work for 6 months takes a job as a recovery agent and pursues the man she lost her virginity to in high school. In the process she learns more about her abilities and the truth about the man she is after. Also with Jason O'Mara, Daniel Sunjata, John Leguizamo, Sherri Shepherd and Debbie Reynolds. Directed by Julie Anne Robinson. [1:31]",Action,Comedy,"An unemployed lingerie buyer convinces her bail bondsman cousin to give her a shot as a bounty hunter. Her first assignment is to track down a former cop on the run for murder – the same man who broke her heart years before. With the help of some friends and the best bounty hunter in the business, she slowly learns what it takes to be a true bounty hunter.",5.532,91.0
One Hour Photo ,2002, R ,6,4,6,"Robin Williams stars as the lonely manager of the photo-printing department of a large store who becomes obsessed with a family whose snapshots he's developed for years. Starting to see himself as a member of the family, he eventually confuses his fantasy with reality and the result is calamity. Also with Connie Nielsen, Michael Vartan, Dylan Smith and Andrew A Rolfes. [1:38]",Drama,Thriller,"Sy ""the photo guy"" Parrish has lovingly developed photos for the Yorkin family since their son was a baby. But as the Yorkins' lives become fuller, Sy's only seems lonelier, until he eventually believes he's part of their family. When ""Uncle"" Sy's picture-perfect fantasy collides with an ugly dose of reality, what happens next ""has the spine-tingling elements of the best psychological thrillers!""",6.648,96.0
One Missed Call ,2008, PG-13 ,4,7,4,"A young woman (Shannyn Sossamon), traumatized by witnessing the deaths of two friends due to what seems like freak accidents, becomes convinced that their deaths are linked to strange phone calls they each received that recorded the last moment of their lives. Also with Edward Burns, Ana Claudia Talancon, Ray Wise, Azura Skye, Johnny Lewis, Jason Beghe, Margaret Cho and Meagan Good. Directed by Eric Valette. [1:27]",Horror,Mystery,"People mysteriously start receiving voicemail messages from their future selves, in the form of the sound of them reacting to their own violent deaths, along with the exact date and time of their future death, listed on the message log. The plot thickens as the surviving characters pursue the answers to this mystery which could save their lives.",6.146,112.0
One Night at McCool's ,2001, R ,8,6,8,"A bartender (Matt Dillon) falls in love with a slightly deranged, sexy woman (Liv Tyler), but he soon finds loving her and living with her are the worst decisions he's ever made. Also with John Goodman, Paul Reiser and Michael Douglas. [1:22]",Comedy,Crime,"Jewel murders her boyfriend and moves in with Randy, a bartender at McCool's. His cousin Carl is driven crazy by Jewel while Detective Dehling who is investigating the murder also gets smitten by her.",5.783,93.0
One Tough Cop ,1998, R ,3,5,10,"Stephen Baldwin and Chris Penn are two New York City police officers who battle their personal demons along with criminals on the street. Also with Gina Gershon, Mike McGlone, Frank Pellegrino, Bo Dietl, Paul Calderon, Philip Akin, Nigel Bennett, Mike Santana, Christopher Bregman, Vito Rezza, Marium Carvell and Luis Guzman. [1:30]",,,,,
One True Thing ,1998, R ,2,1,6,"Renee Zellweger is an ambitious New York writer who, at the request of her father (William Hurt), moves back home to care for her cancer-stricken mother (Meryl Streep). Co-starring Tom Everett Scott, Lauren Graham and Nicky Katt. Based on Anna Quindlen's novel.",Drama,Romance,A career woman reassesses her parents' lives after she is forced to care for her cancer-stricken mother.,6.6,127.0
101 Dalmatians ,1996, G ,1,3,1,The live action version of the famous children's story and animated feature.,Family,Comedy,"An evil, high-fashion designer plots to steal Dalmatian puppies in order to make an extravagant fur coat, but instead creates an extravagant mess.",5.9,103.0
102 Dalmatians ,2000, G ,1,4,2,"The infamous Cruella De Vil is paroled from prison, after she's been seemingly reformed. But her spots haven't changed and she is once again after Dalmatian puppies in order to turn them into a coat. With Glenn Close, Ioan Gruffudd, Alice Evans, Tim McInnerny, Gérard Depardieu and Tony Robinson. [1:40]",Family,Comedy,"Get ready for a howling good time as an all new assortment of irresistible animal heroes are unleashed in this great family tail! In an unlikely alliance, the outrageous Waddlesworth - a parrot who thinks he's a Rottweiler - teams up with Oddball - an un-marked Dalmatian puppy eager to earn her spots! Together they embark on a laugh-packed quest to outwit the ever-scheming Cruella De Vil.",5.472,100.0
127 Hours ,2010, R ,4,8,6,"An avid rock climber (James Franco) falls and becomes trapped by a large rock that pins his arm. Nobody knows where he is, and after numerous attempts over 5 days to free himself by chiseling the rock, he resorts to extreme measures and cuts off his own forearm. Based on true events related by Aron Ralston in his memoir ""Between a Rock and a Hard Place."" Also with Amber Tamblyn, Kate Mara, Clemence Poesy, Kate Burton, Treat Williams and Lizzy Caplan. Directed by Danny Boyle. [1:33]",Adventure,Drama,The true story of mountain climber Aron Ralston's remarkable adventure to save himself after a fallen boulder crashes on his arm and traps him in an isolated canyon in Utah.,7.063,94.0
187 ,1997, R ,4,8,8,Samuel L. Jackson is fighting gangs as a teacher in an inner-city school.,Science Fiction,Fantasy,"The A.I. 187 chip which can revolutionize the inner workings of the human brain has been developed for the greater good, but falling in the wrong hands can be a weapon of mass destruction.",2.0,101.0
Only God Forgives ,2013, R ,6,10,5,"An American-born drug dealer in Thailand (Ryan Gosling) is contacted by his domineering mother (Kristen Scott Thomas) and instructed to avenge the death of his psychopathic brother. A police detective (Vithaya Pansringarm) also lurks about, using a samurai sword and other implements to cause mayhem on those he decides are better off dead. Also with Tom Burke, Byron Gibson and Gordon Brown. Directed by Nicholas Winding Refn. [1:30]",Drama,Thriller,"Julian, who runs a Thai boxing club as a front organization for his family's drug smuggling operation, is forced by his mother Crystal to find and kill the individual responsible for his brother's recent death.",5.862,90.0
The Only Living Boy in New York ,2017, R ,5,2,6,"After graduating from college a young man (Callum Turner) doesn't know what he wants to do with himself and he meets an older man (Jeff Bridges) who helps him learn more about life among sophisticated urbanities. Also with Kate Beckinsale, Pierce Brosnan, Cynthia Nixon, Kiersey Clemons, Tate Donovan, Wallace Shawn, Anh Duong and Debi Mazar. Directed by Marc Webb. [1:28]",,,,,
Only Lovers Left Alive ,2014, R ,5,5,7,"An underground musician and vampire (Tom Hiddleston) feels depressed and to find solace he reunites with his estranged wife (Tilda Swinton). However, her sister (Mia Wasikowska) interrupts their love story with mayhem. Also with John Hurt, Jeffrey Wright, Anton Yelchin and White Hills. Directed by Jim Jarmusch. [2:03]",Drama,Romance,"A depressed musician reunites with his lover in the desolate streets of Detroit. Though their romance has endured several centuries, it is tested by the arrival of her capricious and unpredictable younger sister.",7.261,123.0
Only the Brave ,2017, PG-13 ,4,5,5,"Based on true tragic events from 2013: The story of the creation of the Granite Mountain Hotshots and their efforts to protect the people of Yarnell, Arizona from a wild fire. With Josh Brolin, Miles Teller, Jeff Bridges, Jennifer Connelly, James Badge Dale, Andie MacDowell, Geoff Stults, Alex Russell, Thad Luckinbill, Ben Hardy, Scott Haze, Jake Picking, Scott Foxx, Dylan Kenin, Ryan Michael Busch, Ryan Jason Cook, Brandon Bunch, Matthew Van Wettering, Michael L. McNulty, Nicholas Jenks, Sam Quinn, Natalie Hall and Howard Ferguson Jr.. Directed by Joseph Kosinski. [2:13]",Drama,Action,Members of the Granite Mountain Hotshots battle deadly wildfires to save an Arizona town.,7.384,133.0
Only the Strong Survive ,2003, PG-13 ,3,0,5,"A documentary focusing on some of the R&B and Soul recording artists who survived and thrived after the time of Motown, Stax and Royal studios collapsed. The artists we hang out with include Isaac Hayes, Sam Moore, Wilson Pickett, Mary Wilson, Rufus and Carla Thomas, the Chi-Lites, Jerry Butler (currently the Cooke County Commissioner) and Ann Peebles. It includes extensive interviews and performance footage. Directed by Chris Hegedus & D.A. Pennebaker. [1:35]",,,,,
Only You ,1994, PG ,3,2,0,"A romantic adventure starring Robert Downey, Jr. and Marisa Tomei.",Animation,Romance,"Six-year-old Ataru steps on Elle's shadow during an impromptu game of shadow-tag; in Elle's culture, this is viewed as a marriage proposal. Eleven years later, Elle returns to Earth in order to marry Ataru — by which time not only had he forgotten the events of his childhood, but he was also going out with Lum. The rest of the plot focuses on Lum's attempts to prevent the marriage.  The film was directed by Mamoru Oshii who was mad at the many requests that the producer made of him to alter the movie. Rumiko Takahashi considers this film her favorite and it is the most true to the original series.",6.389,101.0
On the Line ,2001, PG ,3,2,2,"Vanity film for N'Sync members Lance Bass and Joey Fatone: A young man who lacks confidence (Bass) meets the perfect young woman on Chicago's ""L"" train but cannot work up the courage to ask for her name and phone number. Unable to forget her, he launches a publicity campaign with the help of his friends in a last ditch effort to find her. Also with Emmanuelle Chriqui, James Bulliard and Amanda Foreman. [1:30]",,,,,
On the Road ,2012, R ,9,3,6,"Based on the coming-of-age book by Jack Kerouac: a young writer (Sam Riley) and a free-spirit (Garrett Hedlund) and his girlfriend (Kristen Stewart) travel across the country meeting a wide variety of people who impact their lives. Also with Amy Adams, Elisabeth Moss, Danny Morgan, Kirsten Dunst, Viggo Mortensen and Tom Sturridge. Directed by Walter Salles. [2:04]",Adventure,Drama,"Dean and Sal are the portrait of the Beat Generation. Their search for ""It"" results in a fast paced, energetic roller coaster ride with highs and lows throughout the U.S.",5.625,137.0
Open Range ,2003, R ,2,6,4,"Kevin Costner directs and stars in this Western about four freegrazers -- cattlemen who wander the countryside without owning a piece of land. The freegrazers (Costner, Robert Duvall, Diego Luna and Abraham Benrubi) run into a ruthless, ambitious rancher (Michael Gambon) who's violently opposed to sharing his land with anyone. The four men must decide whether to stay and fight for their way of life or to leave and forfeit their cattle. Also with Annette Bening and Dean McDermott. [2:14]",Western,Action,A former gunslinger is forced to take up arms again when he and his cattle crew are threatened by a corrupt lawman.,7.203,139.0
Open Season ,2006, PG ,1,4,2,"Animated 3-D feature about a domesticated grizzly bear that's happily lived all its life in a garage. When it saves a one-horned mule deer from a hunter, they become reluctant friends, and end up together in the woods during hunting season. It's up to them to fend for themselves, as well as save all the other forest animals from determined hunters. With the voices of Martin Lawrence, Ashton Kutcher, Debra Messing, Billy Connolly, Paul Westerberg, Gary Sinise, Jon Favreau and Patrick Warburton. Directed by Jill Culton, Roger Allers & Anthony F. Stacchi. [1:39]",Animation,Family,"Boog, a domesticated 900lb. Grizzly bear finds himself stranded in the woods 3 days before Open Season. Forced to rely on Elliot, a fast-talking mule deer, the two form an unlikely friendship and must quickly rally other forest animals if they are to form a rag-tag army against the hunters.",6.134,86.0
Open Water ,2004, R ,6,7,6,"A man and a woman (Blanchard Ryan and Daniel Travis) are desperate for a relaxing vacation, and decide to participate in a day of scuba diving in deep sea waters, enjoying the underwater fauna, which includes sharks and eels. However, when they re-surface they realize they have been left behind by the tour boat. For the rest of the day and through the night they try to remain calm, while fighting seasickness, leg cramps, dehydration, jellyfish stings and sharks. Ostensibly based on true events. Also with Saul Stein, Estelle Lau and Jon-Damon Charles. Directed by Chris Kentis. [1:19]",Drama,Thriller,"Two divers are left out at sea without a boat. There’s nothing but water for miles, unless they look at what’s underneath them...",5.514,79.0
Operation Condor ,1997, PG-13 ,2,5,2,Jackie Chan is looking for a long lost pot of gold.,Action,Adventure,"Hired by a Spanish baron, Hong Kong treasure hunter Jackie, a.k.a. ""Asian Hawk"" and his entourage seek WWII Nazi gold buried in the Sahara Desert.",7.362,106.0
Operation Dumbo Drop ,1995, PG ,1,3,2,The army escorts an elephant to a village during the Vietnam War.,Action,Adventure,"Five Green Berets stationed in Vietnam in 1968 grudgingly undertake the mission of a lifetime -- to secretly transport an 8,000-pound elephant through 200 miles of rough jungle terrain. High jinks prevail when Capt. Sam Cahill promises the Montagnard villagers of Dak Nhe that he'll replace their prized elephant in time for an important ritual. But for Capt. T.C. Doyle, the mission becomes a jumbo-sized headache!",5.154,107.0
Orange County ,2002, PG-13 ,4,4,5,"A graduating senior with a very high GPA aspires to be a great writer and desperately wants to get away from his less-than-normal family and go to Stanford University. But his college plans are squashed repeatedly due to one family crisis after another, and are derailed when a guidance counselor accidentally sends the wrong transcript with his college application. With Colin Hanks, Jack Black, Catherine O'Hara, Leslie Mann and Schuyler Fisk. [1:23]",Comedy,Drama,"Shaun Brumder is a local surfer kid from Orange County who dreams of going to Stanford to become a writer and to get away from his dysfunctional family household. Except Shaun runs into one complication after another, starting when his application is rejected after his dim-witted guidance counselor sends in the wrong form.",6.043,82.0
The Oranges ,2012, R ,6,3,6,"The close friendship of two families is put at risk when an unexpected relationship begins between the head of one family and the daughter of the other. With Hugh Laurie, Oliver Platt, Alia Shawkat, Leighton Meester, Catherine Keener, Adam Brody and Allison Janney. Directed by Julian Farino. [1:40]",Comedy,Romance,A man's affair with his friend's much-younger daughter throws two neighboring families into turmoil.,5.554,90.0
Original Gangstas ,1996, R ,2,8,8,Blaxploitation stars of the '70s are back to clean up the urban violence of the '90s.,Action,Drama,"A violent street gang, the Rebels, rule the streets of Gary, Indiana. The Rebels shoot Marvin Bookman, a store-keeper, for giving the police information about a drive-by shooting they committed. Marvin's son, former NFL star John who created the Rebels, returns to Gary to be with his father and, with a little help from his friends, to destroy the Rebels his way.",5.6,99.0
The Original Kings of Comedy ,2000, R ,4,0,10,"A big-screen version of one of the highest-grossing comedy tours ever, featuring Steve Harvey, D.L. Hughley, Cedric the Entertainer and Bernie Mac at their Charlotte, North Carolina show. Directed by Spike Lee. [1:55]",Comedy,Documentary,"The Original Kings of Comedy achieves the seemingly impossible task of capturing the rollicking and sly comedy routines of stand-up and sitcom vets Steve Harvey, D.L. Hughley, Cedric the Entertainer, and Bernie Mac and the magic of experiencing a live concert show. Director Spike Lee and his crew plant a multitude of cameras in a packed stadium and onstage (as well as backstage, as they follow the comedians) to catch the vivid immediacy of the show, which is as much about the audience as it is about the jokes.",6.208,115.0
Original Sin ,2001, R ,8,5,2,"This mystery, with more than a couple of twists and turns, is set in Cuba in the late 1800s. Antonio Banderas stars as a wealthy business man who arranges to marry an American woman by mail. Angelina Jolie arrives, they marry but after a short and very passionate time she runs away with a lot of his money. Realizing she was an impostor all along, he becomes obsessed with finding her and exacting revenge. Also with Thomas Jane, Jack Thompson and Gregory Itzin. [1:56]",Thriller,Drama,"A young man is plunged into a life of subterfuge, deceit and mistaken identity in pursuit of a femme fatale whose heart is never quite within his grasp",6.074,118.0
Orphan ,2009, R ,8,9,6,"A husband and his wife (Peter Sarsgaard and Vera Farmiga) struggle with the loss of their unborn child and after a period of time decide to adopt. When they meet and are taken with a charming 9-year-old girl (Isabelle Fuhrman) at an orphanage open house, they commit to bringing her home to join their family. When strange things begin happening, they are driven to delve into the girl's past to try to find out who she really is. Also with CCH Pounder, Jimmy Bennett, Margo Martindale, Karel Roden and Aryana Engineer. Directed by Jaume Collet-Serra. [2:03]",Horror,Thriller,"After escaping from an Estonian psychiatric facility, Leena Klammer travels to America by impersonating Esther, the missing daughter of a wealthy family. But when her mask starts to slip, she is put against a mother who will protect her family from the murderous “child” at any cost.",6.773,99.0
The Orphanage ,2007, R ,2,7,5,"A woman (Belén Rueda) who grew up in an orphanage returns to transform it into a home for mentally challenged children. But shortly after arriving there are strange occurrences involving her young son (Roger Príncep) and his imaginary friends that lead her to believe there is something supernatural affecting the house. Also with Fernando Cayo, Mabel Rivera, Montserrat Carulla, Edgar Vivar and Geraldine Chaplin. Directed by Juan Antonio Bayona. In Spanish with English subtitles. [1:45]",Horror,Drama,"A woman brings her family back to her childhood home, which used to be an orphanage, intent on reopening it. Before long, her son starts to communicate with a new invisible friend.",7.227,105.0
Osmosis Jones ,2001, PG ,2,5,2,"Part animated, part live-action adventure about a maverick white blood cell (voiced by Chris Rock) that's on a mission to track down and fend off a deadly blood virus threatening its human host (Bill Murray). The blood cell's partner is a no-nonsense cold tablet (David Hyde Pierce). Also with Molly Shannon, Elena Franklin, Chris Elliott, Laurence Fishburne, Brandy Norwood and William Shatner. Directed by Bobby & Peter Farrelly. [1:38]",Adventure,Animation,"A white blood cell policeman, with the help of a cold pill, must stop a deadly virus from destroying the human they live in, Frank.",6.504,95.0
The Other Boleyn Girl ,2008, PG-13 ,7,6,3,"The story of the sister of the infamous Anne Boleyn (Natalie Portman), Mary Boleyn (Scarlett Johansson), who captivated King Henry VIII (Eric Bana) and bore him an illegitimate son. The two sisters compete for Henry's affections and a place in the court for their family members, but their ambitions end in disaster. Also with Tiffany Freisberg, Eddie Redmayne, Jim Sturgess, Ana Torrent, Benedict Cumberbatch, Kristin Scott Thomas, Juno Temple, Mark Rylance, David Morrissey and Oliver Coleman. Directed by Justin Chadwick. [1:55]",Drama,Romance,"A sumptuous and sensual tale of intrigue, romance and betrayal set against the backdrop of a defining moment in European history: two beautiful sisters, Anne and Mary Boleyn, driven by their family's blind ambition, compete for the love of the handsome and passionate King Henry VIII.",6.643,115.0
The Other Guys ,2010, PG-13 ,5,6,5,"In this parody of capitalism and the NYPD, two out-of-control ""super-bad"" cops (Dwayne Johnson and Samuel L. Jackson) are worshiped by NYC citizens and the police force. But two detectives attempt to take their place, a paperwork obsessed ex-pimp (Will Ferrell) and his partner (Mark Wahlberg), when a small-time white-collar crime uncovers a multinational Ponzi scheme. Also with Eva Mendes, Ann Heche, Derek Jeter, Rob Riggle, Damon Wayans Jr., Michael Keaton and Ice-T (voice). Directed by Adam McKay. [1:47]",Action,Comedy,"Unlike their heroic counterparts on the force, desk-bound NYPD detectives Gamble and Hoitz garner no headlines as they work day to day. When a seemingly minor case turns out to be a big deal, the two cops get the opportunity to finally prove to their comrades that they have the right stuff.",6.275,107.0
The Others ,2001, PG-13 ,2,4,3,"Set on the English Channel island of Jersey during the last days of WWII, this supernatural thriller is about a woman (Nicole Kidman) who moves to an old mansion with her two children, where she waits for her husband to come back from the war. The children are allergic to sunlight and so all windows have to stay covered. In the darkness, they discover they may not be alone. Also with Elaine Cassidy, Christopher Eccleston, Fionnula Flanagan and Eric Sykes. [1:45]",Horror,Mystery,"Grace is a religious woman who lives in an old house kept dark because her two children, Anne and Nicholas, have a rare sensitivity to light. When the family begins to suspect the house is haunted, Grace fights to protect her children at any cost in the face of strange events and disturbing visions.",7.619,101.0
The Other Sister ,1999, PG-13 ,4,1,2,"A mentally-retarded woman (Juliette Lewis) struggles to live independently, but her overprotective mother (Diane Keaton) just can't accept she's capable of doing so. Also with Tom Skerritt, Giovanni Ribisi, Poppy Montgomery, Hector Elizondo, Joanna Going and Sarah Paulson. [2:11]",Comedy,Drama,"A mentally challenged girl proves herself to be every bit as capable as her ""perfect"" sister when she moves into an apartment and begins going to college.",6.3,130.0
The Other Son ,2012, PG-13 ,3,5,5,"After two families, one Israeli and one Palestinian, discover that their sons were accidentally switched at birth, they must confront their cultural and religious differences while trying to embrace their children. With Emmanuelle Devos, Pascal Elbe, Jules Sitruk and Mehdi Dehbi. Directed by Lorraine Levy. In French, Hebrew and Palestinian Arabic with English subtitles (original title: ""Le Fils de l'autre""). [1:45]",,,,,
The Other Woman ,2014, PG-13 ,5,4,5,"A woman (Cameron Diaz) finds out that her boyfriend (Nikolaj Coster-Waldau) is married and when the man's wife (Leslie Mann) confronts her, they discover that he's involved in yet another affair. Together the three women plot a payback scheme. Also with Don Johnson, Kate Upton, Taylor Kinney and Nicki Minaj. Directed by Nick Cassavetes. [1:49]",Comedy,Romance,"After discovering her boyfriend is married, Carly soon meets the wife he's been cheating on. And when yet another affair is discovered, all three women team up to plot mutual revenge on the three-timing SOB.",6.419,109.0
The Ottoman Lieutenant ,2017, R ,6,7,1,"In 1915 an American nurse (Hera Hilmar) travels to eastern Turkey to volunteer at a hospital. She falls in love with her escort (Michiel Huisman), a Turkish army officer, while a doctor at the hospital (Josh Hartnett) falls in love with her and WWI is soon upon them. Also with Ben Kingsley, Haluk Bilginer, Affif Ben Badra, Paul Barrett and Jessica Turner. Directed by Joseph Ruben. A couple of lines of dialogue are spoken in Turkish with English subtitles. [1:46]",Romance,Drama,"Lillie, a determined American woman, ventures overseas to join Dr. Jude at a remote medical mission in the Ottoman Empire (now Turkey). However, Lillie soon finds herself at odds with Jude and the mission’s founder, Woodruff, when she falls for the titular military man, Ismail, just as the war is about to erupt.",6.151,111.0
Ouija ,2014, PG-13 ,1,5,3,"A high school teen (Olivia Cook) gathers her friends to look for answers about the mysterious death of a member of their circle (Shelley Hennig). They consult an old Ouija board, attempting to contact the dead teen to learn what happened after she recorded herself using the board. The friends receive more than expected, as they awaken the dead. Also with Daren Kagasoff, Douglas Smith, Ana Coto, Bianca A. Santos, Erin Moriarty and Vivis Colombetti. Directed by Stiles White. [1:29]",,,,,
Ouija: Origin of Evil ,2016, PG-13 ,1,6,3,"Set in 1967, a widow and her two daughters try to make ends meet by performing séances and communicating with their clients' dead relatives. It all seems innocent enough until a Ouija board is used and a dark presence invades their lives. With Annalise Basso, Elizabeth Reaser, Lulu Wilson, Henry Thomas, Parker Mack, Doug Jones, Chelsea Gonzalez, Lincoln Melcher, Nicholas Keenan and Michael Weaver. Directed by Mike Flanagan. [1:39]",,,,,
Our Brand Is Crisis ,2015, R ,4,4,7,"A retired political strategist (Sandra Bullock) enters the fray to help a Bolivian candidate compete for the presidency. She faces another strategist (Billy Bob Thornton) she has fought against before, with devastating results. Also with Anthony Mackie, Joaquim de Almeida, Ann Dowd, Scoot McNairy and Zoe Kazan. Directed by David Gordon Green. [1:47]",Comedy,Drama,"Based on the documentary ""Our Brand Is Crisis"", this feature focuses on the use of American political campaign strategies in South America.",5.856,108.0
Our Family Wedding ,2010, PG-13 ,4,3,5,"An African-American man and a Hispanic woman (Lance Gross and America Ferrera) come home to tell their parents that they are going to get married. The news is not received well, and the wedding plans spiral out of control with both families vying for top billing. After a lot of soul searching and re-evaluation of their relationship, the couple comes to terms with the situation. Also with Forest Whitaker, Carlos Mencia, Anjelah Johnson, Diana-Maria Riva, Charlie Murphy, Fred Armisen, Regina King and Taye Diggs. Directed by Rick Famuyiwa. [1:30]",,,,,
Our Idiot Brother ,2011, R ,7,3,9,"When a clueless idealist (Paul Rudd) is dumped by his girlfriend (Kathryn Hahn), he takes the opportunity to barge into the lives of his three sisters (Elizabeth Banks, Zooey Deschanel and Emily Mortimer), bringing his unwanted, unrestrained honesty and boundless optimism into their lives. Also with Shirley Knight, Adam Scott and Rashida Jones. Directed by Jesse Peretz. [1:30]",Comedy,Drama,"Everybody has one—the sibling who is always just a little bit behind the curve when it comes to getting his life together. For sisters Liz, Miranda and Natalie, that person is their perennially upbeat brother, Ned. But as each of their lives begins to unravel, Ned's family comes to realise that Ned isn't such an idiot after all.",6.143,90.0
Outbreak ,1995, R ,0,6,6,Dustin Hoffman stars as a military expert in infectious diseases desperately trying to save a town from a deadly virus.,Action,Drama,"A deadly airborne virus finds its way into the USA and starts killing off people at an epidemic rate. Col Sam Daniels' job is to stop the virus spreading from a small town, which must be quarantined, and to prevent an over reaction by the White House.",6.5,127.0
Out Cold ,2001, PG-13 ,5,4,5,"Purist snowboarders are alarmed when they learn that their favorite Alaska mountain is to be sold to a ski mogul (Lee Majors) who plans to turn it into a modern vacation resort. With the mogul's rebellious daughters, the snowboarders hatch a plan to prevent development. Also with Jason London, Victoria Silvstedt, Flex Alexander, A.J. Cook, David Denman, Caroline Dhavernas, Zach Galifianakis, Willie Garson, Derek Hamilton, Adam Harrington, Scott Heindl and Brett Kelly. [1:30]",,,,,
Out of Sight ,1998, R ,5,6,10,George Clooney is a bank robber and Jennifer Lopez is the U.S. marshal who tries to stop him but falls in love with him instead.,Romance,Comedy,"Meet Jack Foley, a smooth criminal who bends the law and is determined to make one last heist. Karen Sisco is a federal marshal who chooses all the right moves … and all the wrong guys. Now they're willing to risk it all to find out if there's more between them than just the law.",6.669,123.0
Out of the Furnace ,2013, R ,3,7,10,"A man (Christian Bale) seeks revenge after his brother (Casey Affleck) mysteriously goes missing. Also with Zoe Saldana, Woody Harrelson, Sam Shepard and Willem Dafoe. Directed by Scott Cooper. [1:55]",Thriller,Drama,"Two brothers live in the economically-depressed Rust Belt, when a cruel twist of fate lands one in prison. His brother is then lured into one of the most violent crime rings in the Northeast.",6.578,116.0
Out of Time ,2003, PG-13 ,6,5,4,"The police chief of Banyon Key, Florida, (Denzel Washington) finds himself in a bad situation that's quickly getting worse when he tries to help his lover (Sanaa Lathan), only to find out that she's never cared for him and is ready to betray him. Hounded by the DEA when they're looking for evidence money that he ""borrowed,"" as well as his estranged wife, he's quickly running out of options. Also with Eva Mendes, Dean Cain and John Billingsley. Directed by Carl Franklin. [1:45]",Drama,Action,Police inspector and excellent hostage negotiator Ho Sheung-Sang finds himself in over his head when he is pulled into a 72 hour game by a cancer suffering criminal out for vengeance on Hong Kong's organized crime syndicates.,7.275,93.0
The Out-of-Towners ,1999, PG-13 ,5,3,3,"In this remake of Neil Simon's play, empty-nesters Steve Martin and Goldie Hawn take a trip to New York City that tests their marriage and their sanity. Also with John Cleese and Mark McKinney. [1:31]",,,,,
Outside Providence ,1999, R ,4,4,10,"In this Farrelly Brothers' coming-of-age drama/comedy taking place in 1974, a boy from working-class Pawtucket, R.I. is sent to a preppy boarding school to finish his senior year. With Alec Baldwin, Shawn Hatosy, Amy Smart, Jon Abrahams, Jonathan Brandis, Gabriel Mann, Seth William Meier, Kyle Pepi, Ryan Pepi, Scott Rabideau, David Vaillancourt and George Wendt. [1:45]",Romance,Comedy,"In this coming-of-age comedy, Tim Dunphy is leading a go-nowhere existence, spending his days smoking pot and hanging out with his best friend, Drugs Delaney. But Tim's lazy days of getting high are jettisoned after a brush with the law convinces his blue-collar dad to send him to a Connecticut prep school. The one saving grace of the new school is Jane, a fellow student Tim falls for immediately.",5.84,96.0
The Outsiders ,1983, PG-13 ,3,5,4,"Teen melodrama set in 1960s Oklahoma, based on S. E. Hinton's novel about rival gangs of young men from Tulsa's disparate neighborhoods: the upscale Socs and the underprivileged Greasers hate each other with passion, and fight at every opportunity. The plot revolves around budding writer and Greaser Ponyboy (C. Thomas Howell) who falls in love with a popular cheerleader (Diane Lane) from the Socs' side of town, a fight that ends in someone's death, and the rescue of children from a fire by unlikely heroes. Also with Matt Dillon, Patrick Swayze, Rob Lowe, Emilio Estevez, Tom Waits, Tom Cruise and Ralph Macchio. Directed by Francis Ford Coppola. [1:53]",Crime,Drama,"When two poor Greasers, Johnny and Ponyboy, are assaulted by a vicious gang, the Socs, and Johnny kills one of the attackers, tension begins to mount between the two rival gangs, setting off a turbulent chain of events.",7.255,91.0
Out to Sea ,1997, PG-13 ,3,1,4,Walter Matthau and Jack Lemmon pretend to be dance instructors on a cruise ship.,Comedy,Romance,"Care-free Charlie cons his widower brother-in-law Herb into an expenses-paid luxury cruise in search of rich, lonely ladies. The catch is that they are required to be dance hosts! With a tyrannical cruise director, and the luscious Liz and lovely Vivian, our heroes have lots of mis-adventures before they finally return to port.",5.5,106.0
Overboard ,2018, PG-13 ,5,3,4,"A widow (Anna Faris) with three children struggles to make ends meet and care for her children while preparing for a nursing exam. When a very disagreeable wealthy man (Eugenio Derbez) wakes up on a beach with amnesia, she convinces him that he's her husband, thinking it will be a perfect opportunity to get both help and revenge. Also with John Hannah, Eva Longoria, Emily Maddison, Swoosie Kurtz, Josh Segarra and Mel Rodriguez. Directed by Rob Greenberg. Several lines of dialogue are spoken in Spanish with English subtitles; a couple of phrases are spoken in French without translation or subtitles. [1:52]",Animation,Adventure,"The Honeymoon is over… How we enjoyed the party when our amphibious Nestrian chums discovered their incredible newfound agility underwater! But, when we revisit our curious, loveable pals, the entire animal kingdom’s survival is once again at stake. Amid the prospect of no new land on which to live and prosper, not to mention the ever-diminishing food resources, the mood on board the Ark is laden with mounting tensions, which regularly spill over into ark rage. Fragile peace is frequently broken with general chaos ensuing. How can our unlikely heroes help? And what lies beneath for Finny in an oceanful of possibilities when he quite literally falls into some rather surprising new company?",7.6,85.0
Over Her Dead Body ,2008, PG-13 ,5,3,4,"A man (Paul Rudd) is devastated when his fiancée (Eva Longoria Parker) is killed in a freak accident on their wedding day. Unable to let go and move on with his life, he is persuaded to seek help from a psychic (Lake Bell) who tries to communicate with his expired bride, who is now a ghost and unwilling to let go of him. The situation becomes more complicated when he begins to fall for the psychic. Also with Jason Biggs, Lindsay Sloane and Stephen Root. Directed by Jeff Lowell. [1:34]",,,,,
Over the Hedge ,2006, PG ,2,3,2,"A hedge becomes the gateway to a strange world for a few woodland friends: After waking up from their long winter's nap, several animals discover that a tall, green thing has suddenly appeared in the middle of their home. A raccoon (Bruce Willis provides the voice) explains that in the world beyond creatures called humans live, and they have tons of food. Also with the voices of Garry Shandling, Steve Carell, William Shatner and Avril Lavigne. Directed by Tim Johnson & Karey Kirkpatrick. [1:36]",Family,Comedy,"A scheming raccoon fools a mismatched family of forest creatures into helping him repay a debt of food, by invading the new suburban sprawl that popped up while they were hibernating – and learns a lesson about family himself.",6.519,83.0
Oz The Great and Powerful ,2013, PG ,2,4,2,"A carnival magician (James Franco) escapes a tornado in his hot air balloon while in Kansas and lands in a mysterious land. There, he meets many who ask his help in defeating the wickedest witch. Always dreaming of riches and glory, he cannot say no. Also with Mila Kunis, Rachel Weisz, Michelle Williams, Zach Braff and Joey King. Directed by Sam Raimi. [2:10]",Fantasy,Adventure,"Oscar Diggs, a small-time circus illusionist and con-artist, is whisked from Kansas to the Land of Oz where the inhabitants assume he's the great wizard of prophecy, there to save Oz from the clutches of evil.",5.897,130.0
