movie_title,movie_year,movie_rating,sex_nudity,violence_gore,language,movie_description,genre_1,genre_2,overview,vote_average,run_time
U-571 ,2000, PG-13 ,1,6,4,"A botched assignment to commandeer a German U-Boat and steal its message decoder leaves a small American Navy crew aboard a damaged submarine in enemy waters. With Matthew McConaughey, Bill Paxton, Harvey Keitel, Jon Bon Jovi, Jake Weber, Erik Palladino, Matthew Settle, David Keith, Thomas Kretschmann, Robin Askwith, Terrence 'T.C.' Carson, Derk Cheetwood, Will Estes, Tom Guiry, Jack Noseworthy and Dave Power. [1:55]",War,Drama,"In the midst of World War II, the battle under the sea rages and the Nazis have the upper hand as the Allies are unable to crack their war codes. However, after a wrecked U-boat sends out an SOS signal, the Allies realise this is their chance to seize the 'enigma coding machine'.",6.45,116.0
The Ugly Truth ,2009, R ,8,3,6,"Katherine Heigl plays a controlling morning TV show producer who agrees to participate in a set of relationship experiments authored by an insensitive TV host (Gerard Butler). He attempts to apply his own chauvinistic relationship theories to her relationships, but ends up with surprising results. Also with Bree Turner, Eric Winter, Nick Searcy, Jesse D. Goins, Cheryl Hines and Kevin Connolly. Directed by Robert Luketic. [1:35]",Comedy,Romance,"A romantically challenged morning show producer is reluctantly embroiled in a series of outrageous tests by her chauvinistic correspondent to prove his theories on relationships and help her find love. His clever ploys, however, lead to an unexpected result.",6.495,96.0
Ultraviolet ,2006, PG-13 ,3,7,4,"Sci-fi action film set in the late 21st century: a subspecies of humans with super human physical attributes has evolved due to a genetic mutation, but the government wants to destroy them and treats them as outcasts. Enter Milla Jovovich as Violet, aka V, a super-stylish and super lethal warrior out to get revenge. Also with Cameron Bright, William Fichtner, Nick Chinlund and Sebastien Andrieu. Directed by Kurt Wimmer. [1:25]",Science Fiction,Action,"In the late 21st century, a subculture of humans have emerged who have been modified genetically by a vampire-like disease, giving them enhanced speed, incredible stamina and acute intelligence. As they are set apart from ""normal"" and ""healthy"" humans, the world is pushed to the brink of worldwide civil war  aimed at the destruction of the ""diseased"" population. In the middle of this crossed-fire is - an infected woman - Ultraviolet, who finds herself protecting a nine-year-old boy who has been marked for death by the human government as he is believed to be a threat to humans.",5.171,87.0
Unaccompanied Minors ,2006, PG ,1,3,2,"It's Christmas Eve, and a group of young teens and children who are unaccompanied by adults are stranded in an airport when all flights are cancelled due to a blizzard. Running away from the Christmas-hating airport manager (Lewis Black) and the airport security guards, the unaccompanied minors wreak havoc in the name of true holiday spirit. Also with Wilmer Valderrama, Dyllan Christopher, Gina Mantegna, Quinn Shephard and Tyler J. Williams. Directed by Paul Feig. [1:29]",Comedy,Family,Five disparate kids snowed in at the airport on Christmas Eve learn some lessons about friendship when they launch a bid to get back to their families and outsmart a disgruntled airport official who wants to keep them grounded.,6.017,90.0
The Unborn ,2009, PG-13 ,4,8,5,"A young woman (Odette Yusman) is possessed by the spirit of her dead twin, and she turns to her ailing grandmother (Jane Alexander), who reveals secrets about her haunted past, and to a rabbi (Gary Oldman), pleading with him to perform an exorcism. Also with Meagan Good, Cam Gigandet, Idris Elba and Carla Gugino. Directed by David S. Goyer. [1:28]",Horror,Thriller,A young woman fights the spirit that is slowly taking possession of her.,5.193,87.0
Unbreakable ,2000, PG-13 ,2,5,3,"The sole survivor of a terrible train wreck (Bruce Willis) discovers a surprising explanation for his unscathed existence with help from a comic book dealer (Samuel L. Jackson). Also with Robin Wright Penn, Spencer Treat Clark, John Patrick Amedori, Greg Korin, Sean Oliver, Joey Perillo and Jose L. Rodriguez. [1:47]",Thriller,Drama,"An ordinary man makes an extraordinary discovery when a train accident leaves his fellow passengers dead — and him unscathed. The answer to this mystery could lie with the mysterious Elijah Price, a man who suffers from a disease that renders his bones as fragile as glass.",7.136,106.0
Unbroken ,2014, PG-13 ,3,6,5,"Based on a true WWII story: A famous Olympic runner (Jack O'Connell) serving in the Army Air Force is stranded with two of his crew (Domhnall Gleeson and Finn Wittrock) after crashing in the Pacific Ocean. They survive in open water for two months before being captured and tortured by Japanese troops. Also with Garrett Hedlund, John Magaro, Alex Russell and Miyavi. Directed by Angelina Jolie. Several lines of dialogue are in Italian and Japanese with English subtitles; a few phrases are not translated. [2:17]",,,,,
Uncle Drew ,2018, PG-13 ,4,3,4,"A sports enthusiast (Lil Rel Howery) spends his life savings to enter a team in Harlem's Rucker Classic street basketball tournament. After many false starts, he loses his team to his rival (Nick Kroll) and in desperation he seeks help from legendary Uncle Drew (Kyrie Irving), who accepts the challenge and brings a team of 70-year-old ailing All Stars with him (Shaquille O'Neal, Chris Webber, Reggie Miller, Nate Robinson and Lisa Leslie). Also with Tiffany Haddish, Erica Ash, Aaron Gordon, J.B. Smoove and Mike Epps. Directed by Charles Stone III. [1:43]",,,,,
Undefeated ,2012, PG-13 ,2,3,5,"Two documentary filmmakers follow the 2009 football season of Manassas High School, in rough-and-tumble North Memphis. After countless years with a struggling program, volunteer coach Bill Courtney challenges his players, many of whom have been disregarded or forgotten by society, to build character, put team first and become winners. Directed by Daniel Lindsay. [1:50]",Action,Adventure,"Story of “UNDEFEATED"" — a live action mini-movie of the unbeaten team for the mobile online game, Garena Free Fire.",7.5,17.0
Underclassman ,2005, PG-13 ,4,5,4,"Nick Cannon stars as a young-looking police detective assigned to go undercover on a private high school campus to find information about the death of a student there, despite the fact that his captain considers him to be a loose cannon. While trying to dig up clues he uncovers a highly organized international auto-theft ring. Also with Roselyn Sanchez, Shawn Ashmore, Cheech Marin and Kelly Hu. Directed by Marcos Siega. [1:35]",Comedy,Action,A young detective goes undercover at an elite private school to destroy an international stolen car ring.,5.1,95.0
Undercover Blues ,1993, PG-13 ,2,3,5,Dennis Quaid and Kathleen Turner are intelligence agents who take a hiatus from the CIA and decide to play house for awhile. But the government coaxes the duo back into action.,Comedy,Crime,"When fun-loving American agents Dennis Quaid and Kathleen Turner are called back from maternity leave for a special assignment in New Orleans, the spy parents decide to skip the sitter and give their bouncing baby girl the adventure of a lifetime. There's nothing to the dumb story about a deadly arms dealer in the Louisiana Bayou, but you'd be hard put to find a friskier pair of doting parents.",6.1,90.0
Undercover Brother ,2002, PG-13 ,4,5,5,"Eddie Griffin stars as a low-rent private eye with a '70s sense of style, who's recruited by the B.R.O.T.H.E.R.H.O.O.D. to fight The Man (i.e. white establishment, represented by a white guy) and his second-in-command Mr. Feather (Chris Kattan). He's dubbed The Undercover Brother and teams up with Smart Brother, Conspiracy Brother, Sistah Girl and the Chief to fight schemes designed to maintain racial divisiveness. Also with Denise Richards, David Chappelle, Aunjanue Ellis, Neil Patrick Harris, Chi McBride and Billy Dee Williams. [1:23]",Action,Comedy,"An Afro-American organization, the B.R.O.T.H.E.R.H.O.O.D., is in permanent fight against a white organization ""The Man"" defending the values of the black people in North America. When the Afro-American candidate Gen. Warren Boutwell behaves strangely in his presidential campaign, Undercover Brother is hired to work undercover for ""The Man"" and find what happened with the potential candidate.",5.845,86.0
Underdog ,2007, PG ,1,3,2,"A klutzy ex-police dog acquires super powers when it is given a serum. It then befriends a young loner whose mother recently died and his father disappointed him by quitting the police force, and together they try to thwart the plans of a mad scientist. With Alex Neuberger, Peter Dinklage, James Belushi, Jason Lee and Amy Adams. Directed by Frederik Du Chau. [1:24]",Animation,Adventure,"In the small village where Amadeo lives there is no one good enough to challenge his skills at Table Football. But, while Amadeo may be a genius as a table football player in real life he's a loser. He's in love with Lara, his childhood friend, but he's so shy that he can't bring himself to confess his love for her. So he just hangs out in his quaint, timeless village. When Amadeo beats the village bully Flash at Table Football. The scene is set for an epic rivalry. Consumed with anger Flash vows to get even and 10 years later he returns as an International Superstar, a Football Icon and Galatico determined to wreak his revenge.",6.636,106.0
Under Siege ,1992, R ,5,8,6,"Yet another variation on the ""Die Hard"" formula, with Steven Seagal as a Navy cook who moonlights as a weapons and martial arts expert. His non-culinary skills come in handy when his ship is hi-jacked by the obligatory terrorists.",Science Fiction,Action,"Sunny is a naïve circus performer who dreams of inheriting his father's knife-throwing skills. However, his hostile colleagues continue to bully him, relegating him to a lowly clown. On a tour to Malaysia, Cheung and other performers discover a cave occupied by the Japanese army during World War II. Instead of finding treasure, the performers - including Sunny - are sprayed with a mysterious chemical that turns them into superhuman mutants...",4.9,110.0
Under Siege 2: Dark Territory ,1995, R ,3,7,8,"Steven Seagal saves the world again in this sequel which has the cook from ""Under Siege"" battling terrorists on a train.",Action,Thriller,"A passenger train has been hijacked by an electronics expert and turned into an untraceable command center for a weapons satellite. He has planned to blow up Washington DC and only one man can stop him, former Navy SEAL Casey Ryback.",5.84,100.0
Under the Same Moon ,2008, PG-13 ,3,3,4,"A 9-year-old Mexican boy (Adrian Alonso) flees his home trying to reach his mother (Kate Del Castillo) who has been working in Los Angeles for 4 years, trying to earn enough money to bring him over the border legally. Also with America Ferrera, Eugenio Derbez, Carmen Salinas, Mario Almada, Angelina Pelaez, Maya Zapata, Gabriel Porras and Maria Rojo. Directed by Patricia Riggen. In Spanish with English subtitles. [1:49]",,,,,
Under the Skin ,2014, R ,9,6,5,"An alien (Scarlett Johansson) entices men to follow her to remote places for sinister reasons. Also with, Jeremy McWilliams, Lynsey Taylor Mackay, Dougie McConnell, Kevin McAlinden, D. Meade, Andrew Gorman and Paul Brannigan. Directed by Jonathan Glazer. Some of the dialogue is indiscernible with no subtitles. [1:48]",Thriller,Science Fiction,A seductive alien prowls the streets of Glasgow in search of prey: unsuspecting men who fall under her spell.,6.1,108.0
Under the Tuscan Sun ,2003, PG-13 ,6,3,5,"A recently divorced woman (Diane Lane) goes on a tour of Tuscany, Italy, and while there she decides to quit her stressful job, buy a rundown villa and start a new life, on her own. She soon befriends a Polish work crew that helps her fix up the house, she learns how to cook and learns how to fall in love again. Also with Raoul Bova, Sandra Oh, Lindsay Duncan and Dan Bucatinsky. Directed by Audrey Wells. [1:53]",Romance,Comedy,"After a rough divorce, Frances, a 35 year old book editor from San Francisco takes a tour of Tuscany at the urgings of her friends. On a whim she buys Bramasole, a run down villa in the Tuscan countryside and begins to piece her life together starting with the villa and finds that life sometimes has unexpected ways of giving her everything she wanted.",6.849,113.0
Underworld ,2003, R ,2,9,5,"Horror thriller set in a Gothic metropolis where vampires and werewolves have been at war with each other for centuries. The two species inhabit different social strata and have distinct cultures: Vampires are sophisticated and aristocratic, whereas werewolves are street smart and thuggish. Ancient animosities are tested when a vampire warrior known for her prowess as a hunter of werewolves (Kate Beckinsale) and a human with werewolf ancestry (Scott Speedman) fall in love with each other. Also with Bill Nighy, Danny McBride and Michael Sheen. Directed by Len Wiseman. [2:01]",Comedy,Action,Popular Hong Kong actress Amy Yip plays Sister Har -- a seminal figure in 1960s and '70s Hong Kong nightlife -- in this biographical film that follows the scenester's rise and fall from the upper echelons of society to the glamour and excess of Hong Kong's teeming underworld. A truly fascinating portrait of the allure and excess that were part of the fabric of Asia's favorite playground.,3.7,97.0
Underworld: Awakening ,2012, R ,3,9,5,"The fourth installment in the ""Underworld"" film series: When humans become aware of the existence of Lycans and Vampires they perform purges that will free the planet of both species. However, some remain and they continue fighting against human interference. With Kate Beckinsale, Stephen Rea, Michael Ealy, Theo James, India Eisley and Sandrine Holt. Directed by Måns Mårlind & Björn Stein. A few exchanges are spoken in an unrecognizable language with English subtitles. [1:28]",Fantasy,Action,"Having escaped years of imprisonment, vampire warrioress Selene finds herself in a changed world where humans have discovered the existence of both Vampire and Lycan clans and are conducting an all-out war to eradicate both immortal species. Now Selene must battle the humans and a frightening new breed of super Lycans to ensure the death dealers' survival.",6.296,88.0
Underworld: Blood Wars ,2017, R ,6,8,5,"In this fifth sequel a vampire death dealer (Kate Beckinsale) confronts a large pack of werewolves, as well as enemy vampires. She finds useful alliances in a vampire-wolf hybrid (Theo James) and a Nordic Coven leader (Peter Andersson), who aid her in plans to end the eternal blood feud between the wolves and the vampires. Also with Tobias Menzies, Lara Pulver, Clementine Nicholson, Bradley James and Charles Dance. Directed by Anna Foerster. [1:32]",Fantasy,Action,"Vampire death dealer Selene fends off brutal attacks from both the Lycan clan and the Vampire faction that betrayed her. With her only allies, David and his father Thomas, she must stop the eternal war between Lycans and Vampires, even if it means she has to make the ultimate sacrifice.",5.826,91.0
Underworld: Evolution ,2005, R ,7,9,5,"Kate Beckinsale reprises her role as the vampire who’s leading the centuries old fight between vampires and lycans. With the help of a vampire-lycan hybrid, she hopes to unlock the secrets of their bloodlines. Also with Bill Nighy, Derek Jacobi and Tony Curran. Directed by Len Wiseman. [1:26]",Fantasy,Action,"As the war between the vampires and the Lycans rages on, Selene, a former member of the Death Dealers (an elite vampire special forces unit that hunts werewolves), and Michael, the werewolf hybrid, work together in an effort to unlock the secrets of their respective bloodlines.",6.56,106.0
Underworld: Rise of the Lycans ,2009, R ,6,9,0,"A prequel to the 2003 and 2005 ""Underworld"" films, which traces the origins of the Lycans and the war between them and vampires: While the Lycans serve as slaves to the aristocratic vampires, the daughter (Rhona Mitra) of the ruthless vampire leader (Bill Nighy) falls in love with a Lycan (Michael Shee) and thus the hostilities begin. Also with Shane Brolly, Kevin Grevioux, Steven MacKintosh, David Aston, Elizabeth Hawthorne and Craig Parker. Directed by Patrick Tatopoulos. [1:32]",Fantasy,Action,"A prequel to the first two Underworld films, this fantasy explains the origins of the feud between the Vampires and the Lycans. Aided by his secret love, Sonja, courageous Lucian leads the Lycans in battle against brutal Vampire king Viktor. Determined to break the king's enslavement of his people, Lucian faces off against the Death Dealer army in a bid for Lycan independence.",6.489,92.0
Undiscovered ,2005, PG-13 ,5,3,4,"A struggling musician moves from New York to Los Angeles, dreaming of landing a recording contract. As success proves elusive, he finds himself doing many odd jobs while playing small gigs at a local bar. One day he runs into a young actress with whom he had a chance encounter in New York, and she hatches a plan to create some hype and make him a success. Her strategy works and he gets his contract -- but they discover that the demands of fame can overwhelm personal relationships. With Pell James, Steven Strait, Kip Pardue, Carrie Fisher and Ashlee Simpson. Directed by Meiert Avis. [1:37]",Science Fiction,Action,"After years of war, the Federation and the Klingon empire find themselves on the brink of a peace summit when a Klingon ship is nearly destroyed by an apparent attack from the Enterprise. Both worlds brace for what may be their dealiest encounter.",7.019,113.0
Undisputed ,2002, R ,4,5,10,"A heavyweight-boxing champ is accused of raping a woman and sent to prison where he faces the prison boxing champ. Ving Rhames is the former, Wesley Snipes is the latter, and they clash and eventually end up duking it out. Peter Falk co-stars as a well-connected aging mafioso. Also with Fisher Stevens and Ed Lover. [1:30]",Action,Drama,"In the fourth installment of the fighting franchise, Boyka is shooting for the big leagues when an accidental death in the ring makes him question everything he stands for. When he finds out the wife of the man he accidentally killed is in trouble, Boyka offers to fight in a series of impossible battles to free her from a life of servitude.",7.08,87.0
Unfaithful ,2002, R ,9,5,6,"An affluent couple's seemingly happy life is thrown into turmoil when after a chance encounter the wife (Diane Lane) has an torrid affair with a young Frenchman (Olivier Martinez). The husband (Richard Gere) hires a detective and decides to confront his wife's lover. Also with Erik Per Sullivan, Myra Lucretia Taylor, Michelle Monaghan, Chad Lowe and Joseph Badalucco Jr. [1:40]",Thriller,Drama,"Connie is a wife and mother whose 11-year marriage to Edward has lost its sexual spark. When Connie literally runs into handsome book collector Paul, he sweeps her into an all-consuming affair. But Edward soon becomes suspicious and decides to confront the other man.",6.629,124.0
Unfinished Business ,2015, R ,8,3,9,"Vince Vaughn stars as an employee who's tired of working for someone else and not being appreciated and decides to start his own company. After a year of knocking on doors, he goes to Germany with two colleagues to try and pitch a big deal. Also with, Tom Wilkinson, Dave Franco, Sienna Miller, June Diane Raphael, Britton Sear, Ella Anderson, Nick Frost and James Marsden. Directed by Ken Scott. A few lines of dialogue are spoken in German with no subtitles provided. [1:31]",,,,,
An Unfinished Life ,2005, PG-13 ,5,5,5,"Robert Redford stars as a man who, having lost his only son in a car accident a decade earlier, is satisfied to spend the last of his days in a rundown Wyoming ranch. He cares only for his friend and handyman (Morgan Freeman) who was mauled by a bear and requires daily medication to overcome the pain. When his daughter-in-law (Jennifer Lopez), whom he blames for his son's death, arrives with his granddaughter (Becca Gardner), he is forced to confront his feelings of hatred and anger. Also with Josh Lucas. Directed by Lasse Hallstrom. [1:40]",,,,,
Unfinished Song ,2013, PG-13 ,2,4,4,"A grieving widower (Terence Stamp) struggling to overcome the death of his wife joins the singing group left behind by her and in turn mends the strained relationship with his son and learns how to grieve. Originally titled ""Song for Marion."" Also with Gemma Anderson, Christopher Eccleston and Vanessa Redgrave. Directed by Paul Andrew Williams. [1:33]",,,,,
Unforgettable ,1996, R ,5,8,8,"Ray Liotta tries to track down his wife's murderer by injecting himself with her spinal fluid, thereby retrieving her memories.",Drama,Romance,"On a live music radio show, a letter arrives from the 23 years in the past. Through the letter, the first love and friendships of five friends are revealed.",7.882,113.0
Unforgettable ,2017, R ,7,7,5,"A man and a woman (Geoff Stults and Rosario Dawson) start a new life together and all is well until his former wife (Katherine Heigl) decides she can't let go of her life with him. Also with Cheryl Ladd, Whitney Cummings, Robert Wisdom, Simon Kassianides and Isabella Kai Rice. Directed by Denise Di Novi. [1:40]",Drama,Romance,"On a live music radio show, a letter arrives from the 23 years in the past. Through the letter, the first love and friendships of five friends are revealed.",7.882,113.0
Unforgiven ,1992, R ,3,6,5,"Clint Eastwood is a reformed outlaw who straps his guns on for the last time because he's a pig-farmer with sick pigs, and a bounty, offered for the killing of a couple of cowboys who slashed a prostitute, sounds like easy money.",Action,Crime,"Set in Hokkaido, Japan in the 1880s. Jubei Kamata (Ken Watanabe), who is on the side of the Edo shogunate government, kills many people. His name is infamous in Kyoto. When the battle at Goryoukaku is about to be finished, Jubei disappears. 10 years later, Jubei lives with his kid in relative peace. He is barely able to make a living. Protecting his dead wife's grave, Jubei has decided to never pick up a sword again, but due to poverty he has no choice but to pick the sword again. Jubei becomes a bounty hunter.",7.009,135.0
Unfriended ,2015, R ,6,7,10,"One year ago a shaming video posted online about a teen girl (Heather Sossaman) went viral and caused her suicide. On the anniversary of her death, she seems to have returned to her online accounts, tormenting six friends until she can find out who posted the original video. Also with Will Peltz, Matthew Bohrer, Courtney Halverson, Shelley Hennig, Moses Storm, Jacob Wysocki and Renee Olstead. Directed by Levan Gabriadze. [1:22]",Horror,Thriller,"While video chatting one night, six high school friends receive a Skype message from a classmate who killed herself exactly one year ago. At first they think it's a prank, but when the girl starts revealing the friends' darkest secrets, they realize they are dealing with something out of this world, something that wants them dead.",5.527,82.0
The Uninvited ,2009, PG-13 ,6,7,5,"After the death of her mother in a house fire, and her own attempted suicide, a young woman (Emily Browning) is released from the hospital and realizes that her father (David Strathairn) has become involved with the nurse (Elizabeth Banks) who had been caring for her mother before her death. When she and her sister (Arielle Kebbel) begin to piece together the events of the night of the fire, they begin to suspect that there was foul play. Also with Kevin McNulty and Jesse Moss. Directed by Thomas Guard & Charles Guard. [1:27]",,,,,
Union Square ,2012, R ,3,3,8,"An anxious, straight-laced woman (Tammy Blanchard) is surprised when she gets an unexpected visit from her estranged sister (Mira Sorvino), who has news that will upset her plans to finally settle down with her long-time fiancé (Christopher Backus). Also with Patti LuPone and Michael Rispoli. Directed by Nancy Savoca. [1:20]",,,,,
A United Kingdom ,2016, PG-13 ,3,3,2,"Based on a true story from 1947: an African prince (David Oyelowo) struggles to move his people away from the rule of monarchs and toward democracy while also fighting the British and their control over his marriage to a white woman (Rosamund Pike). Also with Jack Davenport, Tom Felton, Laura Carmichael, Terry Pheto and Jessica Oyelowo. Directed by Amma Asante. Several lines of dialogue are spoken in Setswana with English subtitles. [1:51]",Drama,History,"The inspiring true story of Seretse Khama, the King of Bechuanaland (modern Botswana), and Ruth Williams, the London office worker he married in 1948 in the face of fierce opposition from their families and the British and South African governments. Seretse and Ruth defied family, Apartheid and empire - their love triumphed over every obstacle flung in their path and in so doing they transformed their nation and inspired the world.",6.714,111.0
United 93 ,2006, R ,2,7,6,"Film adaptation of United Airlines flight 93, which on 9/11 was hijacked, and the plane was going to be crashed into a Washington, D.C. target. But unlike the two planes that crashed into New York's World Trade Center and the one that crashed into the Pentagon, Flight 93 did not reach its intended destination when some of the passengers attacked the hijackers. The plane instead crashed in rural Pennsylvania, killing all onboard. With Opal Alladin, Erich Redman, Ben Sliney, Susan Blommaert and Peter Hermann. Directed by Paul Greengrass. [1:51]",Drama,History,"A real-time account of the events on United Flight 93, one of the planes hijacked on 9/11 that crashed near Shanksville, Pennsylvania when passengers foiled the terrorist plot.",7.119,111.0
Universal Soldier ,1992, R ,3,8,6,Jean-Claude Van Damme and Dolph Lundgren star as ultra-GI Joes who've been created from the remains of fighting men who died in skirmishes the government has covered up.,Adventure,Action,"When terrorists threaten nuclear catastrophe at Chernobyl, the world's only hope is to reactivate decommissioned Universal Soldier Luc Deveraux. Rearmed and reprogrammed, Deveraux must take on his nemesis from the original Universal Soldier and a next-generation ""UniSol"" that seems almost unstoppable.",5.6,97.0
Universal Soldier: The Return ,1999, R ,5,8,6,"A military computer (which controls previously-dead soldiers who've been transformed into almost-indestructible super-zombie-computerized warriors) blows a chip, goes amuck and threatens the world with domination. Enter Jean-Claude Van Damme who proceeds to repeatedly punch, kick and shoot the computer and his minions. With Michael Jai White, Heidi Schanz, Xander Berkeley, Justin Lazard, Kiana Tom, Daniel von Bargen, James Black, Karis Paige Bryant, Bill Goldberg, Brent Anderson, Brent Hinkley, Woody Watson, Jacqueline Klein and Maria Arita. [1:19]",Action,Science Fiction,"Luc Deveraux, the heroic former Universal Soldier, is about to be thrown into action once again. When SETH, the supercomputer-controlled ultra-warrior, decides to take revenge and destroy its creators, only Luc can stop it. All hell breaks loose as Luc battles SETH and a deadly team of perfect soldiers in a struggle that pits man against machine and good against evil.",5.96,82.0
Unknown ,2011, PG-13 ,5,7,4,"A man (Liam Neeson) suffers a head injury and awakens after a 4-day coma to realize that the life that he knew has been taken over by another man. He struggles to piece together the events leading up to the accident and to sort out his life, while it seems that he's also being followed by assassins. Also with Diane Kruger, January Jones, Aidan Quinn, Bruno Ganz and Frank Langella. Directed by Jaume Collet-Serra. [1:49]",Action,Mystery,"A man awakens from a coma, only to discover that someone has taken on his identity and that no one, (not even his wife), believes him. With the help of a young woman, he sets out to prove who he is.",6.66,113.0
Unknown White Male ,2006, PG-13 ,2,1,5,"Documentary about Doug Bruce, a man who one day woke up on Coney Island with no memory of who he was, where he was or how he got there. Ending in a psychiatric hospital, he slowly pieces his life together, but his friends and family soon realize that his personality has changed. Directed by Rupert Murray. [1:20]",,,,,
Unleashed ,2005, R ,7,9,7,"A criminal (Bob Hoskins) has made a virtual slave of another man (Jet Li) by treating him like an animal and making him wear a dog collar around his neck -- raised to be a lethal fighter he will attack relentlessly when his collar is removed. After a car accident, the fighter is befriended by a blind piano tuner (Morgan Freeman) who teaches him about the gentler side of life. Also with Kerry Condon and Vincent Regan. Directed by Louis Leterrier. [1:43]",Comedy,Crime,"In the second episode of the trilogy Fantômas kidnaps distinguished scientist professor Marchand with the aim to develop a super weapon that will enable him to menace the world. Fantômas is also planning to abduct a second scientist, professor Lefebvre.",6.77,105.0
Unsane ,2018, R ,4,7,9,"A woman (Claire Foy) inadvertently becomes committed to a mental health facility and is told that she must remain for seven days so they can monitor her behavior. Unfortunately, she finds herself facing her greatest fear while there and no one believes her when she tries to explain the situation. Also with Joshua Leonard, Sarah Stiles, Amy Irving, Jay Pharoah and Juno Temple. Directed by Steven Soderbergh. [1:37]",Horror,Thriller,A woman is involuntarily committed to a mental institution where she is confronted by her greatest fear.,6.243,98.0
Unstoppable ,2010, PG-13 ,2,6,4,"As an unmanned train barrels through small Pennsylvania towns, a longtime rail conductor (Denzel Washington) and a new employee (Chris Pine) devise a way to stop the half-mile long train before it crashes and takes out an entire city. Also with Rosario Dawson, Ethan Suplee, Kevin Dunn and Kevin Corrigan. Directed by Tony Scott. [1:38]",Crime,Action,"Dong-chul and Ji-soo are a happily married couple. One day, Dong-chul comes home to find his house in disarray and his wife missing.",7.615,115.0
Unstrung Heroes ,1995, PG ,1,2,2,"A boy goes to spend time with his eccentric uncles when his Mom's illness becomes terminal. With Andie MacDowell, John Turturro, Michael Richards and Maury Chaykin. Directed by Diane Keaton. [1:23]",Comedy,Drama,"Steven Lidz, unhappy with his home life since his mother became sick, moves in with his two eccentric uncles. As Steven grows closer to his uncles, he learns how to cope with his emotions and to value his own uniqueness.",6.0,93.0
Untamed Heart ,1993, PG-13 ,4,5,5,"Bitter-sweet story about a pretty girl (Marisa Tomei) who falls in love with a rather simple-minded man (Christian Slater) who suffers from a heart-ailment, to boot.",Comedy,Drama,"Caroline, a young waitress who seems to have bad taste in men, is on her way home one night when thugs attempt to rape her. Adam, the mysterious busboy who works at the same diner, helps fight off the assailants, and she begins a relationship with him -- but not all their fellow Minnesotans are happy for them. Meanwhile, the couple face their own difficulties when Caroline finds about Adam's past, including his unique health condition.",6.934,102.0
Untraceable ,2008, R ,4,9,5,"Diane Lane stars as an FBI CyberCrimes agent, who stumbles onto the site of a serial murderer who posts live streaming video on the Internet of the torture and murder of animals and people. Because the deaths happen faster as the number of online viewers increases, she is operating against the clock. Also with Billy Burke, Colin Hanks, Joseph Cross, Mary Beth Hurt and Peter Lewis. Directed by Gregory Hoblit. [1:40]",,,,,
Up ,2009, PG ,1,3,0,"A man, saddened by the death of his wife, decides to take the adventure they had always dreamed of together. In a rather unorthodox fashion, he attaches thousands of helium balloons to the home they shared for many years and sales away to South America. He is joined by an unexpected guest who happened to be on the front porch at the time of lift off. With the voices of Edward Asner, Jordan Nagai, Paul Eiding, Christopher Plummer and John Ratzenberger. Directed by Pete Docter and Bob Peterson. [1:44]",Animation,Comedy,"Carl Fredricksen spent his entire life dreaming of exploring the globe and experiencing life to its fullest. But at age 78, life seems to have passed him by, until a twist of fate (and a persistent 8-year old Wilderness Explorer named Russell) gives him a new lease on life.",7.944,96.0
Up at the Villa ,2000, PG-13 ,3,4,1,"Based on the novella by Somerset Maugham, a widow (Kristin Scott Thomas) in 1938 Florence is involved in a scandal while considering marriage to a wealthy politician (James Fox) and becoming involved with a married American (Sean Penn). Also with Anne Bancroft, Jeremy Davies, Derek Jacobi and Massimo Ghini. [1:55]",Drama,Romance,"Superficial people are revealed and drastically changed by circumstance or luck in this a tale of death, seduction, blackmail and theft among British and Americans in Florence in the turbulent days just before World War II.",5.3,115.0
Up Close and Personal ,1996, PG-13 ,4,3,6,Michelle Pfeiffer is a newscaster on her way up and Robert Redford is her mentor and the man who loves her.,,,,,
Upgrade ,2018, R ,2,8,6,"After an accident causes a man (Logan Marshall-Green) to become paraplegic, he is given a new lease on life by way of an untested implant that helps him control his body again. Also with Betty Gabriel, Renah Gallagher, Harrison Gilbertson, Benedict Hardie and Melanie Vallejo. Directed by Leigh Whannell. [1:35]",Action,Thriller,"A brutal mugging leaves Grey Trace paralyzed in the hospital and his beloved wife dead. A billionaire inventor soon offers Trace a cure — an artificial intelligence implant called STEM that will enhance his body. Now able to walk, Grey finds that he also has superhuman strength and agility — skills he uses to seek revenge against the thugs who destroyed his life.",7.501,100.0
Up in the Air ,2009, R ,6,2,7,"A film adaptation of Walter Kim's book ""Up in the Air,"" about a corporate downsizer (George Clooney), who constantly travels around the country from one assignment to another. He is confronted with the lack of purpose and companionship in his life when his company grounds him and he no longer has to spend 320 days a year in the air. Also with Vera Farmiga, Anna Kendrick, Zach Galifianakis, and Jason Bateman. Directed by Jason Reitman. [1:49]",Drama,Romance,"Corporate downsizing expert Ryan Bingham spends his life in planes, airports, and hotels, but just as he’s about to reach a milestone of ten million frequent flyer miles, he meets a woman who causes him to rethink his transient life.",6.8,110.0
Upside Down ,2013, PG-13 ,3,4,3,"Two teenagers living in separate universes find themselves in love, and after ten years apart, the young man (Jim Sturgess) does everything he can to be reunited with his love (Kirsten Dunst). Also with Timothy Spall. Directed by Juan Solanas. [1:40]",Fantasy,Family,"Nory and her best friend Reina enter the Sage Academy for Magical Studies, where Nory’s unconventional powers land her in a class for those with wonky, or “upside-down,” magic. Undaunted, Nory sets out to prove that that upside-down magic can be just as powerful as right-side-up.",7.2,96.0
The Upside of Anger ,2005, R ,5,6,5,"Joan Allen stars as a woman who has been abandoned by her husband and left to raise her four daughters. Kevin Costner is a neighbor and ex-baseball star turned radio personality who tries to help her through the pain by becoming her drinking buddy. Also with Mike Binder, Erika Christensen and Alicia Witt. Directed by Mike Binder. [1:58]",Comedy,Drama,"After her husband runs off with his secretary, Terry Wolfmeyer is left to fend for herself -- and her four daughters. As she hits rock bottom, Terry finds a friend and drinking buddy in next-door neighbor Denny, a former baseball player. As the two grow closer, and her daughters increasingly rely on Denny, Terry starts to have reservations about where their relationship is headed.",6.202,118.0
Uptown Girls ,2003, PG-13 ,4,4,4,"A famous rock star's freewheeling daughter (Brittany Murphy) is left with an inheritance after his death and expects to continue as the toast of the Manhattan social scene. However, when her inheritance is embezzled, she is forced to look for a job. She becomes the nanny of a neglected, precocious 8-year-old girl (Dakota Fanning) and together they learn to trust each other and have fun. Also with Heather Locklear, Jesse Spencer and Donald Faison. Directed by Boaz Yakin. [1:32]",Family,Comedy,"Molly Gunn, the freewheeling daughter of a deceased rock legend, is forced to get a job when her manager steals her money. As nanny for precocious Ray, the oft ignored daughter of a music executive she learns what it means to be an adult while teaching Ray how to be a child.",6.595,92.0
Urban Legend ,1998, R ,3,8,6,"A group of college students become victims of the creepy stories we've all been told but don't really believe. Jared Leto, Alicia Witt, Rebecca Gayheart, Natasha Wagner, Michael Rosenbaum, Loretta Devine, Joshua Jackson, Tara Reid, John Neville, Robert Englund and Julian Richings co-star. [1:39]",Horror,Thriller,A college campus is plagued by a vicious serial killer murdering students in ways that correspond to various urban legends.,5.686,100.0
Urban Legends: Final Cut ,2000, R ,7,10,8,"A college film student (Jenny Morrison) begins working on a movie about urban legends but soon finds her cast and crew are being viciously murdered … in true urban legend fashion. Also with Matthew Davis, Hart Bochner, Loretta Devine, Joseph Lawrence and Marco Hofschneider. [1:35]",Horror,Mystery,"The making of a horror movie takes on a terrifying reality for students at the most prestigious film school in the country. At Alpine University, someone is determined to win the best film award at any cost - even if it means eliminating the competition. No one is safe and everyone is a suspect.",4.845,98.0
Used People ,1993, PG-13 ,3,1,5,"Marcello Mastroianni romances Shirley MacLaine at her husbands funeral, after having carried a torch for her for a long time.",Comedy,Drama,"At her husband's funeral, Pearl, Jewish mother of two divorced and antagonistic daughters, meets an old Italian friend of her husband, whose advice years previously had stopped the husband leaving home. For 23 years he, now a widower, has secretly loved Pearl...",5.4,115.0
U.S. Marshals ,1998, PG-13 ,1,6,6,"In this sequel to ""The Fugitive"" Tommy Lee Jones is back hunting a new runaway -- Wesley Snipes.",Thriller,Crime,"U.S. Marshal Sam Gerard is accompanying a plane load of convicts from Chicago to New York. The plane crashes spectacularly, and Mark Sheridan escapes. But when Diplomatic Security Agent John Royce is assigned to help Gerard recapture Sheridan, it becomes clear that Sheridan is more than just another murderer.",6.476,131.0
The Usual Suspects ,1995, R ,2,7,9,A group of criminals gets involved in a heist gone awry.,Drama,Crime,"Held in an L.A. interrogation room, Verbal Kint attempts to convince the feds that a mythic crime lord, Keyser Soze, not only exists, but was also responsible for drawing him and his four partners into a multi-million dollar heist that ended with an explosion in San Pedro harbor – leaving few survivors. Verbal lures his interrogators with an incredible story of the crime lord's almost supernatural prowess.",8.198,106.0
U Turn ,1997, R ,7,8,8,Sean Penn is down on his luck when he gets lost in a weird Arizona town.,Mystery,Thriller,A journalist who intents to write an article on traffic rule breakers gets dragged into a whirlpool of murder cases and deception.,6.771,121.0
